ebird_species_code,japanese_name,scientific_name,priority_tier,downloaded_total,ml_available,total_with_ml,still_needed_for_50,still_needed_for_100
stepet,ヒメシロハラミズナギドリ,Pterodroma longirostris,P1,0,1,1,49,99
shtalb,アホウドリ,Phoebastria albatrus,P1,0,3,3,47,97
solpet1,ハジロミズナギドリ,Pterodroma solandri,P1,2,1,3,47,97
whwsco1,ビロードキンクロ,Melanitta stejnegeri,P1,3,1,4,46,96
horpuf,ツノメドリ,Fratercula corniculata,P1,1,3,4,46,96
sibnee1,クロビタイハリオアマツバメ,Hirundapus cochinchinensis,P1,1,4,5,45,95
amawoo1,アマミヤマシギ,Scolopax mira,P1,2,3,5,45,95
dalpel1,ハイイロペリカン,Pelecanus crispus,P1,2,3,5,45,95
piehar1,マダラチュウヒ,Circus melanoleucos,P1,1,4,5,45,95
bugnod,ハイイロアジサシ,Anous ceruleus,P1,2,4,6,44,94
japmur1,カンムリウミスズメ,Synthliboramphus wumizusume,P1,1,5,6,44,94
lesfri,コグンカンドリ,Fregata ariel,P1,0,6,6,44,94
tufpuf,エトピリカ,Fratercula cirrhata,P1,0,7,7,43,93
gybter1,ナンヨウマミジロアジサシ,Onychoprion lunatus,P1,2,6,8,42,92
oristo1,コウノトリ,Ciconia boyciana,P1,4,4,8,42,92
janher1,ミゾゴイ,Gorsachius goisagi,P1,5,3,8,42,92
spbpel1,ホシバシペリカン,Pelecanus philippensis,P1,4,4,8,42,92
towshe2,ハワイセグロミズナギドリ,Puffinus newelli,P1,0,9,9,41,91
swspet,ヒメクロウミツバメ,Hydrobates monorhis,P1,7,3,10,40,90
kerpet,カワリシロハラミズナギドリ,Pterodroma neglecta,P1,4,6,10,40,90
chrshe,コミズナギドリ,Puffinus nativitatis,P1,8,2,10,40,90
grebus1,ノガン,Otis tarda,P1,8,3,11,39,89
jufpet,オオシロハラミズナギドリ,Pterodroma externa,P1,2,9,11,39,89
bulshe,ミナミオナガミズナギドリ,Ardenna bulleri,P1,4,7,11,39,89
whwsco2,アメリカビロードキンクロ,Melanitta deglandi,P1,1,11,12,38,88
ftspet,ハイイロウミツバメ,Hydrobates furcatus,P1,3,9,12,38,88
steeid,コケワタガモ,Polysticta stelleri,P1,5,8,13,37,87
norgre1,カラフトアオアシシギ,Tringa guttifer,P1,6,7,13,37,87
ivogul,ゾウゲカモメ,Pagophila eburnea,P1,9,4,13,37,87
chiegr,カラシラサギ,Egretta eulophotes,P1,0,13,13,37,87
uplbuz1,オオノスリ,Buteo hemilasius,P1,4,9,13,37,87
vartit2,オリイヤマガラ,Sittiparus olivaceus,P1,2,11,13,37,87
baitea,トモエガモ,Sibirionetta formosa,P1,8,6,14,36,86
copphe1,ヤマドリ,Syrmaticus soemmerringii,P1,6,8,14,36,86
solsni1,アオシギ,Gallinago solitaria,P1,9,5,14,36,86
pacreh1,クロサギ,Egretta sacra,P1,7,7,14,36,86
strshe,オオミズナギドリ,Calonectris leucomelas,P1,2,13,15,35,85
bonhon1,メグロ,Apalopteron familiare,P1,2,13,15,35,85
motpet,マダラシロハラミズナギドリ,Pterodroma inexpectata,P1,1,15,16,34,84
easmah1,チュウヒ,Circus spilonotus,P1,4,12,16,34,84
trspet,オーストンウミツバメ,Hydrobates tristrami,P1,1,16,17,33,83
cinvul1,クロハゲワシ,Aegypius monachus,P1,12,5,17,33,83
phiduc1,アカノドカルガモ,Anas luzonica,P1,4,14,18,32,82
asidow1,シベリアオオハシシギ,Limnodromus semipalmatus,P1,8,10,18,32,82
rhiauk,ウトウ,Cerorhinca monocerata,P1,2,16,18,32,82
bulpet,アナドリ,Bulweria bulwerii,P1,9,9,18,32,82
eapwhy1,ホウオウジャク,Vidua paradisaea,P1,6,12,18,32,82
falduc,ヨシガモ,Mareca falcata,P1,15,5,20,30,80
relgul2,ゴビズキンカモメ,Ichthyaetus relictus,P1,8,12,20,30,80
schbit1,オオヨシゴイ,Ixobrychus eurhythmus,P1,14,6,20,30,80
swirai1,シマクイナ,Coturnicops exquisitus,P1,16,5,21,29,79
whtnee,ハリオアマツバメ,Hirundapus caudacutus,P1,8,15,23,27,77
oriplo1,オオチドリ,Charadrius veredus,P1,19,5,24,26,76
grekno,オバシギ,Calidris tenuirostris,P1,4,21,25,25,75
refcor,チシマウガラス,Urile urile,P1,8,17,25,25,75
blfspo1,クロツラヘラサギ,Platalea minor,P1,1,24,25,25,75
blhibi1,クロトキ,Threskiornis melanocephalus,P1,6,20,26,24,74
chebun1,シマノジコ,Emberiza rutila,P1,2,24,26,24,74
dausta1,シベリアムクドリ,Agropsar sturninus,P1,21,6,27,23,73
relkit,アカアシミツユビカモメ,Rissa brevirostris,P1,6,22,28,22,72
creauk,エトロフウミスズメ,Aethia cristatella,P1,4,24,28,22,72
bubsan,コモンシギ,Calidris subruficollis,P1,12,19,31,19,69
bkwpet,ハグロシロハラミズナギドリ,Pterodroma nigripennis,P1,10,21,31,19,69
grwpel1,モモイロペリカン,Pelecanus onocrotalus,P1,16,16,32,18,68
palros2,オオマシコ,Carpodacus roseus,P1,10,22,32,18,68
moulau1,ヒゲガビチョウ,Ianthocincla cineracea,P1,1,31,32,18,68
spbsan1,ヘラシギ,Calidris pygmaea,P1,10,23,33,17,67
doveki,ヒメウミスズメ,Alle alle,P1,22,11,33,17,67
blfowl1,シマフクロウ,Ketupa blakistoni,P1,0,33,33,17,67
japacc1,カヤクグリ,Prunella rubida,P1,6,27,33,17,67
barpet,クロコシジロウミツバメ,Hydrobates castro,P1,16,19,35,15,65
asrfin1,ハギマシコ,Leucosticte arctoa,P1,14,21,35,15,65
saugul2,ズグロカモメ,Saundersilarus saundersi,P1,6,30,36,14,64
blasto1,ナベコウ,Ciconia nigra,P1,32,4,36,14,64
chcsta1,コムクドリ,Agropsar philippensis,P1,7,29,36,14,64
pelcor,ヒメウ,Urile pelagicus,P1,6,31,37,13,63
impeag1,カタシロワシ,Aquila heliaca,P1,17,20,37,13,63
chgshr1,オオカラモズ,Lanius sphenocercus,P1,10,28,38,12,62
gyrfal,シロハヤブサ,Falco rusticolus,P1,19,20,39,11,61
whhmun1,ヘキチョウ,Lonchura maja,P1,18,21,39,11,61
rosgul,ヒメクビワカモメ,Rhodostethia rosea,P1,25,15,40,10,60
stseag,オオワシ,Haliaeetus pelagicus,P1,12,29,41,9,59
thbmur,ハシブトウミガラス,Uria lomvia,P1,18,24,42,8,58
crekin1,ヤマセミ,Megaceryle lugubris,P1,17,27,44,6,56
rubred2,セアカジョウビタキ,Phoenicurus erythronotus,P1,15,29,44,6,56
kineid,ケワタガモ,Somateria spectabilis,P1,19,26,45,5,55
plamar1,タイワンショウドウツバメ,Riparia paludicola,P1,27,18,45,5,55
sopsku1,オオトウゾクカモメ,Stercorarius maccormicki,P1,17,30,47,3,53
integr1,チュウサギ,Ardea intermedia,P1,10,37,47,3,53
brbfly2,チャムネサメビタキ,Muscicapa muttui,P1,3,44,47,3,53
casauk,アメリカウミスズメ,Ptychoramphus aleuticus,P1,19,29,48,2,52
litcur,コシャクシギ,Numenius minutus,P1,10,39,49,1,51
parauk,ウミオウム,Aethia psittacula,P1,9,40,49,1,51
hawpet1,ハワイシロハラミズナギドリ,Pterodroma sandwichensis,P1,9,40,49,1,51
yebloo,ハシジロアビ,Gavia adamsii,P1,18,32,50,0,50
bonpet,シロハラミズナギドリ,Pterodroma hypoleuca,P1,36,14,50,0,50
japspa1,ツミ,Accipiter gularis,P1,22,28,50,0,50
gysfly1,エゾビタキ,Muscicapa griseisticta,P1,12,38,50,0,50
monlar1,コウテンシ,Melanocorypha mongolica,P1,0,51,51,0,49
wispet,アシナガウミツバメ,Oceanites oceanicus,P1,25,27,52,0,48
sibacc,ヤマヒバリ,Prunella montanella,P1,27,25,52,0,48
ruff,エリマキシギ,Calidris pugnax,P1,46,7,53,0,47
scathr8,ミナミトラツグミ,Zoothera dauma,P1,10,43,53,0,47
combuz6,ノスリ,Buteo japonicus,P1,18,38,56,0,44
ferduc,メジロガモ,Aythya nyroca,P1,27,30,57,0,43
slbgul,オオセグロカモメ,Larus schistisagus,P1,31,27,58,0,42
izuthr1,アカコッコ,Turdus celaenops,P1,21,37,58,0,42
babcra1,コウライクイナ,Zapornia paykullii,P1,37,22,59,0,41
dusthr1,ハチジョウツグミ,Turdus naumanni,P1,26,33,59,0,41
narfly3,リュウキュウキビタキ,Ficedula owstoni,P1,25,34,59,0,41
pomjae,トウゾクカモメ,Stercorarius pomarinus,P1,7,53,60,0,40
ancmur,ウミスズメ,Synthliboramphus antiquus,P1,4,56,60,0,40
grybun,クロジ,Emberiza variabilis,P1,16,44,60,0,40
lotsti,ヒバリシギ,Calidris subminuta,P1,28,33,61,0,39
leaauk,コウミスズメ,Aethia pusilla,P1,11,51,62,0,38
jawpig1,カラスバト,Columba janthina,P1,24,39,63,0,37
chpher1,アカガシラサギ,Ardeola bacchus,P1,28,35,63,0,37
grfhaw1,アカハラダカ,Accipiter soloensis,P1,23,40,63,0,37
daujac1,コクマルガラス,Corvus dauuricus,P1,28,35,63,0,37
tigshr1,チゴモズ,Lanius tigrinus,P1,36,28,64,0,36
bkrwax,カエデチョウ,Estrilda troglodytes,P1,32,32,64,0,36
nohcuc1,ジュウイチ,Hierococcyx hyperythrus,P1,21,44,65,0,35
hoocra1,ナベヅル,Grus monacha,P1,34,31,65,0,35
brnboo,カツオドリ,Sula leucogaster,P1,28,37,65,0,35
sooshe,ハイイロミズナギドリ,Ardenna grisea,P1,25,41,66,0,34
creibi1,トキ,Nipponia nippon,P1,30,36,66,0,34
snoowl1,シロフクロウ,Bubo scandiacus,P1,26,40,66,0,34
wtrthr1,ヒメイソヒヨ,Monticola gularis,P1,32,34,66,0,34
whncra1,マナヅル,Antigone vipio,P1,37,30,67,0,33
okiwoo1,ノグチゲラ,Dendrocopos noguchii,P1,34,33,67,0,33
whssta2,カラムクドリ,Sturnia sinensis,P1,19,48,67,0,33
bnhgul1,チャガシラカモメ,Chroicocephalus brunnicephalus,P1,15,53,68,0,32
dasfly,サメビタキ,Muscicapa sibirica,P1,34,34,68,0,32
sibcra1,ソデグロヅル,Leucogeranus leucogeranus,P1,39,30,69,0,31
grefri,オオグンカンドリ,Fregata minor,P1,44,25,69,0,31
runher1,ハシブトゴイ,Nycticorax caledonicus,P1,21,48,69,0,31
blabit1,タカサゴクロサギ,Ixobrychus flavicollis,P1,12,59,71,0,29
sibthr1,マミジロ,Geokichla sibirica,P1,38,33,71,0,29
canvas,オオホシハジロ,Aythya valisineria,P1,6,66,72,0,28
gresca,スズガモ,Aythya marila,P1,21,52,73,0,27
pifshe,シロハラアカアシミズナギドリ,Ardenna creatopus,P1,24,49,73,0,27
bkbkin1,ミツユビカワセミ,Ceyx erithaca,P1,35,38,73,0,27
sabgul,クビワカモメ,Xema sabini,P1,27,47,74,0,26
lidjay1,ルリカケス,Garrulus lidthi,P1,38,36,74,0,26
gyfbuz1,サシバ,Butastur indicus,P1,19,57,76,0,24
shtshe,ハシボソミズナギドリ,Ardenna tenuirostris,P1,12,66,78,0,22
ryurob3,ホントウアカヒゲ,Larvivora namiyei,P1,34,44,78,0,22
lesmaw1,メンハタオリドリ,Ploceus intermedius,P1,45,34,79,0,21
copgoo1,ナンキンオシ,Nettapus coromandelianus,P1,19,62,81,0,19
lobplo1,イカルチドリ,Charadrius placidus,P1,18,64,82,0,18
amufal1,アカアシチョウゲンボウ,Falco amurensis,P1,28,55,83,0,17
eurdot,コバシチドリ,Eudromias morinellus,P1,4,82,86,0,14
pecpip,セジロタヒバリ,Anthus gustavi,P1,39,47,86,0,14
banmyn1,ハイイロハッカ,Acridotheres ginginianus,P1,16,70,86,0,14
bcfdov1,クロアゴヒメアオバト,Ptilinopus leclancheri,P1,18,69,87,0,13
shtsan,ウズラシギ,Calidris acuminata,P1,12,75,87,0,13
ijlwar1,イイジマムシクイ,Phylloscopus ijimae,P1,37,50,87,0,13
whgpig1,ズアカアオバト,Treron formosae,P1,11,77,88,0,12
whttro,シラオネッタイチョウ,Phaethon lepturus,P1,31,59,90,0,10
masboo,アオツラカツオドリ,Sula dactylatra,P1,34,56,90,0,10
demcra1,アネハヅル,Anthropoides virgo,P1,7,84,91,0,9
bkfalb,クロアシアホウドリ,Phoebastria nigripes,P1,22,69,91,0,9
blnter1,エリグロアジサシ,Sterna sumatrana,P1,30,62,92,0,8
japwax1,ヒレンジャク,Bombycilla japonica,P1,14,78,92,0,8
pacloo,シロエリオオハム,Gavia pacifica,P1,22,71,93,0,7
plewar1,ウチヤマセンニュウ,Locustella pleskei,P1,47,46,93,0,7
aleter1,コシジロアジサシ,Onychoprion aleuticus,P1,30,64,94,0,6
sakwar1,エゾセンニュウ,Locustella amnicola,P1,45,51,96,0,4
yelbun1,ノジコ,Emberiza sulphurata,P1,17,79,96,0,4
rocsan,チシマシギ,Calidris ptilocnemis,P1,30,68,98,0,2
blckin1,ヤマショウビン,Halcyon pileata,P1,38,60,98,0,2
lessca,コスズガモ,Aythya affinis,P1,15,84,99,0,1
flfshe,アカアシミズナギドリ,Ardenna carneipes,P1,18,82,100,0,0
ryumin1,リュウキュウサンショウクイ,Pericrocotus tegimae,P1,22,78,100,0,0
okirai1,ヤンバルクイナ,Hypotaenidia okinawae,P1,38,64,102,0,0
rensti,トウネン,Calidris ruficollis,P1,40,62,102,0,0
mouhae1,クマタカ,Nisaetus nipalensis,P1,21,83,104,0,0
blknod,ヒメクロアジサシ,Anous minutus,P1,31,74,105,0,0
japwoo1,アオゲラ,Picus awokera,P1,26,81,107,0,0
rubwoo1,チャバラアカゲラ,Dendrocopos hyperythrus,P1,46,62,108,0,0
ryurob2,アカヒゲ,Larvivora komadori,P1,41,67,108,0,0
bncrai1,クイナ,Rallus indicus,P1,43,67,110,0,0
whiauk,シラヒゲウミスズメ,Aethia pygmaea,P1,1,109,110,0,0
rospip1,ウスベニタヒバリ,Anthus roseatus,P1,44,67,111,0,0
sursco,アラナミキンクロ,Melanitta perspicillata,P1,40,72,112,0,0
rinphe2,キジ,Phasianus versicolor,P1,20,94,114,0,0
rolhaw,ケアシノスリ,Buteo lagopus,P1,46,68,114,0,0
yebbun,シマアオジ,Emberiza aureola,P1,28,87,115,0,0
japwag1,セグロセキレイ,Motacilla grandis,P1,19,97,116,0,0
faecur,ホウロクシギ,Numenius madagascariensis,P1,34,87,121,0,0
latsni1,オオジシギ,Gallinago hardwickii,P1,38,84,122,0,0
manrew1,マンシュウイナダヨシキリ,Acrocephalus tangorum,P1,36,89,125,0,0
arcwar3,メボソムシクイ,Phylloscopus xanthodryas,P1,27,100,127,0,0
y00478,アイスランドカモメ,Larus glaucoides,P1,26,102,128,0,0
brodip1,カワガラス,Cinclus pallasii,P1,39,89,128,0,0
migwar,シマセンニュウ,Locustella ochotensis,P1,44,86,130,0,0
brnnod,クロアジサシ,Anous stolidus,P1,42,89,131,0,0
harduc,シノリガモ,Histrionicus histrionicus,P1,35,98,133,0,0
cinbit1,リュウキュウヨシゴイ,Ixobrychus cinnamomeus,P1,22,111,133,0,0
japgro1,イカル,Eophona personata,P1,13,126,139,0,0
orcwax,ホオアカカエデチョウ,Estrilda melpoda,P1,20,120,140,0,0
ferfly1,ミヤマヒタキ,Muscicapa ferruginea,P1,42,99,141,0,0
chemun,キンパラ,Lonchura atricapilla,P1,32,117,149,0,0
rettro,アカオネッタイチョウ,Phaethon rubricauda,P1,48,107,155,0,0
trimun,ギンパラ,Lonchura malacca,P1,6,156,162,0,0
whbpig1,アオバト,Treron sieboldii,P1,35,133,168,0,0
bkfbun2,アオジ,Emberiza personata,P1,8,167,175,0,0
wilpha,アメリカヒレアシシギ,Phalaropus tricolor,P1,34,144,178,0,0
hudgod,アメリカオグロシギ,Limosa haemastica,P1,36,143,179,0,0
wantat1,メリケンキアシシギ,Tringa incana,P1,25,157,182,0,0
brhthr1,アカハラ,Turdus chrysolaus,P1,49,133,182,0,0
redhea,アメリカホシハジロ,Aythya americana,P1,42,150,192,0,0
stisan,アシナガシギ,Calidris himantopus,P1,45,151,196,0,0
yebgro1,コイカル,Eophona migratoria,P1,22,194,216,0,0
grpsni1,タマシギ,Rostratula benghalensis,P1,20,207,227,0,0
barbut1,ミフウズラ,Turnix suscitator,P1,28,201,229,0,0
spbduc,カルガモ,Anas zonorhyncha,P1,43,202,245,0,0
lcspet,コシジロウミツバメ,Hydrobates leucorhous,P1,36,217,253,0,0
sooter1,セグロアジサシ,Onychoprion fuscatus,P1,49,209,258,0,0
piggui,ウミバト,Cepphus columba,P1,43,218,261,0,0
phtjac1,レンカク,Hydrophasianus chirurgus,P1,48,218,266,0,0
recdov1,ベニバト,Streptopelia tranquebarica,P1,44,234,278,0,0
javspa,ブンチョウ,Padda oryzivora,P1,8,277,285,0,0
whvmyn,ジャワハッカ,Acridotheres javanicus,P1,42,250,292,0,0
buffle,ヒメハジロ,Bucephala albeola,P1,30,264,294,0,0
waterc1,ツルクイナ,Gallicrex cinerea,P1,41,316,357,0,0
orhthr1,オレンジジツグミ,Geokichla citrina,P1,8,886,894,0,0
lotshr1,タカサゴモズ,Lanius schach,P1,40,1284,1324,0,0
palsan1,サケイ,Syrrhaptes paradoxus,P2,59,17,76,0,24
jasowl1,オオコノハズク,Otus semitorques,P2,51,28,79,0,21
gbhgul2,オオズグロカモメ,Ichthyaetus ichthyaetus,P2,64,24,88,0,12
pacswa5,リュウキュウツバメ,Hirundo tahitica,P2,88,1,89,0,11
grseag1,カラフトワシ,Clanga clanga,P2,57,34,91,0,9
veggul1,セグロカモメ,Larus vegae,P2,77,17,94,0,6
stonec7,ノビタキ,Saxicola stejnegeri,P2,57,45,102,0,0
ocrbun1,コジュリン,Emberiza yessoensis,P2,61,41,102,0,0
bktgul,ウミネコ,Larus crassirostris,P2,50,57,107,0,0
lecter2,ベンガルアジサシ,Thalasseus bengalensis,P2,51,56,107,0,0
fotswi,アマツバメ,Apus pacificus,P2,59,52,111,0,0
norhar1,ハイイロチュウヒ,Circus cyaneus,P2,92,19,111,0,0
bimlar1,クビワコウテンシ,Melanocorypha bimaculata,P2,63,48,111,0,0
japqua,ウズラ,Coturnix japonica,P2,61,53,114,0,0
reccra1,タンチョウ,Grus japonensis,P2,55,62,117,0,0
briter1,マミジロアジサシ,Onychoprion anaethetus,P2,52,72,124,0,0
swisni1,チュウジシギ,Gallinago megala,P2,62,64,126,0,0
mugfly,ムギマキ,Ficedula mugimaki,P2,82,45,127,0,0
rebsta1,ギンムクドリ,Spodiopsar sericeus,P2,54,77,131,0,0
gyhbun1,イワバホオジロ,Emberiza buchanani,P2,57,75,132,0,0
recpoc,アカハシハジロ,Netta rufina,P2,81,52,133,0,0
brbsan,キリアイ,Calidris falcinellus,P2,95,41,136,0,0
eurspo1,ヘラサギ,Platalea leucorodia,P2,83,53,136,0,0
chebun2,ホオアカ,Emberiza fucata,P2,63,74,137,0,0
datthr1,ノドグロツグミ,Turdus atrogularis,P2,77,64,141,0,0
piewhe1,セグロサバクヒタキ,Oenanthe pleschanka,P2,96,45,141,0,0
budger,セキセイインコ,Melopsittacus undulatus,P2,59,86,145,0,0
margra1,オオセッカ,Locustella pryeri,P2,62,84,146,0,0
yebbun1,キマユホオジロ,Emberiza chrysophrys,P2,92,57,149,0,0
brtcur,ハリモモチュウシャク,Numenius tahitiensis,P2,50,100,150,0,0
chptit1,ツリスガラ,Remiz consobrinus,P2,67,83,150,0,0
redbis,オオキンランチョウ,Euplectes orix,P2,68,84,152,0,0
tribun1,シロハラホオジロ,Emberiza tristrami,P2,78,79,157,0,0
cfweye1,チョウセンメジロ,Zosterops erythropleurus,P2,77,82,159,0,0
gyhlap1,ケリ,Vanellus cinereus,P2,52,115,167,0,0
deswhe1,サバクヒタキ,Oenanthe deserti,P2,88,79,167,0,0
parjae,クロトウゾクカモメ,Stercorarius parasiticus,P2,94,74,168,0,0
glagul,シロカモメ,Larus hyperboreus,P2,54,115,169,0,0
wetshe,オナガミズナギドリ,Ardenna pacifica,P2,67,111,178,0,0
refboo,アカアシカツオドリ,Sula sula,P2,69,110,179,0,0
grsplo,オオメダイチドリ,Charadrius leschenaultii,P2,76,105,181,0,0
rehbun1,チャキンチョウ,Emberiza bruniceps,P2,79,102,181,0,0
japrob2,コマドリ,Larvivora akahige,P2,60,125,185,0,0
pitsni,ハリオシギ,Gallinago stenura,P2,76,113,189,0,0
japfly1,サンコウチョウ,Terpsiphone atrocaudata,P2,60,129,189,0,0
rebmer,ウミアイサ,Mergus serrator,P2,98,104,202,0,0
bkwcus1,アサクラサンショウクイ,Lalage melaschistos,P2,60,148,208,0,0
buhshr1,モズ,Lanius bucephalus,P2,78,133,211,0,0
pygwoo1,コゲラ,Yungipicus kizuki,P2,81,136,217,0,0
japthr1,クロツグミ,Turdus cardis,P2,89,133,222,0,0
ashmar1,イワツバメ,Delichon dasypus,P2,59,165,224,0,0
forwag1,イワミセキレイ,Dendronanthus indicus,P2,75,166,241,0,0
oripra,ツバメチドリ,Glareola maldivarum,P2,64,183,247,0,0
yelbit,ヨシゴイ,Ixobrychus sinensis,P2,55,194,249,0,0
slbrai1,ミナミクイナ,Lewinia striata,P2,58,201,259,0,0
whbcra1,マミジロクイナ,Poliolimnas cinereus,P2,84,176,260,0,0
houswi1,ヒメアマツバメ,Apus nipalensis,P2,81,192,273,0,0
gyttat1,キアシシギ,Tringa brevipes,P2,76,199,275,0,0
whbwoo4,モリツバメ,Artamus leucorynchus,P2,73,202,275,0,0
blkswa,コクチョウ,Cygnus atratus,P2,89,191,280,0,0
ashmin1,サンショウクイ,Pericrocotus divaricatus,P2,93,210,303,0,0
faipit1,ヤイロチョウ,Pitta nympha,P2,84,235,319,0,0
sllcra1,オオクイナ,Rallina eurizonoides,P2,55,267,322,0,0
plured1,カワビタキ,Phoenicurus fuliginosus,P2,91,240,331,0,0
grybus1,ヤマザキヒタキ,Saxicola ferreus,P2,93,266,359,0,0
grcter1,オオアジサシ,Thalasseus bergii,P2,97,268,365,0,0
whrsan,コシジロウズラシギ,Calidris fuscicollis,P2,72,313,385,0,0
blksco2,クロガモ,Melanitta americana,P2,94,292,386,0,0
arcwar2,オオムシクイ,Phylloscopus examinandus,P2,91,305,396,0,0
whrmun,コシジロキンパラ,Lonchura striata,P2,94,337,431,0,0
wessan,ヒメハマシギ,Calidris mauri,P2,61,441,502,0,0
rinduc,クビワキンクロ,Aythya collaris,P2,91,425,516,0,0
rubcra1,ヒクイナ,Zapornia fusca,P2,70,468,538,0,0
hoomer,オウギアイサ,Lophodytes cucullatus,P2,67,539,606,0,0
norhar2,アメリカハイイロチュウヒ,Circus hudsonius,P2,84,706,790,0,0
redava,ベニスズメ,Amandava amandava,P2,99,703,802,0,0
