species_code,recording_id,safe_id,onset,offset,freq_min,freq_max,power,cluster_id,method
azwmag2,xc:1058393,xc_1058393,6.688,7.2533,1968.8,10593.8,55.45207214355469,0,bambird
azwmag2,xc:1058393,xc_1058393,6.3893,6.8053,2250.0,10640.6,46.64699935913086,0,bambird
azwmag2,xc:1058393,xc_1058393,1.8027,1.888,10500.0,11203.1,35.916378021240234,0,bambird
azwmag2,xc:1058393,xc_1058393,4.9813,5.6853,1781.2,10687.5,35.74345779418945,0,bambird
azwmag2,xc:906845,xc_906845,0.0107,2.272,46.9,22218.8,32.12119674682617,0,bambird
azwmag2,xc:1058393,xc_1058393,10.1867,10.9653,8343.8,16640.6,30.64830780029297,0,bambird
azwmag2,xc:766304,xc_766304,8.9387,9.2053,17203.1,20859.4,24.749099731445312,0,bambird
azwmag2,xc:766304,xc_766304,9.0667,9.4827,14812.5,16031.2,23.22425079345703,0,bambird
azwmag2,xc:766304,xc_766304,32.8747,33.4507,20906.2,23953.1,23.06539535522461,0,bambird
azwmag2,xc:766304,xc_766304,9.0667,9.312,11953.1,14296.9,22.143882751464844,0,bambird
azwmag2,xc:906845,xc_906845,7.8613,8.288,46.9,8062.5,22.031620025634766,0,bambird
azwmag2,xc:766304,xc_766304,33.2373,33.4507,20343.8,22171.9,21.817150115966797,0,bambird
azwmag2,xc:906845,xc_906845,2.784,4.9067,19171.9,23953.1,19.906641006469727,0,bambird
azwmag2,xc:906845,xc_906845,13.952,15.0827,46.9,21984.4,11.73768424987793,0,bambird
azwmag2,xc:906845,xc_906845,8.8107,9.0667,22171.9,22875.0,11.418279647827148,0,bambird
azwmag2,xc:729860,xc_729860,6.848,8.2667,46.9,3843.8,9.53335952758789,0,bambird
barswa,xc:578054,xc_578054,10.688,15.712,46.9,8625.0,967.379150390625,0,bambird
barswa,xc:677842,xc_677842,15.36,15.836,20198.1,22006.9,707.2059326171875,0,bambird
barswa,xc:123035,xc_123035,168.0544,170.4112,43.1,8828.6,496.179931640625,0,bambird
barswa,xc:669362,xc_669362,5.376,6.944,46.9,6000.0,432.427978515625,0,bambird
barswa,xc:669362,xc_669362,7.2,8.2133,46.9,4687.5,365.01922607421875,0,bambird
barswa,xc:677842,xc_677842,5.2477,5.8863,7321.3,22006.9,354.12060546875,0,bambird
barswa,xc:578054,xc_578054,12.2773,16.6187,4875.0,23953.1,317.83087158203125,0,bambird
barswa,xc:142731,xc_142731,25.8206,26.2153,2196.4,4005.2,310.6251525878906,0,bambird
barswa,xc:142731,xc_142731,1.2655,1.6602,2196.4,4048.2,301.22186279296875,0,bambird
barswa,xc:669362,xc_669362,9.504,11.4773,46.9,23953.1,267.59149169921875,0,bambird
barswa,xc:578054,xc_578054,10.0693,10.7413,5625.0,8953.1,266.98681640625,0,bambird
barswa,xc:669362,xc_669362,8.256,9.4613,3984.4,23953.1,260.45098876953125,0,bambird
barswa,xc:677842,xc_677842,15.9985,16.2888,215.3,1550.4,253.71238708496094,0,bambird
barswa,xc:142731,xc_142731,26.819,27.1557,1938.0,3962.1,241.18280029296875,0,bambird
barswa,xc:123035,xc_123035,12.0512,13.6301,7708.9,18260.2,227.2218017578125,0,bambird
barswa,xc:669362,xc_669362,4.192,5.3547,3890.6,23953.1,226.284912109375,0,bambird
barswa,xc:123035,xc_123035,8.4637,8.8468,16106.8,18906.2,223.74432373046875,0,bambird
barswa,xc:578054,xc_578054,10.4,11.0827,9046.9,23953.1,211.77972412109375,0,bambird
barswa,xc:123035,xc_123035,146.6921,149.9312,10766.6,19035.4,210.45289611816406,0,bambird
barswa,xc:677842,xc_677842,14.8492,15.302,14211.9,22006.9,204.53396606445312,0,bambird
barswa,xc:123035,xc_123035,23.3593,23.6844,16063.8,18863.1,197.43405151367188,0,bambird
barswa,xc:677842,xc_677842,15.4413,15.6967,9689.9,20025.9,187.5047149658203,0,bambird
barswa,xc:142731,xc_142731,14.9885,15.627,1765.7,4263.6,187.37893676757812,0,bambird
barswa,xc:206071,xc_206071,6.8267,8.672,21515.6,23296.9,181.87794494628906,0,bambird
barswa,xc:578054,xc_578054,11.232,11.488,9187.5,9750.0,174.16265869140625,0,bambird
barswa,xc:142731,xc_142731,2.322,2.589,2325.6,4091.3,155.3262939453125,0,bambird
bkfbun2,ml:643676710,ml_643676710,27.104,31.3067,46.9,1734.4,941.5822143554688,0,bambird
bkfbun2,ml:643676710,ml_643676710,24.416,27.0613,46.9,3375.0,866.903564453125,0,bambird
bkfbun2,ml:618704340,ml_618704340,4.7485,5.2825,3230.0,6460.0,538.9268798828125,0,bambird
bkfbun2,ml:643676710,ml_643676710,115.8187,121.44,46.9,23953.1,347.6678161621094,0,bambird
bkfbun2,ml:643676710,ml_643676710,25.9947,27.2213,1781.2,7453.1,326.3734130859375,0,bambird
bkfbun2,ml:618704340,ml_618704340,4.1912,4.5627,3703.7,4823.4,311.01690673828125,0,bambird
bkfbun2,ml:643676710,ml_643676710,24.832,25.2267,8718.8,12000.0,299.3988037109375,0,bambird
bkfbun2,ml:618704340,ml_618704340,4.2725,4.5627,5641.7,6847.6,263.06146240234375,0,bambird
bkfbun2,ml:618704340,ml_618704340,3.6107,4.0751,4909.6,6976.8,255.23297119140625,0,bambird
bkfbun2,ml:618704340,ml_618704340,5.1897,5.3754,5857.0,6201.6,173.10662841796875,0,bambird
bkfbun2,ml:644010084,ml_644010084,0.0107,8.384,46.9,23953.1,146.56179809570312,0,bambird
bkfbun2,ml:640988362,ml_640988362,0.0107,0.9173,11250.0,23953.1,100.53573608398438,0,bambird
bkfbun2,ml:634320120,ml_634320120,26.4,27.5413,7921.9,23953.1,98.71641540527344,0,bambird
bkhgul,xc:984595,xc_984595,0.0116,9.1487,43.1,22006.9,4685.7353515625,0,bambird
bkhgul,xc:854813,xc_854813,5.6853,9.8773,46.9,23953.1,4275.25244140625,0,bambird
bkhgul,xc:441030,xc_441030,678.1156,682.2951,14685.6,16968.2,4172.2548828125,0,bambird
bkhgul,xc:655838,xc_655838,23.3709,29.3268,43.1,22006.9,4080.096435546875,0,bambird
bkhgul,xc:854813,xc_854813,9.4187,13.7173,46.9,23953.1,3923.947265625,0,bambird
bkhgul,xc:854813,xc_854813,17.0133,21.088,1359.4,23953.1,3847.878173828125,0,bambird
bkhgul,xc:735929,xc_735929,10.1867,10.9867,16078.1,23953.1,3525.99462890625,0,bambird
bkhgul,xc:854813,xc_854813,2.5067,5.888,46.9,23953.1,3195.09326171875,0,bambird
bkhgul,xc:735929,xc_735929,9.568,10.3467,15984.4,19078.1,2871.251708984375,0,bambird
bkhgul,xc:735929,xc_735929,9.5787,10.3467,19218.8,23437.5,2868.01171875,0,bambird
bkhgul,xc:441030,xc_441030,580.4873,582.5654,15719.2,18561.6,2626.826904296875,0,bambird
bkhgul,xc:735929,xc_735929,15.8827,16.32,17859.4,18234.4,2604.857421875,0,bambird
bkhgul,xc:441030,xc_441030,655.7083,665.4955,43.1,17140.4,2589.83935546875,0,bambird
bkhgul,xc:94182,xc_94182,0.0213,9.3227,46.9,23953.1,2530.50439453125,0,bambird
bkhgul,xc:854813,xc_854813,14.4107,17.184,46.9,5671.9,2462.900390625,0,bambird
bkhgul,xc:441030,xc_441030,580.7427,582.043,14901.0,15547.0,2370.27734375,0,bambird
bkhgul,xc:441030,xc_441030,616.9426,622.1903,17140.4,21404.0,2344.786865234375,0,bambird
bkhgul,xc:655838,xc_655838,6.6873,10.2632,43.1,22006.9,2340.123046875,0,bambird
bkhgul,xc:735929,xc_735929,3.7973,4.1067,3703.1,5859.4,1816.579345703125,0,bambird
bkhgul,xc:655838,xc_655838,10.3097,11.9699,2885.4,9862.2,1425.9190673828125,0,bambird
bkhgul,xc:655838,xc_655838,4.0054,6.7802,3057.7,21920.8,1237.435791015625,0,bambird
bktgul,xc:344913,xc_344913,6.548,10.9714,43.1,22006.9,966.582763671875,0,bambird
bktgul,xc:344913,xc_344913,0.4296,5.8979,43.1,22006.9,720.887451171875,0,bambird
bktgul,xc:344913,xc_344913,6.6177,7.0589,43.1,1550.4,318.743896484375,0,bambird
bktgul,xc:344913,xc_344913,6.5596,6.7338,2842.4,3273.0,202.67123413085938,0,bambird
bktgul,xc:344913,xc_344913,8.5682,9.3925,19638.3,22006.9,199.5714874267578,0,bambird
bktgul,xc:787497,xc_787497,3.2276,3.4598,2627.1,2842.4,142.8037109375,0,bambird
bktgul,xc:344933,xc_344933,34.2262,34.888,20844.1,22006.9,126.87864685058594,0,bambird
bktgul,xc:344932,xc_344932,10.0426,10.6347,21059.5,22006.9,126.72596740722656,0,bambird
bktgul,xc:787497,xc_787497,3.75,4.1448,2454.8,2842.4,118.0384750366211,0,bambird
bktgul,xc:787497,xc_787497,3.7616,4.1448,3316.1,3531.4,114.70948791503906,0,bambird
bktgul,xc:344932,xc_344932,5.387,5.863,19853.6,21274.8,113.28866577148438,0,bambird
bktgul,xc:344932,xc_344932,5.3986,5.8398,21231.7,22006.9,113.01980590820312,0,bambird
bktgul,xc:344933,xc_344933,29.5242,29.9421,19853.6,21274.8,112.80398559570312,0,bambird
bktgul,xc:344933,xc_344933,27.4924,28.3516,18303.2,22006.9,110.68230438232422,0,bambird
bktgul,xc:892290,xc_892290,2.272,2.816,22218.8,22921.9,108.12879943847656,0,bambird
bktgul,xc:892290,xc_892290,2.3467,2.816,20578.1,21187.5,107.73329162597656,0,bambird
bktgul,xc:892290,xc_892290,2.336,2.6987,23625.0,23953.1,106.31660461425781,0,bambird
bktgul,xc:787497,xc_787497,6.9892,7.2098,1162.8,1378.1,100.43923950195312,0,bambird
bktgul,xc:787497,xc_787497,2.8328,2.9954,15030.2,15288.6,98.78805541992188,0,bambird
bktgul,xc:892290,xc_892290,0.4907,0.6827,22312.5,22687.5,53.759788513183594,0,bambird
bktgul,xc:892290,xc_892290,0.5973,0.6827,20718.8,21187.5,50.80653381347656,0,bambird
blakit1,xc:138441,xc_138441,5.6889,7.6858,43.1,20973.3,276.1792907714844,0,bambird
blakit1,xc:138441,xc_138441,14.675,14.8492,13393.7,15590.0,184.07208251953125,0,bambird
blakit1,xc:138441,xc_138441,10.8785,11.4358,13996.6,16063.8,153.05906677246094,0,bambird
blakit1,xc:138441,xc_138441,7.6394,8.4172,43.1,13221.4,149.76559448242188,0,bambird
blakit1,xc:138441,xc_138441,8.3011,8.9861,12963.0,16020.7,112.1966323852539,0,bambird
blakit1,xc:309401,xc_309401,58.0373,58.1227,46.9,1218.8,31.319833755493164,0,bambird
blakit1,xc:120438,xc_120438,4.4118,4.5743,21274.8,22006.9,29.40230369567871,0,bambird
blakit1,xc:120438,xc_120438,5.2477,5.4219,16709.8,17528.0,20.596168518066406,0,bambird
blakit1,xc:120438,xc_120438,5.2477,5.4102,18217.1,18777.0,18.51951789855957,0,bambird
blakit1,xc:578427,xc_578427,3.9573,4.704,18984.4,19781.2,17.88618278503418,0,bambird
blakit1,xc:994865,xc_994865,1.44,3.8933,46.9,3421.9,16.03143310546875,0,bambird
blakit1,xc:309401,xc_309401,1.44,1.472,11203.1,11812.5,13.684501647949219,0,bambird
blakit1,xc:495129,xc_495129,38.0575,38.6496,1248.9,2368.7,13.652976036071777,0,bambird
blakit1,xc:495129,xc_495129,1.9621,2.5078,516.8,1378.1,13.645564079284668,0,bambird
brebul1,xc:206723,xc_206723,8.16,13.024,46.9,23953.1,536.1505126953125,0,bambird
brebul1,xc:155867,xc_155867,3.2,5.4187,46.9,17062.5,487.0297546386719,0,bambird
brebul1,xc:206723,xc_206723,0.9707,2.2507,1312.5,13171.9,449.5263366699219,0,bambird
brebul1,xc:155867,xc_155867,35.2,39.8827,46.9,23953.1,380.5811462402344,0,bambird
brebul1,xc:155867,xc_155867,32.0533,33.9307,46.9,15703.1,320.7586669921875,0,bambird
brebul1,xc:155867,xc_155867,5.408,9.2267,46.9,23953.1,295.15478515625,0,bambird
brebul1,xc:206723,xc_206723,2.5813,5.8133,46.9,8812.5,280.96771240234375,0,bambird
brebul1,xc:155867,xc_155867,41.952,44.5333,46.9,14343.8,236.00999450683594,0,bambird
brebul1,xc:102459,xc_102459,3.328,4.1707,20437.5,21750.0,200.20663452148438,0,bambird
brebul1,xc:915184,xc_915184,9.1947,10.2933,93.8,4312.5,194.4187469482422,0,bambird
brebul1,xc:915184,xc_915184,8.4373,9.4933,12187.5,19171.9,194.39306640625,0,bambird
brebul1,xc:206723,xc_206723,24.2667,24.8427,46.9,8812.5,189.46896362304688,0,bambird
brebul1,xc:915184,xc_915184,13.824,14.8587,14906.2,18468.8,188.9737548828125,0,bambird
brebul1,xc:102459,xc_102459,10.5707,11.2747,11578.1,14906.2,187.2491455078125,0,bambird
brebul1,xc:102459,xc_102459,0.032,1.12,46.9,2437.5,185.57632446289062,0,bambird
brebul1,xc:102459,xc_102459,3.4773,4.1173,22031.2,23296.9,179.96807861328125,0,bambird
brebul1,xc:102459,xc_102459,3.488,4.1067,23296.9,23953.1,176.46856689453125,0,bambird
brebul1,xc:206723,xc_206723,13.952,16.256,46.9,21046.9,162.93679809570312,0,bambird
brebul1,xc:915184,xc_915184,0.8,1.504,14671.9,18375.0,159.23394775390625,0,bambird
brebul1,xc:245971,xc_245971,9.9149,10.8553,13479.8,15417.8,117.1961441040039,0,bambird
brebul1,xc:915184,xc_915184,7.4347,8.4373,9984.4,18703.1,107.05172729492188,0,bambird
brebul1,xc:245971,xc_245971,4.7717,5.5263,17528.0,20241.2,92.91819763183594,0,bambird
buhshr1,xc:793925,xc_793925,14.6866,14.8724,19035.4,21188.7,15.885026931762695,0,bambird
buhshr1,xc:793925,xc_793925,23.1387,23.5392,18777.0,24720.1,13.47453498840332,0,bambird
buhshr1,xc:793925,xc_793925,6.8209,7.1866,14814.8,20413.5,9.819902420043945,0,bambird
buhshr1,xc:793925,xc_793925,9.8278,9.9323,22050.0,23600.4,9.574995994567871,0,bambird
buhshr1,xc:793925,xc_793925,19.8705,20.0853,21447.1,22480.7,7.667668342590332,0,bambird
buhshr1,xc:794952,xc_794952,24.416,28.128,46.9,8484.4,2.3881001472473145,0,bambird
buhshr1,xc:794952,xc_794952,5.9947,9.8453,1406.2,16687.5,2.0985007286071777,0,bambird
buhshr1,xc:794952,xc_794952,2.9227,6.2613,46.9,23953.1,2.095754623413086,0,bambird
buhshr1,xc:794952,xc_794952,11.776,15.136,46.9,10406.2,1.5153487920761108,0,bambird
buhshr1,xc:794803,xc_794803,0.5867,2.24,46.9,9328.1,1.0489356517791748,0,bambird
buhshr1,xc:794803,xc_794803,14.7093,18.3253,2906.2,13406.2,0.9616094827651978,0,bambird
buhshr1,xc:794952,xc_794952,0.0107,3.1253,46.9,23953.1,0.9286693930625916,0,bambird
buhshr1,xc:794803,xc_794803,28.0213,31.2213,3046.9,13734.4,0.9040889739990234,0,bambird
buhshr1,xc:793926,xc_793926,23.808,24.3947,2484.4,11484.4,0.755260705947876,0,bambird
buhshr1,xc:794803,xc_794803,5.184,8.2133,46.9,10921.9,0.7191177606582642,0,bambird
buhshr1,xc:794803,xc_794803,3.5733,5.248,46.9,5156.2,0.6465855836868286,0,bambird
buhshr1,xc:793926,xc_793926,12.0427,13.9413,46.9,7968.8,0.6446192264556885,0,bambird
buhshr1,xc:793926,xc_793926,23.8827,24.416,12750.0,16546.9,0.5726553201675415,0,bambird
burthr,xc:134325,xc_134325,92.3574,92.4967,6847.6,7149.0,454.4262390136719,0,bambird
burthr,xc:134330,xc_134330,26.2269,26.9119,14814.8,22006.9,198.51974487304688,0,bambird
burthr,xc:134330,xc_134330,84.2768,84.7877,7752.0,16451.4,187.79421997070312,0,bambird
burthr,xc:134330,xc_134330,73.7001,74.0484,12790.7,19982.8,150.97808837890625,0,bambird
burthr,xc:134330,xc_134330,84.3581,84.7296,17398.8,20025.9,145.56430053710938,0,bambird
burthr,xc:134330,xc_134330,39.8222,39.9383,10034.5,10594.3,143.7109375,0,bambird
burthr,xc:134325,xc_134325,133.7121,133.9095,19939.7,22006.9,107.28221893310547,0,bambird
burthr,xc:134325,xc_134325,92.6012,92.7173,6632.2,7019.8,102.56973266601562,0,bambird
burthr,xc:134325,xc_134325,105.9643,106.1965,15073.2,16279.1,85.52198791503906,0,bambird
burthr,xc:134325,xc_134325,105.9875,106.2313,16451.4,17140.4,76.9535903930664,0,bambird
burthr,xc:411661,xc_411661,21.728,21.824,11343.8,11578.1,72.4504165649414,0,bambird
burthr,xc:417711,xc_417711,15.5806,15.8012,9087.0,10379.0,67.89751434326172,0,bambird
carcro1,xc:879243,xc_879243,1.637,5.7237,947.5,22006.9,453.57244873046875,0,bambird
carcro1,xc:879243,xc_879243,0.2554,1.5325,18949.2,22006.9,446.8111572265625,0,bambird
carcro1,xc:1079008,xc_1079008,4.448,6.8,5343.8,10375.0,343.8172607421875,0,bambird
carcro1,xc:1079008,xc_1079008,4.528,6.192,812.5,2656.2,333.2559814453125,0,bambird
carcro1,xc:490186,xc_490186,13.4211,16.2656,43.1,14685.6,285.76190185546875,0,bambird
carcro1,xc:490186,xc_490186,7.918,12.3762,43.1,14556.4,265.66168212890625,0,bambird
carcro1,xc:1079008,xc_1079008,2.08,4.256,31.2,15968.8,263.64501953125,0,bambird
carcro1,xc:1079008,xc_1079008,14.24,16.176,1000.0,3125.0,245.18991088867188,0,bambird
carcro1,xc:1079008,xc_1079008,32.688,37.104,31.2,15968.8,221.55482482910156,0,bambird
carcro1,xc:879243,xc_879243,1.1378,1.4629,20930.3,21576.3,214.0581512451172,0,bambird
carcro1,xc:879243,xc_879243,1.579,2.7748,18260.2,22006.9,208.34768676757812,0,bambird
carcro1,xc:879243,xc_879243,0.0116,0.5805,19078.4,19724.4,180.5404052734375,0,bambird
carcro1,xc:490186,xc_490186,2.5194,4.4234,43.1,14857.9,143.31666564941406,0,bambird
carcro1,xc:490186,xc_490186,17.3569,19.6441,43.1,9216.2,127.4492416381836,0,bambird
carcro1,xc:490186,xc_490186,4.2609,7.4652,43.1,13824.3,111.24852752685547,0,bambird
carcro1,xc:745101,xc_745101,5.6192,6.8963,43.1,16752.8,95.25729370117188,0,bambird
carcro1,xc:745101,xc_745101,42.0513,43.7116,3919.0,9130.1,69.23387145996094,0,bambird
carcro1,xc:411472,xc_411472,0.3831,0.4876,5081.8,5512.5,65.10575866699219,0,bambird
carcro1,xc:745101,xc_745101,0.9752,5.0271,43.1,22006.9,53.77531433105469,0,bambird
carcro1,xc:482395,xc_482395,21.1307,21.76,46.9,12000.0,51.484336853027344,0,bambird
carcro1,xc:745101,xc_745101,34.2959,35.7123,43.1,18690.8,48.568145751953125,0,bambird
carcro1,xc:745101,xc_745101,60.8711,64.2728,43.1,12317.0,46.45682144165039,0,bambird
carcro1,xc:576943,xc_576943,18.1116,18.7849,6589.2,9991.4,42.44961166381836,0,bambird
carcro1,xc:785592,xc_785592,1.2771,1.5325,43.1,387.6,39.42952346801758,0,bambird
cintit13,xc:777400,xc_777400,65.9331,67.9764,258.4,10551.3,3369.060791015625,1,bambird
cintit13,xc:777400,xc_777400,14.2919,16.103,43.1,11455.7,2308.440185546875,1,bambird
cintit13,xc:777400,xc_777400,54.683,55.9949,12360.1,18863.1,2058.22412109375,1,bambird
cintit13,xc:625316,xc_625316,8.4869,9.7408,646.0,7536.6,1696.716552734375,1,bambird
cintit13,xc:777400,xc_777400,8.3476,9.5898,43.1,7967.3,1662.153076171875,1,bambird
cintit13,xc:777400,xc_777400,2.0782,2.9141,43.1,10508.2,1474.1767578125,1,bambird
cintit13,xc:625316,xc_625316,14.7331,16.0218,1464.3,7407.4,1144.4163818359375,1,bambird
cintit13,xc:625316,xc_625316,45.0815,45.7781,947.5,7407.4,1087.49609375,1,bambird
cintit13,xc:625316,xc_625316,44.3966,44.8261,13264.5,17355.8,1072.90234375,1,bambird
cintit13,xc:625316,xc_625316,44.4894,45.1396,43.1,7106.0,1045.24560546875,1,bambird
comkin1,xc:282763,xc_282763,3.2,3.488,14109.4,18187.5,601.9475708007812,0,bambird
comkin1,xc:282763,xc_282763,3.328,3.456,22828.1,23109.4,589.5286254882812,0,bambird
comkin1,xc:282763,xc_282763,3.2533,3.4347,19828.1,20484.4,588.672119140625,0,bambird
comkin1,xc:282763,xc_282763,3.296,3.4347,23062.5,23671.9,586.1702880859375,0,bambird
comkin1,xc:282763,xc_282763,3.328,3.4347,20296.9,20718.8,584.6452026367188,0,bambird
comkin1,xc:800955,xc_800955,3.9358,4.853,8871.7,12187.8,379.8483581542969,0,bambird
comkin1,xc:800955,xc_800955,4.1796,4.5627,12575.4,13910.4,271.66729736328125,0,bambird
comkin1,xc:800955,xc_800955,4.4582,4.5627,12317.0,12747.7,238.01248168945312,0,bambird
comkin1,xc:800955,xc_800955,4.5163,4.853,14341.1,14944.0,220.02639770507812,0,bambird
comkin1,xc:800955,xc_800955,4.5163,4.7601,11369.5,12360.1,213.07696533203125,0,bambird
comkin1,xc:185682,xc_185682,17.3685,17.5311,20284.3,21145.6,178.5928497314453,0,bambird
comkin1,xc:185682,xc_185682,17.1363,17.3685,43.1,559.9,165.40914916992188,0,bambird
comkin1,xc:185682,xc_185682,8.661,9.021,1033.6,3574.5,155.1505889892578,0,bambird
comkin1,xc:587605,xc_587605,0.0116,0.2322,13006.1,15503.9,146.2478790283203,0,bambird
comkin1,xc:185682,xc_185682,8.661,8.9281,43.1,344.5,127.16891479492188,0,bambird
comkin1,xc:185682,xc_185682,5.9907,6.2229,14771.8,18389.4,118.7689208984375,0,bambird
comkin1,xc:118166,xc_118166,9.2183,9.7176,18432.4,19982.8,112.48321533203125,0,bambird
comkin1,xc:118166,xc_118166,9.2183,9.7176,20112.0,21102.5,112.48321533203125,0,bambird
comkin1,xc:118166,xc_118166,9.2299,9.7176,21188.7,22006.9,110.8377456665039,0,bambird
comkin1,xc:466431,xc_466431,6.4551,6.699,20758.0,21490.1,106.64252471923828,0,bambird
comkin1,xc:466431,xc_466431,6.4551,6.6757,15245.5,15503.9,106.57290649414062,0,bambird
comkin1,xc:587605,xc_587605,1.8924,2.1014,21662.4,22006.9,94.07502746582031,0,bambird
comkin1,xc:587605,xc_587605,23.9746,24.7176,18906.2,22006.9,90.87862396240234,0,bambird
comkin1,xc:466431,xc_466431,9.4737,10.0194,17571.1,22006.9,84.38027954101562,0,bambird
comkin1,xc:466431,xc_466431,9.6595,10.031,16193.0,16882.0,84.08345031738281,0,bambird
comkin1,xc:587605,xc_587605,24.2881,24.7176,16494.4,19810.5,80.92816925048828,0,bambird
comkin1,xc:931189,xc_931189,1.28,1.3973,12937.5,13406.2,69.04994201660156,0,bambird
comkin1,xc:118166,xc_118166,11.7493,12.1208,20284.3,22006.9,66.1251220703125,0,bambird
compoc,xc:989599,xc_989599,2.1333,2.816,656.2,8718.8,536.3599853515625,0,bambird
compoc,xc:414488,xc_414488,3.8613,4.2347,21234.4,23765.6,399.190185546875,0,bambird
compoc,xc:989599,xc_989599,2.8587,3.328,281.2,7781.2,230.16729736328125,0,bambird
compoc,xc:989599,xc_989599,1.9627,2.08,1593.8,3562.5,216.3463134765625,0,bambird
compoc,xc:484893,xc_484893,1.5467,1.984,10875.0,22828.1,207.6504669189453,0,bambird
compoc,xc:989599,xc_989599,2.88,3.1467,8718.8,10453.1,197.11184692382812,0,bambird
compoc,xc:989599,xc_989599,22.7307,25.9733,3750.0,23953.1,185.7638702392578,0,bambird
compoc,xc:414488,xc_414488,3.3707,3.68,21234.4,23812.5,150.59898376464844,0,bambird
compoc,xc:484893,xc_484893,3.84,4.0747,5671.9,6562.5,150.39328002929688,0,bambird
compoc,xc:484893,xc_484893,3.168,3.4133,20531.2,22125.0,143.08360290527344,0,bambird
compoc,xc:414488,xc_414488,3.9467,4.0427,23625.0,23953.1,135.58148193359375,0,bambird
compoc,xc:484893,xc_484893,3.1467,3.3813,22125.0,22968.8,133.40170288085938,0,bambird
compoc,xc:994657,xc_994657,5.3227,13.4613,46.9,23953.1,129.71356201171875,0,bambird
compoc,xc:994657,xc_994657,0.0107,7.2427,46.9,23953.1,124.46589660644531,0,bambird
compoc,xc:484893,xc_484893,0.96,1.4293,46.9,23203.1,101.69491577148438,0,bambird
compoc,xc:414488,xc_414488,3.872,3.9573,21234.4,22218.8,97.91841125488281,0,bambird
compoc,xc:989573,xc_989573,0.0107,2.4853,2250.0,23953.1,73.63092041015625,0,bambird
compoc,xc:989573,xc_989573,0.0107,2.464,46.9,10828.1,69.7845458984375,0,bambird
compoc,xc:994657,xc_994657,9.3333,13.4827,46.9,6187.5,69.55372619628906,0,bambird
compoc,xc:994657,xc_994657,30.624,33.8667,4078.1,23953.1,63.55744552612305,0,bambird
compoc,xc:797798,xc_797798,17.4187,17.8027,13031.2,47906.2,62.96247863769531,0,bambird
compoc,xc:994657,xc_994657,13.9947,16.576,46.9,23953.1,58.318763732910156,0,bambird
compoc,xc:270396,xc_270396,1.2655,1.7183,4651.2,7062.9,57.212493896484375,0,bambird
compoc,xc:368567,xc_368567,2.0317,2.4265,2067.2,3531.4,53.810791015625,0,bambird
compoc,xc:414488,xc_414488,2.1867,2.6667,22640.6,23906.2,52.036582946777344,0,bambird
compoc,xc:797798,xc_797798,7.888,9.2907,93.8,8531.2,50.339744567871094,0,bambird
compoc,xc:797798,xc_797798,16.9227,17.4187,11437.5,47906.2,40.213958740234375,0,bambird
compoc,xc:270396,xc_270396,1.4977,2.0666,5986.2,16408.3,39.578102111816406,0,bambird
compoc,xc:797798,xc_797798,16.3253,16.3893,20343.8,25031.2,34.66327667236328,0,bambird
compoc,xc:989980,xc_989980,2.055,2.1595,5512.5,5986.2,26.48191261291504,0,bambird
compoc,xc:270396,xc_270396,5.0736,5.6541,4737.3,6158.5,25.525524139404297,0,bambird
comsan,xc:1051594,xc_1051594,8.9173,9.3867,19218.8,19828.1,190.65060424804688,0,bambird
comsan,xc:1051594,xc_1051594,8.9173,9.3867,22265.6,22781.2,190.65060424804688,0,bambird
comsan,xc:1051594,xc_1051594,8.9813,9.3867,17718.8,18281.2,190.2120819091797,0,bambird
comsan,xc:1051594,xc_1051594,5.632,6.112,17812.5,18234.4,95.15481567382812,0,bambird
comsan,xc:1051594,xc_1051594,5.632,6.1013,22312.5,22828.1,94.94392395019531,0,bambird
comsan,xc:671980,xc_671980,15.9253,16.2667,21890.6,23953.1,44.89326858520508,0,bambird
comsan,xc:671980,xc_671980,8.224,8.416,17343.8,18562.5,37.473995208740234,0,bambird
comsan,xc:671980,xc_671980,8.704,9.0027,18046.9,18609.4,30.265230178833008,0,bambird
comsan,xc:671980,xc_671980,8.7253,8.9387,16875.0,17859.4,22.451318740844727,0,bambird
comsan,xc:671980,xc_671980,16.2773,16.4693,18890.6,23953.1,22.079551696777344,0,bambird
comsan,xc:503479,xc_503479,10.816,11.1253,22687.5,23671.9,10.513427734375,0,bambird
comsan,xc:900380,xc_900380,4.8107,4.992,1125.0,1968.8,10.177535057067871,0,bambird
comsan,xc:882521,xc_882521,1.9389,2.0201,1033.6,1335.1,9.506804466247559,0,bambird
comsan,xc:900380,xc_900380,1.0453,1.4507,19828.1,23953.1,9.065567970275879,0,bambird
comsan,xc:900380,xc_900380,0.416,0.5013,22968.8,23390.6,8.529279708862305,0,bambird
comsan,xc:900380,xc_900380,0.416,0.4907,21421.9,21984.4,7.221987724304199,0,bambird
comsan,xc:882521,xc_882521,3.3901,3.541,11025.0,12273.9,6.878707408905029,0,bambird
comsan,xc:503479,xc_503479,40.7787,41.024,22546.9,23953.1,6.613685131072998,0,bambird
comsan,xc:599571,xc_599571,4.9459,5.0387,15073.2,15460.8,6.4622392654418945,0,bambird
comsan,xc:503479,xc_503479,10.6667,10.784,22828.1,23343.8,6.405030250549316,0,bambird
comsan,xc:882521,xc_882521,1.1494,1.2655,10852.7,11369.5,5.608389854431152,0,bambird
comsan,xc:900380,xc_900380,1.5573,1.76,19265.6,22687.5,5.368566036224365,0,bambird
comsan,xc:503479,xc_503479,17.7813,17.888,21234.4,22218.8,5.264803886413574,0,bambird
comsan,xc:503479,xc_503479,17.9947,18.08,23015.6,23390.6,5.101374626159668,0,bambird
comsan,xc:599571,xc_599571,4.4118,4.4698,12360.1,13178.3,4.489787578582764,0,bambird
comsan,xc:882521,xc_882521,3.3088,3.3901,21791.6,22006.9,4.0342254638671875,0,bambird
daured1,xc:438628,xc_438628,31.8346,32.1248,21317.9,22006.9,169.2210235595703,0,bambird
daured1,xc:113350,xc_113350,27.744,27.9787,17671.9,20437.5,141.3769989013672,0,bambird
daured1,xc:113350,xc_113350,27.648,27.8827,14015.6,16687.5,140.37384033203125,0,bambird
daured1,xc:113350,xc_113350,27.5947,27.808,22546.9,23953.1,135.0467071533203,0,bambird
daured1,xc:113350,xc_113350,7.168,8.48,3093.8,23953.1,112.01734161376953,0,bambird
daured1,xc:918844,xc_918844,63.3493,65.4827,46.9,23953.1,111.24732971191406,0,bambird
daured1,xc:438628,xc_438628,3.3321,3.483,21533.2,22006.9,107.63949584960938,0,bambird
daured1,xc:918844,xc_918844,42.9013,43.3173,16875.0,19218.8,100.40411376953125,0,bambird
daured1,xc:457952,xc_457952,59.5627,60.0853,22078.1,23953.1,99.96830749511719,0,bambird
daured1,xc:918844,xc_918844,42.8907,43.264,19781.2,20718.8,96.73001098632812,0,bambird
daured1,xc:457952,xc_457952,53.344,53.6747,8718.8,10781.2,96.01826477050781,0,bambird
daured1,xc:918844,xc_918844,42.912,43.2747,22781.2,23718.8,94.29115295410156,0,bambird
daured1,xc:918844,xc_918844,63.616,64.3733,22265.6,23953.1,85.8177490234375,0,bambird
daured1,xc:438628,xc_438628,55.5537,55.6931,21576.3,22006.9,82.67399597167969,0,bambird
daured1,xc:113350,xc_113350,15.1787,15.5413,16031.2,18843.8,81.32411193847656,0,bambird
daured1,xc:1052253,xc_1052253,23.4173,23.4986,17054.3,17269.6,65.96871948242188,0,bambird
daured1,xc:1052253,xc_1052253,3.216,3.3437,8828.6,9776.1,64.55297088623047,0,bambird
daured1,xc:1052253,xc_1052253,5.6773,6.1533,3789.8,7838.1,61.14701843261719,0,bambird
daured1,xc:1052253,xc_1052253,5.6889,5.9095,10637.4,11929.4,61.0305290222168,0,bambird
daured1,xc:1052253,xc_1052253,5.7121,5.9095,9173.1,10034.5,61.02926254272461,0,bambird
daured1,xc:457952,xc_457952,37.0667,37.2053,22734.4,22968.8,57.308311462402344,0,bambird
daured1,xc:457952,xc_457952,37.088,37.2267,21234.4,21562.5,57.2067756652832,0,bambird
daured1,xc:457952,xc_457952,37.0987,37.1947,21937.5,22218.8,56.170902252197266,0,bambird
daured1,xc:423316,xc_423316,8.5653,8.8747,11859.4,15000.0,55.49284744262695,0,bambird
daured1,xc:877986,xc_877986,0.0232,4.6092,43.1,22006.9,51.074363708496094,0,bambird
daured1,xc:438628,xc_438628,17.0434,17.1479,21705.5,22006.9,41.072113037109375,0,bambird
daured1,xc:718401,xc_718401,30.9754,31.0219,11025.0,11283.4,38.796085357666016,0,bambird
dusthr2,xc:675303,xc_675303,3.1347,4.6672,43.1,5081.8,2259.7841796875,0,bambird
dusthr2,xc:675303,xc_675303,3.1231,4.5047,13479.8,22006.9,2013.416259765625,0,bambird
dusthr2,xc:675303,xc_675303,4.5395,5.0039,13350.6,18432.4,968.0933837890625,0,bambird
dusthr2,xc:675303,xc_675303,0.058,0.743,43.1,2627.1,761.098388671875,0,bambird
dusthr2,xc:675303,xc_675303,0.0348,0.7314,14039.6,22006.9,757.7871704101562,0,bambird
dusthr2,xc:675170,xc_675170,15.0233,15.7896,8441.0,22006.9,493.5986328125,0,bambird
dusthr2,xc:675170,xc_675170,15.1742,15.7896,43.1,3359.2,477.6219787597656,0,bambird
dusthr2,xc:675170,xc_675170,15.5341,15.7896,3488.4,4435.8,437.565673828125,0,bambird
dusthr2,xc:675170,xc_675170,15.5225,15.7199,8871.7,9431.5,335.9036865234375,0,bambird
dusthr2,xc:675617,xc_675617,0.2902,0.4296,16451.4,20456.5,273.24969482421875,0,bambird
dusthr2,xc:675170,xc_675170,13.8855,15.0233,473.7,20585.7,215.01824951171875,0,bambird
dusthr2,xc:675169,xc_675169,1.7995,6.3855,43.1,22006.9,208.917236328125,0,bambird
dusthr2,xc:268111,xc_268111,23.6031,24.1255,7708.9,21360.9,168.61810302734375,0,bambird
dusthr2,xc:268111,xc_268111,23.6031,24.1255,21619.3,22006.9,168.61810302734375,0,bambird
dusthr2,xc:268111,xc_268111,23.1387,23.5218,13695.1,19422.9,117.9677734375,0,bambird
dusthr2,xc:675617,xc_675617,19.4467,19.5744,43.1,5168.0,111.09854888916016,0,bambird
eurcoo,xc:624808,xc_624808,32.8427,35.1147,19593.8,23953.1,441.1087341308594,0,bambird
eurcoo,xc:624808,xc_624808,31.6267,33.1947,19546.9,22218.8,395.5152282714844,0,bambird
eurcoo,xc:103222,xc_103222,14.688,16.3627,20015.6,23953.1,356.5601501464844,0,bambird
eurcoo,xc:470565,xc_470565,29.44,30.048,4218.8,7078.1,321.4718017578125,0,bambird
eurcoo,xc:424005,xc_424005,34.0693,35.264,22031.2,23015.6,318.79681396484375,0,bambird
eurcoo,xc:103222,xc_103222,0.0213,2.24,46.9,23953.1,278.6846008300781,0,bambird
eurcoo,xc:103222,xc_103222,2.272,4.4907,46.9,23953.1,262.2427673339844,0,bambird
eurcoo,xc:624808,xc_624808,34.24,35.072,19546.9,20953.1,234.33554077148438,0,bambird
eurcoo,xc:103222,xc_103222,15.3813,16.3627,18656.2,20203.1,216.57925415039062,0,bambird
eurcoo,xc:103222,xc_103222,15.6587,16.3627,17156.2,18468.8,200.53846740722656,0,bambird
eurcoo,xc:470565,xc_470565,28.6933,29.44,5625.0,9328.1,187.40701293945312,0,bambird
eurcoo,xc:424005,xc_424005,46.7627,49.5467,46.9,23203.1,182.93142700195312,0,bambird
eurcoo,xc:470565,xc_470565,30.208,31.552,11203.1,16921.9,182.00692749023438,0,bambird
eurcoo,xc:470565,xc_470565,37.2587,38.3893,22828.1,23953.1,180.0631103515625,0,bambird
eurcoo,xc:624808,xc_624808,32.4693,32.7253,18843.8,19265.6,174.98963928222656,0,bambird
eurcoo,xc:424005,xc_424005,31.52,33.8453,46.9,4265.6,167.2239990234375,0,bambird
eurcoo,xc:624808,xc_624808,32.448,32.672,22875.0,23625.0,158.3175811767578,0,bambird
eurcoo,xc:424005,xc_424005,36.7893,37.6107,21984.4,23015.6,139.8370819091797,0,bambird
eurcoo,xc:424005,xc_424005,35.3067,36.0533,21890.6,23953.1,131.39315795898438,0,bambird
eurcoo,xc:470565,xc_470565,27.1467,27.552,9281.2,11625.0,105.95555877685547,0,bambird
eurcoo,xc:629958,xc_629958,3.8081,3.9126,21188.7,22006.9,87.37054443359375,0,bambird
eurwig,xc:113187,xc_113187,114.5208,116.0649,19982.8,22006.9,472.6363220214844,0,bambird
eurwig,xc:113187,xc_113187,55.9137,57.4229,18992.3,22006.9,447.2090759277344,0,bambird
eurwig,xc:113187,xc_113187,88.2707,88.9789,18174.0,22006.9,437.61749267578125,0,bambird
eurwig,xc:113187,xc_113187,32.1132,35.3872,43.1,21705.5,424.17529296875,0,bambird
eurwig,xc:113187,xc_113187,39.9499,40.2402,15374.7,16020.7,417.7485656738281,0,bambird
eurwig,xc:684919,xc_684919,31.1612,31.6024,19896.7,21102.5,353.12762451171875,0,bambird
eurwig,xc:684919,xc_684919,31.2308,31.4514,21791.6,22006.9,321.9063415527344,0,bambird
eurwig,xc:684919,xc_684919,33.727,34.0056,8397.9,9560.7,288.25445556640625,0,bambird
eurwig,xc:684919,xc_684919,34.6093,34.7603,8139.6,9000.9,246.3678741455078,0,bambird
eurwig,xc:684919,xc_684919,33.1581,33.8199,15116.3,17786.4,231.4522247314453,0,bambird
eurwig,xc:994831,xc_994831,5.2587,6.2187,19453.1,23953.1,190.12606811523438,0,bambird
eurwig,xc:994831,xc_994831,4.1173,4.7147,15328.1,17578.1,112.22956848144531,0,bambird
eurwig,xc:994831,xc_994831,13.536,14.016,3281.2,5625.0,92.93487548828125,0,bambird
eurwig,xc:994831,xc_994831,5.7707,6.144,46.9,1312.5,81.96073913574219,0,bambird
eurwig,xc:994831,xc_994831,4.3307,4.8107,17531.2,19312.5,80.9980239868164,0,bambird
eutspa,xc:358624,xc_358624,8.6843,12.6084,43.1,22006.9,1281.1046142578125,0,bambird
eutspa,xc:358624,xc_358624,52.8138,55.9833,43.1,8354.9,1181.34228515625,0,bambird
eutspa,xc:358624,xc_358624,44.6752,49.2495,43.1,19810.5,1155.479736328125,0,bambird
eutspa,xc:358624,xc_358624,55.3796,59.2457,43.1,22006.9,1070.9974365234375,0,bambird
eutspa,xc:358624,xc_358624,5.2941,6.2926,2024.1,7752.0,1067.4473876953125,0,bambird
eutspa,xc:497883,xc_497883,75.9641,84.9154,43.1,18733.9,400.84283447265625,0,bambird
eutspa,xc:629244,xc_629244,37.0242,37.7208,19422.9,22006.9,315.06085205078125,0,bambird
eutspa,xc:629244,xc_629244,48.1001,48.5065,18733.9,22006.9,274.3222351074219,0,bambird
eutspa,xc:497883,xc_497883,119.3854,122.2415,775.2,22006.9,246.039306640625,0,bambird
eutspa,xc:629244,xc_629244,53.2085,53.5104,18906.2,22006.9,208.99118041992188,0,bambird
eutspa,xc:497883,xc_497883,45.9291,49.2727,43.1,17312.7,207.68209838867188,0,bambird
eutspa,xc:629244,xc_629244,36.1651,36.2231,16795.9,17485.0,207.36734008789062,0,bambird
eutspa,xc:497883,xc_497883,135.6858,138.1239,387.6,22006.9,196.91497802734375,0,bambird
eutspa,xc:497883,xc_497883,56.5174,58.4678,43.1,16408.3,195.6419677734375,0,bambird
eutspa,xc:629244,xc_629244,48.2162,48.46,13178.3,15676.2,180.096923828125,0,bambird
gadwal,xc:622760,xc_622760,1.4933,1.7067,7031.2,7593.8,219.70388793945312,0,bambird
gadwal,xc:359036,xc_359036,5.329,6.281,19250.7,22006.9,148.81649780273438,0,bambird
gadwal,xc:622760,xc_622760,1.5787,1.7173,11343.8,11765.6,129.20315551757812,0,bambird
gadwal,xc:359036,xc_359036,2.0782,2.6819,18131.0,22006.9,105.25806427001953,0,bambird
gadwal,xc:359036,xc_359036,6.339,6.8615,19422.9,22006.9,104.9524917602539,0,bambird
gadwal,xc:359036,xc_359036,0.0116,0.7779,19250.7,22006.9,68.49986267089844,0,bambird
gadwal,xc:359036,xc_359036,2.1595,2.3452,16236.0,18992.3,64.86914825439453,0,bambird
gadwal,xc:595438,xc_595438,31.7333,32.224,21234.4,22640.6,54.36151123046875,0,bambird
gadwal,xc:595438,xc_595438,38.8693,39.52,23015.6,23953.1,53.479896545410156,0,bambird
gadwal,xc:595438,xc_595438,23.456,23.872,22640.6,23953.1,51.07108688354492,0,bambird
gadwal,xc:622760,xc_622760,1.4187,1.536,20625.0,21140.6,47.30757141113281,0,bambird
gadwal,xc:539308,xc_539308,18.6456,22.1867,16365.2,22006.9,43.940879821777344,0,bambird
gadwal,xc:622760,xc_622760,1.6107,1.8133,8859.4,10312.5,37.150840759277344,0,bambird
gadwal,xc:595438,xc_595438,41.12,41.856,22265.6,23484.4,35.98681640625,0,bambird
gadwal,xc:622760,xc_622760,1.6107,1.6533,15000.0,15421.9,33.75436019897461,0,bambird
gadwal,xc:1048306,xc_1048306,1.9413,2.3147,7687.5,14203.1,28.522174835205078,0,bambird
gadwal,xc:539308,xc_539308,24.3693,25.8554,19466.0,20456.5,27.61505889892578,0,bambird
gadwal,xc:539308,xc_539308,24.4274,25.7741,16709.8,17657.2,25.564599990844727,0,bambird
gadwal,xc:1048306,xc_1048306,0.2347,0.288,4687.5,5015.6,24.53510284423828,0,bambird
gadwal,xc:539308,xc_539308,24.4506,25.658,18217.1,18992.3,23.417640686035156,0,bambird
gadwal,xc:1048306,xc_1048306,1.9627,2.2933,20578.1,23953.1,20.403596878051758,0,bambird
gadwal,xc:539308,xc_539308,16.1727,18.0071,15159.4,16537.5,18.999557495117188,0,bambird
gadwal,xc:707600,xc_707600,3.5643,3.7849,21748.5,22006.9,18.88672637939453,0,bambird
gadwal,xc:595438,xc_595438,41.4827,41.8773,23671.9,23953.1,18.22873306274414,0,bambird
gadwal,xc:424359,xc_424359,7.424,7.6053,19546.9,20015.6,14.174063682556152,0,bambird
gadwal,xc:210379,xc_210379,3.296,4.848,31.2,8093.8,13.598882675170898,0,bambird
gadwal,xc:548049,xc_548049,2.2407,3.2972,1033.6,17700.3,13.213834762573242,0,bambird
gadwal,xc:424359,xc_424359,7.456,7.6053,22687.5,22968.8,12.371810913085938,0,bambird
gadwal,xc:1048306,xc_1048306,0.0747,0.2347,18093.8,20484.4,11.957931518554688,0,bambird
gadwal,xc:1048306,xc_1048306,0.0853,0.2347,4312.5,4828.1,11.888032913208008,0,bambird
gadwal,xc:963992,xc_963992,1.536,1.8027,10406.2,11390.6,10.899118423461914,0,bambird
gadwal,xc:210379,xc_210379,3.312,4.384,10781.2,15968.8,10.019193649291992,0,bambird
gnwtea,xc:365480,xc_365480,24.9498,25.5187,43.1,775.2,1847.58251953125,0,bambird
gnwtea,xc:365480,xc_365480,25.1356,25.2865,20499.6,20844.1,805.8243408203125,0,bambird
gnwtea,xc:365480,xc_365480,35.3756,35.6078,21619.3,22006.9,789.42578125,0,bambird
gnwtea,xc:365480,xc_365480,34.7487,35.2943,21619.3,22006.9,610.648193359375,0,bambird
gnwtea,xc:365480,xc_365480,26.5868,27.3879,43.1,1162.8,522.148193359375,0,bambird
gnwtea,xc:1068699,xc_1068699,24.3693,28.9785,43.1,22006.9,346.66796875,0,bambird
gnwtea,xc:1068699,xc_1068699,167.532,170.6783,43.1,5081.8,277.4675598144531,0,bambird
gnwtea,xc:1068699,xc_1068699,24.2649,26.0876,43.1,4349.7,165.842041015625,0,bambird
gnwtea,xc:1068699,xc_1068699,0.0116,1.4164,43.1,22006.9,118.53948974609375,0,bambird
gnwtea,xc:1068699,xc_1068699,23.8701,23.9862,2325.6,3143.8,109.71159362792969,0,bambird
graher1,xc:601001,xc_601001,6.49,10.4141,43.1,22006.9,214.27926635742188,0,bambird
graher1,xc:601001,xc_601001,0.3599,3.8429,43.1,22006.9,188.4694061279297,0,bambird
graher1,xc:601001,xc_601001,5.0271,6.3158,43.1,17097.4,70.52780151367188,0,bambird
graher1,xc:601001,xc_601001,5.2477,6.1997,17269.6,18518.6,52.09925842285156,0,bambird
graher1,xc:601001,xc_601001,5.2477,6.1997,18733.9,20241.2,52.09925842285156,0,bambird
graher1,xc:761218,xc_761218,3.4133,3.541,12618.5,13307.5,18.66848373413086,0,bambird
graher1,xc:761218,xc_761218,7.2678,7.442,9259.3,10077.5,17.863502502441406,0,bambird
graher1,xc:761218,xc_761218,3.4249,3.5178,13522.9,14255.0,17.323579788208008,0,bambird
graher1,xc:761218,xc_761218,3.4366,3.5178,7924.2,8139.6,17.28514862060547,0,bambird
graher1,xc:761218,xc_761218,3.483,3.5759,16322.2,16580.6,15.161423683166504,0,bambird
graher1,xc:801934,xc_801934,0.0116,2.5078,43.1,22006.9,13.935342788696289,0,bambird
grcgre1,xc:592110,xc_592110,6.096,10.528,31.2,7593.8,808.3524169921875,0,bambird
grcgre1,xc:386365,xc_386365,26.3147,28.0747,6140.6,15093.8,583.9083251953125,0,bambird
grcgre1,xc:138169,xc_138169,9.3227,10.272,1312.5,23953.1,462.6348571777344,0,bambird
grcgre1,xc:363743,xc_363743,11.4242,11.5403,5383.3,5684.8,444.6363525390625,0,bambird
grcgre1,xc:363743,xc_363743,11.4707,11.7377,5814.0,6546.1,430.93719482421875,0,bambird
grcgre1,xc:138169,xc_138169,7.5947,8.832,46.9,23953.1,407.9149169921875,0,bambird
grcgre1,xc:592110,xc_592110,3.072,6.032,31.2,13312.5,389.6099548339844,0,bambird
grcgre1,xc:363743,xc_363743,32.9259,33.1581,21791.6,22006.9,366.13092041015625,0,bambird
grcgre1,xc:363743,xc_363743,0.1045,0.1741,4220.5,4651.2,323.5919189453125,0,bambird
grcgre1,xc:374172,xc_374172,1.4861,2.1943,4220.5,18260.2,302.3734130859375,0,bambird
grcgre1,xc:363743,xc_363743,17.4614,18.367,8570.2,10723.5,277.9338073730469,0,bambird
grcgre1,xc:374172,xc_374172,0.0116,1.4861,2196.4,12446.2,215.55734252929688,0,bambird
grcgre1,xc:138169,xc_138169,9.824,9.888,5015.6,5296.9,180.8536376953125,0,bambird
grcgre1,xc:386365,xc_386365,27.0507,27.6053,4312.5,7406.2,165.47808837890625,0,bambird
grcgre1,xc:138169,xc_138169,8.7893,9.28,1312.5,9421.9,148.05104064941406,0,bambird
grcgre1,xc:138169,xc_138169,9.5893,9.8133,46.9,1171.9,145.3660430908203,0,bambird
grcgre1,xc:386365,xc_386365,22.72,23.5947,18750.0,23343.8,144.51162719726562,0,bambird
grcgre1,xc:592110,xc_592110,0.272,2.816,4062.5,15968.8,139.6425323486328,0,bambird
grcgre1,xc:386365,xc_386365,28.2027,28.3733,4687.5,6046.9,131.4767303466797,0,bambird
grcgre1,xc:386365,xc_386365,23.296,23.5733,23671.9,23953.1,125.23115539550781,0,bambird
grcgre1,xc:592110,xc_592110,5.056,5.472,3593.8,4812.5,120.11737060546875,0,bambird
grcgre1,xc:374172,xc_374172,1.1494,1.4512,6460.0,8354.9,104.25495910644531,0,bambird
grcgre1,xc:592110,xc_592110,19.904,23.008,31.2,15968.8,100.56074523925781,0,bambird
grcgre1,xc:374172,xc_374172,5.1664,5.5612,43.1,516.8,75.78265380859375,0,bambird
grcgre1,xc:374172,xc_374172,2.2988,2.7167,4392.8,18432.4,54.63886260986328,0,bambird
grcgre1,xc:462953,xc_462953,1.9737,2.0666,7493.6,7924.2,53.087646484375,0,bambird
grcgre1,xc:655643,xc_655643,24.0747,24.4907,21234.4,23953.1,49.364891052246094,0,bambird
grcgre1,xc:655643,xc_655643,12.352,12.6293,22968.8,23859.4,47.86867904663086,0,bambird
grecor,xc:372106,xc_372106,109.6446,110.7127,20456.5,22006.9,547.71484375,0,bambird
grecor,xc:90633,xc_90633,7.9761,12.771,6330.8,22006.9,368.0780029296875,0,bambird
grecor,xc:987714,xc_987714,4.8427,6.3253,234.4,1687.5,261.5294189453125,0,bambird
grecor,xc:280958,xc_280958,16.9273,20.2942,13953.5,17915.6,201.16363525390625,0,bambird
grecor,xc:372106,xc_372106,112.0711,112.4659,20801.1,21877.7,173.17254638671875,0,bambird
grecor,xc:280958,xc_280958,17.8445,20.8631,18087.9,20628.8,169.96533203125,0,bambird
grecor,xc:280958,xc_280958,11.3894,15.418,11972.5,22006.9,167.70700073242188,0,bambird
grecor,xc:448710,xc_448710,0.0107,1.0453,4500.0,23953.1,164.97622680664062,0,bambird
grecor,xc:448710,xc_448710,13.1413,13.3973,23296.9,23953.1,144.84500122070312,0,bambird
grecor,xc:372106,xc_372106,112.8141,113.0115,7106.0,8053.4,141.735595703125,0,bambird
grecor,xc:987714,xc_987714,14.784,17.408,46.9,6093.8,134.6497344970703,0,bambird
grecor,xc:372106,xc_372106,3.065,3.6804,1679.6,3230.0,133.9442596435547,0,bambird
grecor,xc:308865,xc_308865,110.1973,111.648,22265.6,23953.1,130.67787170410156,0,bambird
grecor,xc:280958,xc_280958,17.74,19.7137,20628.8,22006.9,119.9545669555664,0,bambird
grecor,xc:448710,xc_448710,8.9387,9.7173,22828.1,23953.1,117.91239166259766,0,bambird
grecor,xc:448710,xc_448710,8.896,9.6427,20765.6,22640.6,116.85662841796875,0,bambird
grecor,xc:308865,xc_308865,110.1653,111.5627,18140.6,22265.6,116.37445068359375,0,bambird
grecor,xc:372106,xc_372106,81.7459,82.9765,18647.8,22006.9,112.61734008789062,0,bambird
grecor,xc:308865,xc_308865,27.4667,28.4373,19406.2,21703.1,104.85594177246094,0,bambird
grecor,xc:308865,xc_308865,27.4773,28.3627,22687.5,23859.4,102.95494079589844,0,bambird
grecor,xc:626272,xc_626272,1.9853,2.4033,17829.5,18906.2,98.55354309082031,0,bambird
grecor,xc:987714,xc_987714,4.9067,5.2587,5859.4,6421.9,97.97298431396484,0,bambird
grecor,xc:308865,xc_308865,120.0533,121.344,21046.9,23953.1,93.84810638427734,0,bambird
grecor,xc:448710,xc_448710,2.9333,3.1787,18984.4,20062.5,92.83585357666016,0,bambird
grecor,xc:90633,xc_90633,12.1673,12.771,20930.3,22006.9,91.66133117675781,0,bambird
grecor,xc:626272,xc_626272,10.658,10.8437,4134.4,4694.2,79.77149200439453,0,bambird
grecor,xc:726669,xc_726669,4.0533,5.4293,46.9,17109.4,78.58184051513672,0,bambird
grecor,xc:214292,xc_214292,124.496,126.56,31.2,7687.5,76.31747436523438,0,bambird
grecor,xc:726669,xc_726669,3.6907,5.0347,2296.9,23953.1,72.48951721191406,0,bambird
grecor,xc:280958,xc_280958,18.7733,20.213,17958.7,19164.6,67.36868286132812,0,bambird
grecor,xc:626272,xc_626272,10.925,11.2733,5211.0,7838.1,63.41279602050781,0,bambird
greegr,xc:1005363,xc_1005363,0.0213,3.744,46.9,22828.1,2380.251953125,3,bambird
greegr,xc:1005363,xc_1005363,5.3227,9.4933,46.9,23953.1,2344.8837890625,3,bambird
greegr,xc:1005363,xc_1005363,5.024,6.176,4546.9,23953.1,1652.178466796875,3,bambird
greegr,xc:1005363,xc_1005363,5.2907,5.536,2859.4,4031.2,847.697265625,3,bambird
greegr,xc:1005363,xc_1005363,3.168,3.5307,2437.5,3328.1,843.1240234375,3,bambird
greegr,xc:357715,xc_357715,2.0693,3.936,12234.4,23953.1,431.9947204589844,3,bambird
greegr,xc:357715,xc_357715,1.7707,2.048,23109.4,23953.1,161.86651611328125,3,bambird
greegr,xc:357715,xc_357715,1.7707,2.0373,20156.2,21750.0,153.50865173339844,3,bambird
greegr,xc:357715,xc_357715,1.8027,2.048,17156.2,19171.9,146.2350311279297,3,bambird
greegr,xc:357715,xc_357715,1.8027,2.0373,21937.5,22921.9,137.87716674804688,3,bambird
grywag,xc:864014,xc_864014,0.0107,3.136,46.9,23953.1,80.96700286865234,0,bambird
grywag,xc:78168,xc_78168,5.2245,5.5147,19466.0,20499.6,58.546913146972656,0,bambird
grywag,xc:78168,xc_78168,5.2245,5.4915,18001.8,19078.4,58.43009948730469,0,bambird
grywag,xc:78168,xc_78168,5.2361,5.4915,20844.1,21877.7,32.28589630126953,0,bambird
grywag,xc:78168,xc_78168,3.3669,4.1448,43.1,4995.7,27.962142944335938,0,bambird
grywag,xc:388636,xc_388636,2.3787,3.0293,23296.9,23953.1,27.529634475708008,0,bambird
grywag,xc:507377,xc_507377,52.832,53.4187,11906.2,14718.8,27.257259368896484,0,bambird
grywag,xc:78168,xc_78168,2.4033,2.8793,17226.6,19121.5,19.538049697875977,0,bambird
grywag,xc:864014,xc_864014,0.448,0.544,12890.6,13359.4,16.69476890563965,0,bambird
grywag,xc:388636,xc_388636,2.4213,2.6453,21093.8,21656.2,15.198709487915039,0,bambird
grywag,xc:507377,xc_507377,52.8427,53.1947,19875.0,21093.8,14.193209648132324,0,bambird
grywag,xc:592132,xc_592132,0.0116,0.8011,20155.1,21145.6,13.057828903198242,0,bambird
grywag,xc:507377,xc_507377,53.184,53.376,14437.5,15234.4,11.701900482177734,0,bambird
grywag,xc:507377,xc_507377,47.5733,47.8293,21328.1,21562.5,10.742916107177734,0,bambird
grywag,xc:696159,xc_696159,4.8065,6.5248,6072.4,16236.0,10.614234924316406,0,bambird
grywag,xc:696159,xc_696159,6.4551,7.6974,43.1,16365.2,10.34155559539795,0,bambird
grywag,xc:507377,xc_507377,52.9813,53.1733,3375.0,4125.0,9.758779525756836,0,bambird
grywag,xc:696159,xc_696159,5.329,6.8034,43.1,7235.2,9.589229583740234,0,bambird
grywag,xc:388636,xc_388636,2.5707,2.816,22125.0,22453.1,8.524191856384277,0,bambird
grywag,xc:592132,xc_592132,4.7601,5.4567,18949.2,22006.9,8.404115676879883,0,bambird
grywag,xc:386848,xc_386848,10.592,10.816,9937.5,10921.9,7.242592811584473,0,bambird
grywag,xc:592132,xc_592132,0.4992,0.8359,18733.9,19638.3,7.038886070251465,0,bambird
grywag,xc:386848,xc_386848,12.256,12.8213,1593.8,3046.9,6.276354789733887,0,bambird
grywag,xc:592132,xc_592132,0.0116,0.4528,18346.3,20025.9,6.0680108070373535,0,bambird
grywag,xc:592132,xc_592132,0.5108,0.8011,21188.7,22006.9,5.993048667907715,0,bambird
grywag,xc:767548,xc_767548,18.5411,19.0171,17140.4,18174.0,5.381300926208496,0,bambird
grywag,xc:864014,xc_864014,0.6293,1.4933,18140.6,23953.1,4.9719648361206055,0,bambird
grywag,xc:388636,xc_388636,0.5333,0.5973,22218.8,22546.9,4.824112892150879,0,bambird
grywag,xc:696159,xc_696159,9.021,9.8104,16020.7,18992.3,4.824057579040527,0,bambird
grywag,xc:432286,xc_432286,31.3702,31.405,20068.9,20499.6,4.520934104919434,0,bambird
jabwar,xc:385100,xc_385100,42.2603,44.9771,43.1,15633.1,546.5352172851562,0,bambird
jabwar,xc:191037,xc_191037,38.6148,43.8393,43.1,5297.2,461.1978454589844,0,bambird
jabwar,xc:385100,xc_385100,42.3068,44.1179,19767.5,22006.9,429.641845703125,0,bambird
jabwar,xc:191037,xc_191037,46.9856,52.8718,43.1,17786.4,405.00006103515625,0,bambird
jabwar,xc:329587,xc_329587,0.0232,5.7005,43.1,19466.0,329.4390869140625,0,bambird
jabwar,xc:191203,xc_191203,5.5147,8.5547,46.9,22125.0,280.5083312988281,0,bambird
jabwar,xc:191203,xc_191203,8.7573,11.04,46.9,21656.2,196.50753784179688,0,bambird
jabwar,xc:385100,xc_385100,40.3331,40.9368,21619.3,22006.9,168.12832641601562,0,bambird
jabwar,xc:191203,xc_191203,25.9947,27.6907,46.9,22781.2,167.73104858398438,0,bambird
jabwar,xc:191203,xc_191203,29.2267,30.6133,46.9,21562.5,161.83462524414062,0,bambird
jabwar,xc:385100,xc_385100,59.1761,59.8378,20284.3,20930.3,156.14207458496094,0,bambird
jabwar,xc:581688,xc_581688,95.616,100.1707,46.9,16734.4,152.9668731689453,0,bambird
jabwar,xc:385100,xc_385100,24.5667,31.4746,43.1,22006.9,152.74856567382812,0,bambird
jabwar,xc:191203,xc_191203,14.4213,16.352,46.9,22359.4,143.7313232421875,0,bambird
jabwar,xc:191037,xc_191037,48.5878,48.8432,17054.3,22006.9,129.36598205566406,0,bambird
jabwar,xc:191037,xc_191037,48.5878,48.6922,12747.7,12963.0,127.74781799316406,0,bambird
jabwar,xc:191038,xc_191038,23.7192,25.6116,1162.8,17528.0,123.90980529785156,0,bambird
jabwar,xc:191037,xc_191037,59.0483,59.1761,11369.5,12058.6,102.08903503417969,0,bambird
jabwar,xc:191038,xc_191038,13.7578,14.1758,20370.4,21016.4,99.91756439208984,0,bambird
jabwar,xc:191038,xc_191038,13.7346,14.0829,18820.0,19724.4,99.86787414550781,0,bambird
jabwar,xc:191038,xc_191038,13.7927,14.0249,17657.2,18389.4,99.77311706542969,0,bambird
jabwar,xc:191038,xc_191038,13.8275,14.0713,21705.5,22006.9,99.69794464111328,0,bambird
jabwar,xc:27362,xc_27362,3.065,3.6223,43.1,4349.7,91.03265380859375,0,bambird
jabwar,xc:155854,xc_155854,20.992,21.248,22218.8,23953.1,82.45811462402344,0,bambird
jabwar,xc:34404,xc_34404,14.4544,15.2207,17183.5,22006.9,62.808921813964844,0,bambird
jabwar,xc:486788,xc_486788,25.536,25.664,7687.5,8062.5,58.22332763671875,0,bambird
jabwar,xc:486788,xc_486788,23.6053,24.8107,20484.4,23953.1,57.83767318725586,0,bambird
jabwar,xc:27362,xc_27362,23.22,23.4754,13178.3,14944.0,55.4462890625,0,bambird
japwag1,ml:640256369,ml_640256369,13.4908,14.6866,43.1,15202.4,1763.919921875,0,bambird
japwag1,ml:640256369,ml_640256369,12.6084,13.4908,7364.4,15633.1,1373.1951904296875,0,bambird
japwag1,ml:640256369,ml_640256369,0.6153,2.2407,2928.5,8441.0,1183.53857421875,0,bambird
japwag1,ml:640256369,ml_640256369,22.7788,23.5218,10551.3,12317.0,1173.12548828125,0,bambird
japwag1,ml:640256369,ml_640256369,1.8228,2.7051,43.1,689.1,1056.77392578125,0,bambird
japwag1,ml:640402579,ml_640402579,4.2144,8.1386,43.1,22006.9,527.7122192382812,0,bambird
japwag1,ml:170805251,ml_170805251,38.6133,40.7893,6796.9,11859.4,388.9013671875,0,bambird
japwag1,ml:611293787,ml_611293787,22.7207,23.6611,5555.6,22006.9,365.68084716796875,0,bambird
japwag1,ml:640402579,ml_640402579,2.113,3.8777,387.6,22006.9,303.62249755859375,0,bambird
japwag1,ml:611293787,ml_611293787,13.0612,14.5821,5340.2,22006.9,288.02001953125,0,bambird
japwag1,ml:611293787,ml_611293787,25.9019,26.552,818.3,4005.2,277.50335693359375,0,bambird
japwag1,ml:611293787,ml_611293787,23.1387,23.5218,43.1,387.6,276.5662841796875,0,bambird
japwag1,ml:640402579,ml_640402579,8.7771,10.2864,43.1,16925.1,265.2197570800781,0,bambird
labcro1,xc:307471,xc_307471,2.432,2.9227,20953.1,21656.2,708.8428955078125,1,bambird
labcro1,xc:307471,xc_307471,2.3467,2.8907,23343.8,23953.1,697.953857421875,1,bambird
labcro1,xc:811821,xc_811821,129.37,130.1362,19552.1,22006.9,628.1544189453125,1,bambird
labcro1,xc:307471,xc_307471,3.52,4.0853,20953.1,23156.2,603.684814453125,1,bambird
labcro1,xc:307471,xc_307471,3.5093,4.0747,23578.1,23953.1,599.0162353515625,1,bambird
labcro1,xc:133745,xc_133745,159.8462,160.7401,43.1,6201.6,536.9992065429688,1,bambird
labcro1,xc:307471,xc_307471,3.7333,4.1707,5343.8,5812.5,533.180908203125,1,bambird
labcro1,xc:81350,xc_81350,0.0348,3.2044,43.1,22006.9,503.6379089355469,1,bambird
labcro1,xc:350538,xc_350538,0.6502,3.9474,18777.0,22006.9,418.49920654296875,1,bambird
labcro1,xc:350538,xc_350538,15.3136,18.3902,43.1,9302.3,372.0023498535156,1,bambird
labcro1,xc:811821,xc_811821,74.2226,75.1398,19810.5,21274.8,358.9510498046875,1,bambird
labcro1,xc:811821,xc_811821,129.37,129.5557,21533.2,22006.9,323.57470703125,1,bambird
labcro1,xc:344448,xc_344448,5.2825,5.4219,9302.3,9948.3,316.8871154785156,1,bambird
labcro1,xc:811821,xc_811821,14.5473,15.3948,19466.0,22006.9,312.8072509765625,1,bambird
labcro1,xc:811821,xc_811821,53.9167,54.7062,19896.7,22006.9,302.42803955078125,1,bambird
labcro1,xc:603876,xc_603876,0.0107,5.1093,46.9,23953.1,253.70175170898438,1,bambird
labcro1,xc:350538,xc_350538,18.2161,18.4715,7708.9,8656.3,245.54104614257812,1,bambird
labcro1,xc:350538,xc_350538,1.6486,2.0898,20413.5,20887.2,208.284912109375,1,bambird
labcro1,xc:350538,xc_350538,1.6718,2.055,16451.4,16882.0,207.78564453125,1,bambird
labcro1,xc:133745,xc_133745,114.0448,114.4512,43.1,9087.0,194.8074188232422,1,bambird
labcro1,xc:133745,xc_133745,114.5092,114.8807,43.1,9173.1,191.49557495117188,1,bambird
labcro1,xc:133745,xc_133745,132.0403,132.4466,43.1,3703.7,180.6268310546875,1,bambird
labcro1,xc:344448,xc_344448,5.2941,5.3754,21145.6,21576.3,173.31881713867188,1,bambird
labcro1,xc:133745,xc_133745,113.6036,113.9519,43.1,9043.9,158.4025115966797,1,bambird
labcro1,xc:344448,xc_344448,5.2013,5.2825,18174.0,18992.3,157.30123901367188,1,bambird
labcro1,xc:344448,xc_344448,3.7849,3.9126,15159.4,15590.0,143.6414337158203,1,bambird
labcro1,xc:344448,xc_344448,4.2725,4.3305,13781.2,14039.6,126.40469360351562,1,bambird
litegr,xc:365090,xc_365090,3.6571,4.0403,15934.6,19250.7,3119.73388671875,0,bambird
litegr,xc:365090,xc_365090,1.0565,1.3816,16063.8,18604.7,2279.2578125,0,bambird
litegr,xc:372947,xc_372947,7.5465,9.3576,43.1,6847.6,1329.0888671875,0,bambird
litegr,xc:365090,xc_365090,0.3831,0.5573,16106.8,18561.6,1258.0538330078125,0,bambird
litegr,xc:365090,xc_365090,0.209,0.3135,15977.6,18777.0,1072.19140625,0,bambird
litegr,xc:365090,xc_365090,1.8228,2.055,172.3,2885.4,1049.922607421875,0,bambird
litegr,xc:331548,xc_331548,231.4333,232.3273,5512.5,8053.4,787.1062622070312,0,bambird
litegr,xc:372947,xc_372947,6.3855,7.3839,43.1,1550.4,770.7391357421875,0,bambird
litegr,xc:372947,xc_372947,1.2539,6.4319,43.1,22006.9,452.94000244140625,0,bambird
litegr,xc:372947,xc_372947,0.2322,1.8924,43.1,4780.4,385.201416015625,0,bambird
litegr,xc:331548,xc_331548,231.619,231.9557,4952.6,5986.2,363.6165466308594,0,bambird
litegr,xc:372947,xc_372947,15.418,18.7385,43.1,17872.6,353.7012939453125,0,bambird
litegr,xc:710201,xc_710201,16.544,16.992,15843.8,18281.2,345.40093994140625,0,bambird
litegr,xc:710201,xc_710201,16.544,16.9813,20296.9,21140.6,345.22576904296875,0,bambird
litegr,xc:710201,xc_710201,16.5547,16.9813,14437.5,15234.4,344.31475830078125,0,bambird
litegr,xc:710201,xc_710201,16.5547,16.9813,18562.5,19968.8,344.31475830078125,0,bambird
litegr,xc:710201,xc_710201,16.5547,16.9813,21843.8,23250.0,344.31475830078125,0,bambird
litegr,xc:331548,xc_331548,270.2106,273.4962,43.1,22006.9,201.17092895507812,0,bambird
litegr,xc:331548,xc_331548,10.8902,11.3894,20370.4,20758.0,183.92628479003906,0,bambird
litegr,xc:331548,xc_331548,231.8861,232.246,21662.4,22006.9,165.59686279296875,0,bambird
litgre1,xc:380340,xc_380340,6.7802,8.5217,18518.6,20198.1,1911.2314453125,0,bambird
litgre1,xc:380340,xc_380340,47.8795,48.2046,21576.3,22006.9,1871.59375,0,bambird
litgre1,xc:380340,xc_380340,7.0008,8.5217,20327.3,22006.9,1801.3477783203125,0,bambird
litgre1,xc:380340,xc_380340,47.9608,48.1234,2799.3,3531.4,1124.21044921875,0,bambird
litgre1,xc:380340,xc_380340,47.984,48.5413,6460.0,9517.7,1114.4786376953125,0,bambird
litgre1,xc:712583,xc_712583,43.3067,43.6587,937.5,1593.8,749.133544921875,0,bambird
litgre1,xc:712583,xc_712583,43.6907,43.9467,984.4,1453.1,609.993408203125,0,bambird
litgre1,xc:712583,xc_712583,19.7973,20.512,6421.9,8015.6,501.47552490234375,0,bambird
litgre1,xc:827756,xc_827756,0.0116,5.1316,43.1,22006.9,443.0748596191406,0,bambird
litgre1,xc:712583,xc_712583,43.392,43.5947,22968.8,23531.2,412.1421813964844,0,bambird
litgre1,xc:712583,xc_712583,43.3493,43.552,21656.2,22171.9,409.8116455078125,0,bambird
litgre1,xc:314911,xc_314911,23.6611,24.5203,12963.0,20284.3,184.56521606445312,0,bambird
lottit1,xc:424195,xc_424195,192.6507,193.664,46.9,2062.5,625.0968017578125,1,bambird
lottit1,xc:424195,xc_424195,33.28,34.5067,46.9,328.1,428.3101501464844,1,bambird
lottit1,xc:424195,xc_424195,6.528,7.5413,46.9,1265.6,409.7736511230469,1,bambird
lottit1,xc:424195,xc_424195,10.88,11.4133,375.0,1218.8,404.9832763671875,1,bambird
lottit1,xc:424195,xc_424195,7.9467,8.7573,7265.6,9656.2,402.8037109375,1,bambird
lottit1,xc:708449,xc_708449,7.392,7.7973,21187.5,22265.6,169.80508422851562,1,bambird
mallar3,xc:308994,xc_308994,0.9493,1.2907,703.1,3093.8,133.91236877441406,0,bambird
mallar3,xc:541823,xc_541823,3.9253,5.1413,46.9,23953.1,111.80951690673828,0,bambird
mallar3,xc:541823,xc_541823,10.9547,11.648,46.9,9656.2,78.38737487792969,0,bambird
mallar3,xc:396538,xc_396538,310.144,310.2187,17203.1,17437.5,77.22807312011719,0,bambird
mallar3,xc:845103,xc_845103,1.1842,2.0782,861.3,3876.0,77.08665466308594,0,bambird
mallar3,xc:396538,xc_396538,307.1147,307.2107,20109.4,20343.8,64.73619079589844,0,bambird
mallar3,xc:601278,xc_601278,47.1133,47.6938,19982.8,22006.9,63.66518783569336,0,bambird
mallar3,xc:396538,xc_396538,274.6453,274.7627,20062.5,20484.4,61.790184020996094,0,bambird
mallar3,xc:308994,xc_308994,1.3867,1.504,20625.0,21468.8,61.14580535888672,0,bambird
mallar3,xc:541823,xc_541823,11.2853,12.3307,46.9,23953.1,60.98809814453125,0,bambird
mallar3,xc:308994,xc_308994,1.3973,1.504,22359.4,22640.6,60.64640426635742,0,bambird
mallar3,xc:396538,xc_396538,307.0933,307.1787,22968.8,23390.6,59.18193817138672,0,bambird
mallar3,xc:308994,xc_308994,0.96,1.1733,15703.1,20578.1,57.27888488769531,0,bambird
mallar3,xc:396538,xc_396538,233.4933,233.6,20156.2,20484.4,57.00434875488281,0,bambird
mallar3,xc:308994,xc_308994,0.9813,1.12,23671.9,23953.1,53.39696502685547,0,bambird
mallar3,xc:541823,xc_541823,3.1573,3.7973,46.9,23953.1,45.49135208129883,0,bambird
mallar3,xc:879568,xc_879568,1.2771,1.5557,430.7,1076.7,43.9541130065918,0,bambird
mallar3,xc:845103,xc_845103,0.4063,1.1494,43.1,9646.9,39.62740707397461,0,bambird
mallar3,xc:573929,xc_573929,4.4698,4.6672,17312.7,18303.2,39.49212646484375,0,bambird
mallar3,xc:541823,xc_541823,5.856,6.5173,46.9,10875.0,37.2332649230957,0,bambird
mallar3,xc:170676,xc_170676,9.1487,9.3925,19422.9,20456.5,36.064693450927734,0,bambird
mallar3,xc:573929,xc_573929,4.5047,4.6092,18174.0,18690.8,34.56238555908203,0,bambird
mallar3,xc:170676,xc_170676,8.3708,8.6378,19810.5,21533.2,34.016231536865234,0,bambird
mallar3,xc:601278,xc_601278,42.2719,42.5738,17183.5,21317.9,33.11793518066406,0,bambird
mallar3,xc:845103,xc_845103,0.952,1.161,5814.0,6330.8,31.07724952697754,0,bambird
mallar3,xc:601278,xc_601278,17.7052,17.9722,17441.9,18217.1,29.29928970336914,0,bambird
meabun1,xc:155678,xc_155678,32.32,33.088,14718.8,23953.1,458.4151306152344,1,bambird
meabun1,xc:155678,xc_155678,19.4133,20.7253,16078.1,23953.1,425.3961181640625,1,bambird
meabun1,xc:155678,xc_155678,20.544,20.832,20718.8,23953.1,197.52731323242188,1,bambird
meabun1,xc:155678,xc_155678,20.8533,21.28,20390.6,23953.1,164.80165100097656,1,bambird
meabun1,xc:155678,xc_155678,8.288,8.384,8109.4,8671.9,151.0111846923828,1,bambird
meabun1,xc:94559,xc_94559,22.112,22.5813,46.9,1078.1,47.23308563232422,1,bambird
norpin,xc:715211,xc_715211,2.1014,7.4536,17657.2,22006.9,567.5018310546875,0,bambird
norpin,xc:715211,xc_715211,9.3809,11.3197,17958.7,22006.9,232.3961944580078,0,bambird
norpin,xc:715211,xc_715211,14.0249,16.4397,19078.4,22006.9,227.12960815429688,0,bambird
norpin,xc:432258,xc_432258,0.3019,4.8646,43.1,8656.3,210.48687744140625,0,bambird
norpin,xc:984329,xc_984329,21.7919,22.0938,20542.7,20758.0,178.27349853515625,0,bambird
norpin,xc:715211,xc_715211,6.1649,7.4652,20628.8,22006.9,168.375244140625,0,bambird
norpin,xc:432258,xc_432258,11.1688,14.5241,43.1,17011.2,143.86318969726562,0,bambird
norpin,xc:715211,xc_715211,7.0821,8.0225,18647.8,20671.9,126.83746337890625,0,bambird
norpin,xc:984329,xc_984329,21.85,22.1402,7321.3,8268.8,124.61813354492188,0,bambird
norpin,xc:984329,xc_984329,21.6642,21.8384,559.9,1938.0,110.40921020507812,0,bambird
norpin,xc:129047,xc_129047,8.4753,8.6959,21231.7,22006.9,96.99495697021484,0,bambird
norpin,xc:984329,xc_984329,21.5946,21.8035,2110.3,2756.2,95.43592834472656,0,bambird
norpin,xc:984329,xc_984329,21.8848,21.9893,18906.2,19379.9,86.25379180908203,0,bambird
norpin,xc:432258,xc_432258,5.2013,6.9776,43.1,10379.0,75.22564697265625,0,bambird
norpin,xc:432258,xc_432258,5.1897,6.5945,10292.9,22006.9,65.12985229492188,0,bambird
norpin,xc:616572,xc_616572,5.3333,5.4187,22359.4,22640.6,63.35985565185547,0,bambird
norpin,xc:616572,xc_616572,5.344,5.4293,20859.4,21093.8,63.00910949707031,0,bambird
norpin,xc:432258,xc_432258,17.9026,20.3523,43.1,7019.8,58.55854797363281,0,bambird
norpin,xc:972654,xc_972654,4.7369,5.2477,11326.5,20155.1,50.196861267089844,0,bambird
norpin,xc:614451,xc_614451,4.5511,6.1301,43.1,3100.8,49.370887756347656,0,bambird
norpin,xc:640792,xc_640792,4.7573,4.9173,19359.4,19734.4,46.84011459350586,0,bambird
norpin,xc:640792,xc_640792,4.7893,4.9173,20812.5,21187.5,46.47807312011719,0,bambird
norpin,xc:640792,xc_640792,4.7893,4.9173,22359.4,22640.6,46.47807312011719,0,bambird
norpin,xc:129047,xc_129047,9.021,9.1371,21490.1,22006.9,45.263973236083984,0,bambird
norpin,xc:129047,xc_129047,3.8081,4.0403,21274.8,22006.9,45.23149871826172,0,bambird
norpin,xc:616572,xc_616572,5.2907,5.3973,6187.5,6750.0,43.689605712890625,0,bambird
norpin,xc:972654,xc_972654,4.7485,5.2245,18690.8,22006.9,41.22451400756836,0,bambird
norpin,xc:616572,xc_616572,25.28,25.7707,20812.5,21328.1,40.71353530883789,0,bambird
norpin,xc:614451,xc_614451,58.7349,58.9322,11886.3,13350.6,40.165252685546875,0,bambird
norpin,xc:972654,xc_972654,4.7717,5.2129,9043.9,11283.4,39.750125885009766,0,bambird
norpin,xc:616572,xc_616572,25.408,25.792,22218.8,22687.5,39.17240905761719,0,bambird
norsho,xc:692984,xc_692984,8.1493,8.544,15937.5,23953.1,2023.29052734375,0,bambird
norsho,xc:612076,xc_612076,29.9947,34.8907,46.9,23953.1,1861.530029296875,0,bambird
norsho,xc:692984,xc_692984,9.0133,9.2267,8390.6,16312.5,1724.51123046875,0,bambird
norsho,xc:692984,xc_692984,1.0027,1.4933,22218.8,23953.1,1332.258544921875,0,bambird
norsho,xc:692984,xc_692984,8.1707,8.4373,15187.5,17437.5,1296.7493896484375,0,bambird
norsho,xc:692984,xc_692984,0.64,0.7893,17765.6,18468.8,1238.751708984375,0,bambird
norsho,xc:612076,xc_612076,25.3227,27.0933,46.9,18468.8,1127.261962890625,0,bambird
norsho,xc:612076,xc_612076,27.36,29.312,46.9,23953.1,564.3026123046875,0,bambird
norsho,xc:612076,xc_612076,26.4213,26.912,20531.2,21187.5,512.0653076171875,0,bambird
norsho,xc:612076,xc_612076,26.4107,26.8373,18890.6,20109.4,499.3980712890625,0,bambird
norsho,xc:1077690,xc_1077690,9.5147,9.888,1500.0,2531.2,349.382568359375,0,bambird
origre,xc:268302,xc_268302,2.0085,2.4149,43.1,4608.1,685.8524169921875,1,bambird
origre,xc:268302,xc_268302,11.1804,11.3429,4608.1,5297.2,378.9319763183594,1,bambird
origre,xc:268302,xc_268302,8.5101,8.5798,5469.4,5986.2,344.67242431640625,1,bambird
origre,xc:268302,xc_268302,10.5767,10.6347,3230.0,3488.4,325.926513671875,1,bambird
origre,xc:268302,xc_268302,2.0898,2.3452,11240.3,13479.8,324.15032958984375,1,bambird
origre,xc:401718,xc_401718,8.603,8.7307,4694.2,4909.6,31.286762237548828,1,bambird
origre,xc:401718,xc_401718,11.9467,12.1789,3186.9,4134.4,30.326452255249023,1,bambird
ortdov,xc:955876,xc_955876,10.3467,13.024,46.9,21000.0,6986.0283203125,0,bambird
ortdov,xc:955876,xc_955876,5.632,7.7333,46.9,6703.1,4805.064453125,0,bambird
ortdov,xc:955876,xc_955876,8.4907,10.2827,46.9,4921.9,4600.00634765625,0,bambird
ortdov,xc:955876,xc_955876,7.4347,9.0027,46.9,1500.0,3627.226318359375,0,bambird
ortdov,xc:955876,xc_955876,6.7093,7.9253,6890.6,21000.0,3154.1259765625,0,bambird
osprey,xc:272312,xc_272312,17.1015,17.4266,689.1,3143.8,4305.4677734375,0,bambird
osprey,xc:272312,xc_272312,41.5405,42.0165,12661.5,22006.9,2887.6103515625,0,bambird
osprey,xc:272312,xc_272312,16.8925,17.2989,6373.8,10034.5,2657.9736328125,0,bambird
osprey,xc:272312,xc_272312,50.5731,50.8749,20068.9,22006.9,2567.52587890625,0,bambird
osprey,xc:272312,xc_272312,42.0746,42.2603,21447.1,22006.9,2537.49853515625,0,bambird
osprey,xc:118482,xc_118482,18.4715,21.6294,3660.6,22006.9,772.529296875,0,bambird
osprey,xc:118482,xc_118482,27.8059,29.6983,3660.6,13092.2,595.7376708984375,0,bambird
osprey,xc:118482,xc_118482,27.7711,29.1643,12618.5,22006.9,572.0903930664062,0,bambird
osprey,xc:118482,xc_118482,20.7586,22.7672,43.1,12187.8,492.582275390625,0,bambird
osprey,xc:118482,xc_118482,28.8856,31.2076,43.1,22006.9,474.453857421875,0,bambird
osprey,xc:664256,xc_664256,44.3307,45.4507,18890.6,21375.0,313.7845764160156,0,bambird
osprey,xc:664256,xc_664256,40.7573,41.824,18140.6,22359.4,254.2117919921875,0,bambird
osprey,xc:664256,xc_664256,40.7573,41.824,22125.0,23906.2,254.2117919921875,0,bambird
osprey,xc:511013,xc_511013,9.4157,12.086,13609.0,22006.9,244.57496643066406,0,bambird
osprey,xc:664256,xc_664256,45.2373,46.1867,17156.2,23953.1,189.5404510498047,0,bambird
palthr1,xc:652386,xc_652386,31.1787,31.7013,6703.1,12656.2,618.658447265625,0,bambird
palthr1,xc:652386,xc_652386,29.7173,30.2293,7031.2,15750.0,583.176025390625,0,bambird
palthr1,xc:652386,xc_652386,30.272,30.88,6187.5,15984.4,579.5882568359375,0,bambird
palthr1,xc:652386,xc_652386,27.776,27.936,10265.6,12234.4,498.466796875,0,bambird
palthr1,xc:652386,xc_652386,31.424,31.712,19218.8,19921.9,362.9481201171875,0,bambird
palthr1,xc:637017,xc_637017,0.0107,0.6187,21140.6,23953.1,87.58183288574219,0,bambird
pygwoo1,xc:155862,xc_155862,10.848,13.0347,8906.2,23953.1,556.1485595703125,0,bambird
pygwoo1,xc:155862,xc_155862,34.1547,36.2133,46.9,16312.5,328.02215576171875,0,bambird
pygwoo1,xc:155862,xc_155862,27.0293,29.0987,46.9,23953.1,269.74188232421875,0,bambird
pygwoo1,xc:267395,xc_267395,4.702,6.0836,2756.2,3789.8,212.52890014648438,0,bambird
pygwoo1,xc:155862,xc_155862,46.0907,48.8107,7828.1,23953.1,199.84793090820312,0,bambird
pygwoo1,xc:858022,xc_858022,9.28,9.4933,46.9,8437.5,198.65272521972656,0,bambird
pygwoo1,xc:858022,xc_858022,9.28,9.4933,9984.4,15328.1,198.65272521972656,0,bambird
pygwoo1,xc:155862,xc_155862,5.3653,7.1893,8062.5,23953.1,188.88833618164062,0,bambird
pygwoo1,xc:267415,xc_267415,2.6355,3.4017,13092.2,15590.0,162.17684936523438,0,bambird
pygwoo1,xc:841033,xc_841033,0.0107,1.1093,3375.0,23953.1,144.34274291992188,0,bambird
pygwoo1,xc:267394,xc_267394,46.9972,50.0042,43.1,22006.9,128.3585968017578,0,bambird
pygwoo1,xc:267415,xc_267415,3.3553,4.6208,12015.5,15891.5,118.22918701171875,0,bambird
pygwoo1,xc:858022,xc_858022,0.0107,0.128,23109.4,23953.1,97.50244903564453,0,bambird
pygwoo1,xc:267394,xc_267394,66.8038,69.3812,43.1,22006.9,90.79507446289062,0,bambird
pygwoo1,xc:155674,xc_155674,40.2453,40.4373,16500.0,16875.0,83.20764923095703,0,bambird
pygwoo1,xc:267394,xc_267394,43.2356,44.0018,13436.7,22006.9,76.7142333984375,0,bambird
pygwoo1,xc:267394,xc_267394,202.1994,206.6924,43.1,22006.9,76.18534851074219,0,bambird
pygwoo1,xc:858022,xc_858022,5.2053,5.472,7359.4,8859.4,75.34785461425781,0,bambird
pygwoo1,xc:858022,xc_858022,8.0533,9.1307,46.9,1828.1,70.8206787109375,0,bambird
pygwoo1,xc:267394,xc_267394,42.9105,43.3749,17485.0,20025.9,70.36479949951172,0,bambird
pygwoo1,xc:267415,xc_267415,2.8096,3.0766,1248.9,2368.7,70.18574523925781,0,bambird
pygwoo1,xc:267415,xc_267415,3.0418,3.2972,17398.8,18432.4,65.14500427246094,0,bambird
pygwoo1,xc:155674,xc_155674,52.5973,52.8,11156.2,12562.5,62.201026916503906,0,bambird
pygwoo1,xc:267395,xc_267395,4.5047,4.7485,9560.7,10249.8,59.453521728515625,0,bambird
pygwoo1,xc:841033,xc_841033,0.0213,0.128,7171.9,7828.1,58.92704391479492,0,bambird
pygwoo1,xc:267395,xc_267395,3.8661,4.1099,9259.3,10120.6,54.48506164550781,0,bambird
pygwoo1,xc:267395,xc_267395,4.1099,4.3654,8828.6,10206.7,53.306884765625,0,bambird
pygwoo1,xc:267395,xc_267395,4.0751,4.3073,17614.2,18389.4,51.45738220214844,0,bambird
pygwoo1,xc:155674,xc_155674,0.864,1.1627,11015.6,12515.6,49.77394104003906,0,bambird
pygwoo1,xc:267415,xc_267415,3.0883,3.4249,11584.9,12704.6,43.9714241027832,0,bambird
rocpig,xc:269761,xc_269761,0.0348,5.329,43.1,18260.2,3727.673095703125,0,bambird
rocpig,xc:269761,xc_269761,0.0464,5.1548,16193.0,22006.9,3693.8955078125,0,bambird
rocpig,xc:269761,xc_269761,0.0464,1.7531,9948.3,19939.7,1275.17431640625,0,bambird
rocpig,xc:269761,xc_269761,6.4435,7.6626,20801.1,21317.9,891.3714599609375,0,bambird
rocpig,xc:269761,xc_269761,3.959,4.6556,21404.0,22006.9,858.0734252929688,0,bambird
rocpig,xc:348079,xc_348079,1.8924,2.2872,43.1,689.1,723.21630859375,0,bambird
rocpig,xc:1046372,xc_1046372,0.9288,1.1029,43.1,258.4,707.7456665039062,0,bambird
rocpig,xc:486873,xc_486873,15.488,16.6187,23390.6,23953.1,681.6316528320312,0,bambird
rocpig,xc:706902,xc_706902,18.7037,28.5838,43.1,22006.9,628.533203125,0,bambird
rocpig,xc:348079,xc_348079,1.9389,2.5078,19724.4,21231.7,627.8186645507812,0,bambird
rocpig,xc:706902,xc_706902,8.9165,15.2091,43.1,4177.4,627.46875,0,bambird
rocpig,xc:348079,xc_348079,1.9389,2.2639,18777.0,19035.4,621.6546630859375,0,bambird
rocpig,xc:348079,xc_348079,1.9389,2.2639,21576.3,21791.6,621.6546630859375,0,bambird
rocpig,xc:706902,xc_706902,59.2573,67.4307,43.1,22006.9,586.2279052734375,0,bambird
rocpig,xc:348079,xc_348079,1.9737,2.2872,17441.9,17657.2,544.36474609375,0,bambird
rocpig,xc:706902,xc_706902,74.9772,78.1932,43.1,16451.4,451.3535461425781,0,bambird
rocpig,xc:706902,xc_706902,67.8139,73.0848,43.1,22006.9,434.0137634277344,0,bambird
rocpig,xc:48676,xc_48676,15.8244,16.8112,18044.8,18475.5,387.88671875,0,bambird
rocpig,xc:48676,xc_48676,15.8592,16.8112,17312.7,17743.4,387.87603759765625,0,bambird
rocpig,xc:48676,xc_48676,15.8592,16.8112,18690.8,19121.5,387.87603759765625,0,bambird
rocpig,xc:48676,xc_48676,15.8824,16.8229,19552.1,19853.6,387.79052734375,0,bambird
rocpig,xc:48676,xc_48676,15.8824,16.8229,20844.1,21274.8,387.79052734375,0,bambird
rocpig,xc:645563,xc_645563,125.5893,126.016,20484.4,20859.4,380.66241455078125,0,bambird
rocpig,xc:486873,xc_486873,6.112,7.1573,20343.8,23953.1,380.6474914550781,0,bambird
rocpig,xc:51716,xc_51716,12.5504,12.7361,17355.8,17657.2,378.6356506347656,0,bambird
rocpig,xc:486873,xc_486873,6.3573,7.0827,16640.6,17062.5,365.6292419433594,0,bambird
rocpig,xc:486873,xc_486873,6.3573,7.0827,17343.8,17859.4,365.6292419433594,0,bambird
rocpig,xc:486873,xc_486873,6.3573,7.0827,20390.6,20859.4,365.6292419433594,0,bambird
rocpig,xc:645563,xc_645563,125.6533,126.048,23203.1,23765.6,352.2089538574219,0,bambird
rocpig,xc:645563,xc_645563,125.6533,126.0373,21234.4,21562.5,351.7164001464844,0,bambird
rocpig,xc:51716,xc_51716,12.562,12.6781,14642.6,14857.9,350.7471923828125,0,bambird
rocpig,xc:645563,xc_645563,125.664,126.0267,21937.5,22265.6,335.20574951171875,0,bambird
skylar,xc:718610,xc_718610,35.1787,35.424,12984.4,16781.2,247.44967651367188,1,bambird
skylar,xc:627311,xc_627311,158.453,158.5575,20241.2,20585.7,189.33877563476562,1,bambird
skylar,xc:627311,xc_627311,119.2345,119.6989,43.1,904.4,185.734130859375,1,bambird
skylar,xc:627311,xc_627311,119.3041,119.7453,20887.2,21877.7,170.23068237304688,1,bambird
skylar,xc:287131,xc_287131,3.7616,4.6324,10465.1,13092.2,144.14736938476562,1,bambird
skylar,xc:627311,xc_627311,162.0985,162.4816,43.1,1076.7,131.24563598632812,1,bambird
skylar,xc:718610,xc_718610,35.4773,35.616,11156.2,23953.1,126.53858947753906,1,bambird
skylar,xc:627311,xc_627311,53.104,53.5104,14814.8,19207.6,122.74179077148438,1,bambird
skylar,xc:718610,xc_718610,35.328,35.4133,17906.2,18609.4,120.86358642578125,1,bambird
skylar,xc:718610,xc_718610,10.752,11.2107,20390.6,22593.8,115.82601928710938,1,bambird
skylar,xc:287131,xc_287131,1.9737,3.1347,43.1,16106.8,107.35025024414062,1,bambird
skylar,xc:718610,xc_718610,2.7093,3.296,18984.4,21234.4,99.85125732421875,1,bambird
skylar,xc:287131,xc_287131,3.8777,4.2144,3531.4,5168.0,78.14427185058594,1,bambird
skylar,xc:287131,xc_287131,6.4784,7.1053,8182.6,16968.2,77.32414245605469,1,bambird
skylar,xc:917689,xc_917689,10.1123,10.2052,19767.5,20671.9,70.49661254882812,1,bambird
skylar,xc:287131,xc_287131,4.168,4.6556,5168.0,10120.6,68.90290832519531,1,bambird
spbduc,xc:858060,xc_858060,69.2053,75.136,46.9,23953.1,2006.143310546875,0,bambird
spbduc,xc:266818,xc_266818,3.4714,4.0403,43.1,2325.6,1949.1658935546875,0,bambird
spbduc,xc:858060,xc_858060,76.5973,83.3067,46.9,23953.1,1582.4656982421875,0,bambird
spbduc,xc:266818,xc_266818,3.5991,3.959,12963.0,17657.2,1262.610107421875,0,bambird
spbduc,xc:414280,xc_414280,9.8347,14.7307,46.9,23953.1,1199.4541015625,0,bambird
spbduc,xc:414280,xc_414280,0.032,3.7547,46.9,23953.1,1133.79736328125,0,bambird
spbduc,xc:21569,xc_21569,4.168,5.12,1162.8,20801.1,880.4041748046875,0,bambird
spbduc,xc:854546,xc_854546,64.9013,64.9867,13406.2,14343.8,868.1259765625,0,bambird
spbduc,xc:854546,xc_854546,69.776,69.824,2531.2,3187.5,750.2608642578125,0,bambird
spbduc,xc:21569,xc_21569,3.6107,4.377,10249.8,20930.3,727.0573120117188,0,bambird
spbduc,xc:414280,xc_414280,3.904,4.896,21281.2,23953.1,708.283935546875,0,bambird
spbduc,xc:854546,xc_854546,30.7467,30.8267,12562.5,14437.5,640.1965942382812,0,bambird
spbduc,xc:858061,xc_858061,0.6187,0.9173,46.9,9187.5,623.2186889648438,0,bambird
spbduc,xc:854546,xc_854546,28.8427,28.944,5906.2,7031.2,579.1366577148438,0,bambird
spbduc,xc:854546,xc_854546,26.208,26.7307,187.5,4687.5,575.8807373046875,0,bambird
spbduc,xc:21569,xc_21569,0.418,0.9868,7364.4,20930.3,574.9476318359375,0,bambird
spbduc,xc:858061,xc_858061,0.0107,0.672,46.9,23953.1,555.9276733398438,0,bambird
spbduc,xc:21569,xc_21569,2.6587,3.2044,13867.4,20542.7,539.831787109375,0,bambird
spbduc,xc:266818,xc_266818,3.6339,3.9126,9689.9,12790.7,513.413330078125,0,bambird
spbduc,xc:21569,xc_21569,4.4118,5.0155,43.1,4220.5,505.66339111328125,0,bambird
spbduc,xc:414280,xc_414280,2.6347,3.968,3281.2,23953.1,438.3691101074219,0,bambird
spbduc,xc:414280,xc_414280,0.0107,1.0347,20718.8,23953.1,434.93402099609375,0,bambird
spbduc,xc:858061,xc_858061,1.3333,1.6,46.9,8250.0,399.64544677734375,0,bambird
spbduc,xc:858061,xc_858061,1.6747,1.952,46.9,11484.4,398.5430908203125,0,bambird
spbduc,xc:858061,xc_858061,0.992,1.2373,3750.0,8531.2,370.7607421875,0,bambird
spbduc,xc:858060,xc_858060,2.624,3.5413,46.9,656.2,355.86627197265625,0,bambird
spbduc,xc:858060,xc_858060,32.5227,32.8107,1406.2,7734.4,341.3701171875,0,bambird
spbduc,xc:266818,xc_266818,3.7849,3.959,3273.0,4005.2,312.00390625,0,bambird
spbduc,xc:266818,xc_266818,3.7152,3.9242,6072.4,7795.0,309.7325744628906,0,bambird
spbduc,xc:858060,xc_858060,32.9493,33.28,1406.2,7734.4,302.156005859375,0,bambird
tufduc,xc:992786,xc_992786,27.0629,27.179,10508.2,10895.8,54.173362731933594,1,bambird
tufduc,xc:992786,xc_992786,27.0745,27.1906,13307.5,13824.3,41.54289627075195,1,bambird
tufduc,xc:763788,xc_763788,2.4961,2.7167,16537.5,18992.3,36.515743255615234,1,bambird
tufduc,xc:992786,xc_992786,14.0713,14.1758,11843.3,12144.7,32.95687484741211,1,bambird
tufduc,xc:530275,xc_530275,19.052,19.1565,20155.1,20370.4,32.32023239135742,1,bambird
tufduc,xc:763788,xc_763788,2.6239,2.7283,21016.4,21963.9,30.91412353515625,1,bambird
tufduc,xc:76445,xc_76445,3.1231,3.1811,43.1,387.6,29.588451385498047,1,bambird
tufduc,xc:763788,xc_763788,2.2523,2.4381,9905.3,13781.2,26.825016021728516,1,bambird
tufduc,xc:992786,xc_992786,1.3584,1.5093,9689.9,10551.3,26.778955459594727,1,bambird
tufduc,xc:530275,xc_530275,19.0636,19.1565,17441.9,17657.2,25.770687103271484,1,bambird
tufduc,xc:76445,xc_76445,4.0751,4.1564,16279.1,16839.0,24.270774841308594,1,bambird
tufduc,xc:530275,xc_530275,10.3909,10.6463,11455.7,18561.6,22.729381561279297,1,bambird
tufduc,xc:796658,xc_796658,15.5947,16.0107,13453.1,23953.1,21.4800968170166,1,bambird
tufduc,xc:587228,xc_587228,33.728,33.9413,20718.8,21375.0,21.3204402923584,1,bambird
tufduc,xc:587228,xc_587228,8.5547,8.9173,19265.6,22171.9,20.66458511352539,1,bambird
tufduc,xc:992786,xc_992786,45.0119,45.1512,16106.8,16968.2,18.720378875732422,1,bambird
tufduc,xc:796658,xc_796658,16.1173,16.2027,11437.5,12046.9,18.23430633544922,1,bambird
tufduc,xc:796658,xc_796658,16.1173,16.2027,12515.6,13218.8,18.23430633544922,1,bambird
tufduc,xc:530275,xc_530275,30.8013,30.8825,5900.1,6115.4,17.81978416442871,1,bambird
tufduc,xc:632557,xc_632557,44.4587,45.0347,22453.1,23953.1,17.23544692993164,1,bambird
tufduc,xc:632557,xc_632557,45.088,45.3227,9562.5,10828.1,16.231903076171875,1,bambird
tufduc,xc:587228,xc_587228,8.736,9.2587,21609.4,23953.1,16.19373893737793,1,bambird
tufduc,xc:632557,xc_632557,1.1733,1.312,22828.1,23812.5,15.721046447753906,1,bambird
tufduc,xc:587228,xc_587228,8.736,9.0347,16921.9,17859.4,15.534634590148926,1,bambird
tufduc,xc:587228,xc_587228,1.472,1.664,18140.6,19734.4,14.728906631469727,1,bambird
tufduc,xc:632557,xc_632557,45.056,45.2693,19125.0,20906.2,14.260424613952637,1,bambird
tufduc,xc:530275,xc_530275,19.1681,19.4119,19896.7,21145.6,13.489816665649414,1,bambird
tufduc,xc:706888,xc_706888,3.3088,5.2013,8527.1,22006.9,13.302057266235352,1,bambird
tufduc,xc:417298,xc_417298,3.3707,3.8293,46.9,1265.6,12.953093528747559,1,bambird
tufduc,xc:632557,xc_632557,6.1653,6.592,22593.8,23953.1,12.907842636108398,1,bambird
tufduc,xc:706888,xc_706888,35.6194,35.9445,6503.0,9130.1,12.720778465270996,1,bambird
tufduc,xc:796658,xc_796658,14.8587,14.912,13312.5,13734.4,12.588504791259766,1,bambird
tufduc,xc:706888,xc_706888,35.631,35.9445,1593.5,6632.2,12.574078559875488,1,bambird
tufduc,xc:706888,xc_706888,8.6494,9.079,2067.2,6373.8,12.163095474243164,1,bambird
tufduc,xc:763788,xc_763788,2.2639,2.4033,13953.5,15030.2,11.51058578491211,1,bambird
tufduc,xc:706888,xc_706888,16.2656,16.5094,6460.0,9043.9,11.391671180725098,1,bambird
tufduc,xc:76445,xc_76445,7.8135,7.8483,18949.2,19552.1,10.074634552001953,1,bambird
tufduc,xc:792843,xc_792843,5.8514,6.3507,990.5,3445.3,9.658822059631348,1,bambird
tufduc,xc:76445,xc_76445,0.3483,0.418,7364.4,7795.0,9.53744888305664,1,bambird
vartit1,xc:998735,xc_998735,6.2827,6.4853,25125.0,30093.8,811.5718383789062,0,bambird
vartit1,xc:998735,xc_998735,6.3307,6.5013,21937.5,25031.2,752.5247192382812,0,bambird
vartit1,xc:998735,xc_998735,60.3893,60.5973,7781.2,9750.0,744.5906372070312,0,bambird
vartit1,xc:998735,xc_998735,6.352,6.4747,40218.8,42000.0,694.61328125,0,bambird
vartit1,xc:998735,xc_998735,6.5547,6.7573,22031.2,31406.2,688.8560180664062,0,bambird
vartit1,xc:332820,xc_332820,12.96,13.536,12421.9,17015.6,655.8134765625,0,bambird
vartit1,xc:332820,xc_332820,11.072,11.52,15187.5,17203.1,599.128662109375,0,bambird
vartit1,xc:332820,xc_332820,25.8987,26.1227,15984.4,17109.4,567.4677734375,0,bambird
vartit1,xc:332820,xc_332820,0.2453,0.5227,16078.1,17203.1,495.0724792480469,0,bambird
vartit1,xc:332820,xc_332820,22.1333,22.2827,15984.4,16359.4,467.8089904785156,0,bambird
vartit1,xc:175791,xc_175791,20.0156,20.3291,4263.6,8914.7,315.412841796875,0,bambird
warwhe1,xc:617434,xc_617434,157.6287,166.429,43.1,20241.2,2341.6318359375,0,bambird
warwhe1,xc:617434,xc_617434,165.744,171.0846,43.1,22006.9,1952.242431640625,0,bambird
warwhe1,xc:617434,xc_617434,170.0397,175.7983,43.1,20499.6,1942.4893798828125,0,bambird
warwhe1,xc:155881,xc_155881,44.832,49.568,796.9,16218.8,1651.84814453125,0,bambird
warwhe1,xc:617434,xc_617434,30.8129,32.3454,15891.5,22006.9,1164.7659912109375,0,bambird
warwhe1,xc:194291,xc_194291,0.0464,0.7895,258.4,7106.0,985.4534912109375,0,bambird
warwhe1,xc:617434,xc_617434,45.0235,46.6024,16795.9,22006.9,937.8514404296875,0,bambird
warwhe1,xc:823077,xc_823077,8.9067,9.1947,20156.2,23953.1,652.2101440429688,0,bambird
warwhe1,xc:617441,xc_617441,31.8926,32.2757,9130.1,10465.1,508.54144287109375,0,bambird
warwhe1,xc:155881,xc_155881,50.9227,55.0187,3562.5,23953.1,422.9482421875,0,bambird
warwhe1,xc:617441,xc_617441,32.0203,32.4615,129.2,3316.1,420.5704345703125,0,bambird
warwhe1,xc:823077,xc_823077,11.6587,11.904,21890.6,23109.4,408.594970703125,0,bambird
warwhe1,xc:155881,xc_155881,49.6107,50.9333,46.9,10921.9,399.2470397949219,0,bambird
warwhe1,xc:823077,xc_823077,11.7653,11.936,20765.6,21421.9,388.1209411621094,0,bambird
warwhe1,xc:79215,xc_79215,8.6262,9.2764,16925.1,22006.9,321.19842529296875,0,bambird
warwhe1,xc:617441,xc_617441,32.0087,32.1132,13393.7,14255.0,314.5216369628906,0,bambird
warwhe1,xc:823077,xc_823077,3.4667,3.6373,20765.6,21515.6,280.20135498046875,0,bambird
whcsta1,xc:920580,xc_920580,8.8584,10.3677,646.0,9259.3,551.868896484375,0,bambird
whcsta1,xc:920580,xc_920580,2.9489,5.6308,344.5,22006.9,526.8893432617188,0,bambird
whcsta1,xc:920580,xc_920580,0.0464,2.9605,43.1,22006.9,456.2245788574219,0,bambird
whcsta1,xc:920580,xc_920580,5.9791,6.5829,2411.7,7536.6,328.63800048828125,0,bambird
whcsta1,xc:809875,xc_809875,53.792,59.872,46.9,23953.1,300.7250061035156,0,bambird
whcsta1,xc:858065,xc_858065,0.0116,1.5209,43.1,22006.9,276.35162353515625,0,bambird
whcsta1,xc:920580,xc_920580,3.8429,5.9327,43.1,5857.0,254.18605041503906,0,bambird
whcsta1,xc:809875,xc_809875,107.648,110.1973,46.9,19546.9,230.1840057373047,0,bambird
whcsta1,xc:809875,xc_809875,68.1387,72.9813,46.9,13265.6,206.52236938476562,0,bambird
whcsta1,xc:809875,xc_809875,110.208,119.456,46.9,23953.1,192.14068603515625,0,bambird
whcsta1,xc:146051,xc_146051,6.0256,9.4041,2497.9,22006.9,172.0635986328125,0,bambird
whcsta1,xc:809875,xc_809875,24.1387,30.1547,46.9,23953.1,171.44207763671875,0,bambird
whcsta1,xc:146051,xc_146051,9.497,15.1162,43.1,22006.9,154.22348022460938,0,bambird
whcsta1,xc:113529,xc_113529,13.408,14.752,14812.5,23953.1,114.09799194335938,0,bambird
whcsta1,xc:267611,xc_267611,11.3313,13.0612,43.1,22006.9,111.6678466796875,0,bambird
whcsta1,xc:113529,xc_113529,0.3093,3.104,46.9,18468.8,109.49200439453125,0,bambird
whcsta1,xc:113529,xc_113529,11.7227,12.5013,46.9,12281.2,106.83223724365234,0,bambird
whcsta1,xc:113529,xc_113529,18.1547,18.5493,421.9,7218.8,98.61749267578125,0,bambird
whcsta1,xc:113529,xc_113529,19.1147,21.024,7312.5,23953.1,95.03558349609375,0,bambird
whcsta1,xc:146051,xc_146051,17.1595,19.3306,43.1,16925.1,91.6761474609375,0,bambird
whcsta1,xc:146051,xc_146051,0.0116,6.1881,43.1,22006.9,85.41236877441406,0,bambird
whcsta1,xc:267611,xc_267611,0.0348,1.5093,43.1,8484.1,81.96578979492188,0,bambird
whcsta1,xc:146051,xc_146051,15.627,17.0086,43.1,18604.7,57.938255310058594,0,bambird
whcsta1,xc:915079,xc_915079,1.3227,3.2853,46.9,23953.1,56.536338806152344,0,bambird
whiwag,xc:552985,xc_552985,0.0107,0.096,15937.5,17015.6,264.2927551269531,2,bambird
whiwag,xc:67298,xc_67298,18.5179,18.7966,20844.1,21834.7,254.6374969482422,2,bambird
whiwag,xc:552985,xc_552985,0.0213,0.096,22125.0,22640.6,231.0979461669922,2,bambird
whiwag,xc:552985,xc_552985,1.152,1.216,18703.1,19031.2,199.77359008789062,2,bambird
whiwag,xc:552985,xc_552985,0.032,0.096,19171.9,19593.8,197.94129943847656,2,bambird
whiwag,xc:67298,xc_67298,25.5187,25.9367,1421.2,8225.7,176.30270385742188,2,bambird
whiwag,xc:67298,xc_67298,13.1193,13.2934,20973.3,21963.9,176.12721252441406,2,bambird
whiwag,xc:67298,xc_67298,32.0319,32.4499,20068.9,22006.9,170.7827606201172,2,bambird
whiwag,xc:552985,xc_552985,0.6507,0.704,18656.2,19031.2,166.50657653808594,2,bambird
whiwag,xc:67298,xc_67298,21.9196,22.2912,2928.5,7924.2,165.0895233154297,2,bambird
whiwag,xc:297867,xc_297867,0.0116,3.2044,43.1,5900.1,147.6487579345703,2,bambird
whiwag,xc:297867,xc_297867,21.1882,24.7873,43.1,22006.9,143.8428497314453,2,bambird
whiwag,xc:479290,xc_479290,2.4961,2.7748,20241.2,22006.9,94.6739501953125,2,bambird
whiwag,xc:479290,xc_479290,2.6819,2.8444,12661.5,13264.5,68.22483825683594,2,bambird
whiwag,xc:297867,xc_297867,25.2285,26.2037,43.1,22006.9,62.67759704589844,2,bambird
whiwag,xc:297867,xc_297867,7.8367,8.9397,43.1,22006.9,50.70225524902344,2,bambird
whiwag,xc:297867,xc_297867,8.8932,9.8337,3273.0,7019.8,49.30100631713867,2,bambird
whiwag,xc:479290,xc_479290,2.7167,2.9605,15633.1,21016.4,49.17456817626953,2,bambird
zitcis1,xc:195732,xc_195732,5.7818,6.3274,5211.0,8570.2,276.0802307128906,0,bambird
zitcis1,xc:476911,xc_476911,49.0133,49.2053,20250.0,23812.5,182.5664520263672,0,bambird
zitcis1,xc:195732,xc_195732,6.548,7.2098,4651.2,9302.3,154.20993041992188,0,bambird
zitcis1,xc:195732,xc_195732,0.0116,1.4629,14685.6,22006.9,142.50936889648438,0,bambird
zitcis1,xc:195732,xc_195732,6.1881,6.5132,8441.0,9646.9,106.70216369628906,0,bambird
zitcis1,xc:195732,xc_195732,5.9907,6.1533,11068.1,13092.2,102.16142272949219,0,bambird
zitcis1,xc:476911,xc_476911,20.384,20.4907,23156.2,23953.1,85.32225799560547,0,bambird
zitcis1,xc:714232,xc_714232,0.0107,0.2453,421.9,5015.6,53.870704650878906,0,bambird
zitcis1,xc:714232,xc_714232,0.0213,0.2347,9843.8,10546.9,49.735694885253906,0,bambird
zitcis1,xc:714232,xc_714232,2.784,2.9653,23062.5,23953.1,49.00822067260742,0,bambird
zitcis1,xc:714232,xc_714232,0.032,0.2347,7921.9,8859.4,46.99131774902344,0,bambird
zitcis1,xc:714232,xc_714232,1.312,1.8347,46.9,4031.2,30.676799774169922,0,bambird
zitcis1,xc:476911,xc_476911,15.0187,15.104,22312.5,22734.4,30.11374855041504,0,bambird
zitcis1,xc:476911,xc_476911,44.512,44.672,19734.4,21281.2,26.414243698120117,0,bambird
zitcis1,xc:476911,xc_476911,12.0213,12.128,20812.5,21234.4,24.7811222076416,0,bambird
