species_code,recording_id,n_notes,n_bouts,mean_bout_dur,median_bout_dur,total_bout_dur,audio_dur
azwmag2,xc:464622,194,47,1.818,0.92,85.44,117.36
azwmag2,xc:194379,3,2,4.58,4.58,9.16,9.49
azwmag2,xc:790248,18,10,0.686,0.64,6.86,16.65
azwmag2,xc:716117,42,21,0.585,0.13,12.28,71.91
azwmag2,xc:720180,23,4,3.495,3.715,13.98,15.51
azwmag2,xc:729860,11,7,0.784,0.29,5.49,10.47
azwmag2,xc:820038,13,3,4.75,5.18,14.25,15.95
azwmag2,xc:682044,1,2,5.6,5.6,11.2,11.24
azwmag2,xc:911230,139,41,1.687,0.92,69.18,95.42
azwmag2,xc:1058393,24,8,2.772,1.72,22.18,25.11
azwmag2,xc:841258,265,46,3.547,3.315,163.16,181.87
azwmag2,xc:790250,3,3,1.2,1.2,3.6,16.01
azwmag2,xc:766304,39,19,0.544,0.38,10.33,35.14
azwmag2,xc:762197,47,29,0.556,0.36,16.13,61.59
azwmag2,xc:339213,17,5,2.34,1.61,11.7,17.13
azwmag2,xc:1016671,77,36,1.064,0.35,38.31,59.45
azwmag2,xc:733333,22,12,0.973,0.995,11.68,23.52
azwmag2,xc:712021,39,6,3.808,3.585,22.85,26.36
azwmag2,xc:906845,7,5,0.762,0.59,3.81,15.11
azwmag2,xc:784889,30,6,4.268,5.025,25.61,27.51
barswa,xc:578054,11,6,2.15,1.905,12.9,16.64
barswa,xc:747403,62,21,0.857,0.26,17.99,36.46
barswa,xc:1042324,41,8,1.562,0.755,12.5,23.32
barswa,xc:677842,37,8,2.602,1.48,20.82,24.38
barswa,xc:142731,13,12,3.816,3.685,45.79,48.59
barswa,xc:721365,22,11,4.58,4.87,50.38,56.61
barswa,xc:664990,5,6,4.213,4.315,25.28,25.76
barswa,xc:801549,27,5,2.85,1.45,14.25,16.35
barswa,xc:653439,19,8,1.966,1.02,15.73,20.94
barswa,xc:511682,7,5,3.448,3.63,17.24,20.09
barswa,xc:126103,47,21,0.618,0.15,12.97,31.12
barswa,xc:191008,69,40,0.649,0.455,25.97,63.63
barswa,xc:123035,157,140,0.884,0.82,123.7,250.91
barswa,xc:193495,57,27,0.526,0.25,14.21,39.71
barswa,xc:669362,25,4,2.55,2.75,10.2,11.58
barswa,xc:206071,9,2,3.445,3.445,6.89,8.69
barswa,xc:580258,29,5,3.384,3.34,16.92,19.54
barswa,xc:919230,53,14,1.782,0.74,24.95,32.99
barswa,xc:197400,98,18,2.656,2.08,47.81,56.81
barswa,xc:741685,1,1,0.39,0.39,0.39,0.85
bkfbun2,ml:620881189,12,8,1.08,1.05,8.64,36.44
bkfbun2,ml:618704340,52,11,2.645,2.85,29.1,33.7
bkfbun2,ml:634320120,15,9,3.916,2.89,35.24,39.61
bkfbun2,ml:637612944,22,6,3.622,3.5,21.73,23.29
bkfbun2,ml:624172439,66,65,0.058,0.05,3.76,45.17
bkfbun2,ml:640507369,35,19,4.541,4.72,86.27,90.55
bkfbun2,ml:620266782,32,9,1.348,0.86,12.13,16.89
bkfbun2,ml:634079834,60,11,2.28,0.4,25.08,35.72
bkfbun2,ml:620266783,47,9,2.079,2.23,18.71,28.85
bkfbun2,ml:618203252,13,4,3.53,3.77,14.12,15.62
bkfbun2,ml:643676710,111,36,3.42,2.215,123.11,137.89
bkfbun2,ml:638925272,17,7,0.773,0.26,5.41,12.76
bkfbun2,ml:644573777,57,12,1.094,0.47,13.13,19.97
bkfbun2,ml:635667093,15,7,0.749,0.86,5.24,12.39
bkfbun2,ml:640988362,47,8,2.45,1.655,19.6,23.97
bkfbun2,ml:640507294,1,2,4.45,4.45,8.9,8.94
bkfbun2,ml:460115891,99,15,2.345,1.52,35.17,39.09
bkfbun2,ml:637812780,37,8,2.268,2.35,18.14,25.28
bkfbun2,ml:148116611,39,17,0.929,0.26,15.79,30.43
bkfbun2,ml:644010084,14,2,3.865,3.865,7.73,8.41
bkhgul,xc:580794,85,38,2.426,0.965,92.18,128.68
bkhgul,xc:752720,78,14,3.24,3.45,45.36,49.48
bkhgul,xc:1065402,16,2,4.785,4.785,9.57,10.67
bkhgul,xc:1050112,3,3,3.007,0.53,9.02,9.27
bkhgul,xc:525320,12,8,1.276,1.245,10.21,17.05
bkhgul,xc:636478,5,13,5.714,8.0,74.28,75.24
bkhgul,xc:1011216,14,6,4.02,4.09,24.12,25.67
bkhgul,xc:984595,6,4,0.405,0.41,1.62,9.17
bkhgul,xc:854813,35,7,3.26,2.44,22.82,26.42
bkhgul,xc:484460,71,19,3.382,1.23,64.25,68.84
bkhgul,xc:434997,3,4,3.642,3.21,14.57,14.95
bkhgul,xc:539616,29,10,2.884,2.645,28.84,30.54
bkhgul,xc:441030,932,270,2.086,1.16,563.27,748.81
bkhgul,xc:943182,24,9,1.082,0.5,9.74,19.95
bkhgul,xc:946675,22,19,0.284,0.24,5.39,27.63
bkhgul,xc:655838,2,5,7.22,8.0,36.1,37.17
bkhgul,xc:735929,29,13,0.794,0.44,10.32,18.02
bkhgul,xc:615791,79,24,3.765,3.725,90.36,99.01
bkhgul,xc:777784,19,3,3.847,2.91,11.54,13.2
bkhgul,xc:94182,11,9,0.303,0.21,2.73,9.34
bktgul,xc:627390,74,20,2.737,2.15,54.74,60.01
bktgul,xc:903942,7,1,5.44,5.44,5.44,5.71
bktgul,xc:1016634,26,9,2.767,1.57,24.9,27.3
bktgul,xc:344933,23,20,0.388,0.355,7.76,38.72
bktgul,xc:344932,7,6,0.467,0.47,2.8,12.0
bktgul,xc:464604,209,35,2.945,2.21,103.09,123.56
bktgul,xc:286306,1,2,4.505,4.505,9.01,9.33
bktgul,xc:1008519,179,36,3.408,3.295,122.68,132.75
bktgul,xc:266263,14,6,0.815,0.49,4.89,10.01
bktgul,xc:839073,72,43,0.632,0.45,27.17,68.0
bktgul,xc:991489,17,2,2.53,2.53,5.06,6.53
bktgul,xc:344913,6,3,4.0,2.92,12.0,12.31
bktgul,xc:1002546,29,26,0.313,0.31,8.13,39.95
bktgul,xc:840768,166,62,2.005,0.945,124.33,165.03
bktgul,xc:840767,85,32,1.592,0.58,50.95,98.24
bktgul,xc:255478,1,1,8.0,8.0,8.0,8.13
bktgul,xc:892290,36,18,0.532,0.185,9.57,28.81
bktgul,xc:286305,29,8,3.846,3.59,30.77,33.1
bktgul,xc:90299,1,2,4.435,4.435,8.87,9.07
bktgul,xc:787497,3,4,4.208,4.39,16.83,17.28
blakit1,xc:493737,126,44,1.43,0.735,62.94,99.77
blakit1,xc:507829,3,1,4.11,4.11,4.11,4.15
blakit1,xc:628280,9,5,1.128,1.18,5.64,13.51
blakit1,xc:1026906,104,36,1.766,0.515,63.58,91.85
blakit1,xc:896543,4,1,2.03,2.03,2.03,2.57
blakit1,xc:1016360,3,3,0.29,0.19,0.87,5.7
blakit1,xc:120438,6,2,2.12,2.12,4.24,6.03
blakit1,xc:309401,39,20,3.836,4.16,76.71,85.41
blakit1,xc:796458,11,2,2.99,2.99,5.98,6.93
blakit1,xc:994804,7,6,0.152,0.12,0.91,7.41
blakit1,xc:139768,128,39,3.166,3.15,123.49,150.79
blakit1,xc:578427,50,20,1.701,0.48,34.02,55.59
blakit1,xc:495129,23,11,2.312,2.06,25.43,42.3
blakit1,xc:896545,1,2,4.15,4.15,8.3,8.34
blakit1,xc:192707,43,24,0.978,0.49,23.46,53.75
blakit1,xc:807584,51,24,0.514,0.14,12.33,44.4
blakit1,xc:993943,13,5,1.004,1.39,5.02,10.01
blakit1,xc:994865,58,13,1.392,0.77,18.09,29.46
blakit1,xc:138441,23,6,1.987,1.895,11.92,19.36
blakit1,xc:986303,16,3,2.26,0.91,6.78,10.01
brebul1,xc:155867,68,14,2.788,2.46,39.03,44.57
brebul1,xc:551619,22,4,4.255,4.83,17.02,19.64
brebul1,xc:466085,3,2,1.73,1.73,3.46,4.98
brebul1,xc:200439,183,51,2.464,1.63,125.67,158.67
brebul1,xc:784921,31,7,2.074,0.98,14.52,19.53
brebul1,xc:193713,1,2,4.73,4.73,9.46,9.5
brebul1,xc:891338,27,3,3.223,2.37,9.67,11.27
brebul1,xc:464610,44,16,1.904,0.68,30.47,43.58
brebul1,xc:245971,1,5,7.402,8.0,37.01,37.05
brebul1,xc:915184,12,7,2.691,0.36,18.84,23.7
brebul1,xc:551617,6,1,3.65,3.65,3.65,3.86
brebul1,xc:285857,19,6,2.208,1.035,13.25,16.78
brebul1,xc:834175,68,42,1.072,0.85,45.03,94.2
brebul1,xc:578805,44,21,1.116,0.3,23.44,40.01
brebul1,xc:551615,72,12,2.918,2.81,35.02,43.97
brebul1,xc:102459,32,11,1.491,0.65,16.4,21.8
brebul1,xc:551620,16,6,1.905,1.47,11.43,16.76
brebul1,xc:206723,29,5,4.792,5.59,23.96,25.67
brebul1,xc:915185,28,6,2.848,3.08,17.09,19.82
brebul1,xc:401344,26,17,0.643,0.32,10.93,34.28
buhshr1,xc:194695,1,1,7.74,7.74,7.74,7.78
buhshr1,xc:88961,11,4,1.21,1.075,4.84,7.1
buhshr1,xc:793926,14,12,1.63,1.4,19.56,34.88
buhshr1,xc:842854,26,14,2.468,1.625,34.55,42.2
buhshr1,xc:505447,7,2,3.21,3.21,6.42,8.02
buhshr1,xc:635573,17,6,1.018,0.485,6.11,9.67
buhshr1,xc:661928,13,10,2.431,2.215,24.31,43.68
buhshr1,xc:609435,3,5,3.31,0.45,16.55,16.95
buhshr1,xc:793918,45,22,0.882,0.58,19.41,70.46
buhshr1,xc:841025,46,23,0.413,0.21,9.49,23.55
buhshr1,xc:794803,20,9,2.953,1.25,26.58,36.35
buhshr1,xc:194870,1,2,5.275,5.275,10.55,10.59
buhshr1,xc:794952,12,4,6.038,7.275,24.15,28.49
buhshr1,xc:954180,49,10,1.571,0.71,15.71,20.25
buhshr1,xc:793925,18,10,1.937,2.63,19.37,30.93
buhshr1,xc:194693,25,7,1.784,0.35,12.49,16.11
buhshr1,xc:260142,42,11,4.129,3.5,45.42,49.56
buhshr1,xc:1052423,48,27,0.366,0.12,9.88,24.68
buhshr1,xc:782307,6,2,3.455,3.455,6.91,10.92
buhshr1,xc:762423,31,16,1.681,1.62,26.9,40.02
burthr,xc:134325,64,26,5.185,6.89,134.8,137.33
burthr,xc:1023727,104,21,2.813,3.41,59.07,83.75
burthr,xc:697948,17,3,3.43,3.9,10.29,13.51
burthr,xc:921485,7,3,0.993,1.2,2.98,5.52
burthr,xc:472199,174,24,3.027,2.37,72.65,83.49
burthr,xc:310120,115,26,3.825,2.885,99.44,111.01
burthr,xc:1063823,104,20,1.561,1.965,31.22,57.27
burthr,xc:916327,277,70,1.785,1.115,124.97,171.39
burthr,xc:473669,17,12,0.756,0.465,9.07,43.08
burthr,xc:480601,60,18,1.427,0.995,25.68,41.12
burthr,xc:411661,45,13,1.31,1.01,17.03,31.83
burthr,xc:721760,6,5,0.828,0.92,4.14,19.11
burthr,xc:743862,99,30,1.15,0.435,34.49,92.31
burthr,xc:134330,111,55,0.972,0.14,53.45,97.49
burthr,xc:285868,11,3,2.43,0.87,7.29,11.39
burthr,xc:987385,19,11,0.716,0.31,7.88,15.89
burthr,xc:474444,38,19,2.013,1.79,38.24,59.0
burthr,xc:972364,28,22,0.398,0.46,8.75,35.82
burthr,xc:417711,138,44,3.155,2.845,138.82,165.71
burthr,xc:148436,46,6,4.302,4.035,25.81,29.08
carcro1,xc:785592,22,4,4.342,4.965,17.37,18.91
carcro1,xc:511980,29,5,3.322,2.89,16.61,18.37
carcro1,xc:688118,26,9,2.45,1.87,22.05,31.09
carcro1,xc:745101,246,87,1.149,0.41,99.97,205.56
carcro1,xc:635134,2,1,3.42,3.42,3.42,3.46
carcro1,xc:556994,54,33,0.624,0.56,20.59,54.01
carcro1,xc:411472,11,6,0.968,0.22,5.81,11.81
carcro1,xc:576943,23,10,0.947,0.61,9.47,26.03
carcro1,xc:678776,10,4,0.802,0.215,3.21,5.39
carcro1,xc:578870,4,2,0.91,0.91,1.82,3.51
carcro1,xc:936225,15,8,0.68,0.475,5.44,16.47
carcro1,xc:482395,62,6,3.507,3.82,21.04,22.82
carcro1,xc:536578,8,1,4.18,4.18,4.18,7.21
carcro1,xc:509842,4,1,2.8,2.8,2.8,3.51
carcro1,xc:1010253,3,1,1.75,1.75,1.75,1.94
carcro1,xc:879243,8,1,5.66,5.66,5.66,5.75
carcro1,xc:1079008,6,6,0.768,0.89,4.61,40.6
carcro1,xc:490186,17,13,2.166,1.5,28.16,35.74
carcro1,xc:138017,40,26,3.798,3.59,98.74,105.25
carcro1,xc:758902,19,10,0.897,0.18,8.97,16.56
cintit13,xc:1030710,26,10,2.192,1.555,21.92,24.27
cintit13,xc:582929,85,33,1.872,1.16,61.76,87.01
cintit13,xc:531958,26,11,1.366,1.24,15.03,24.1
cintit13,xc:319792,27,15,0.813,0.97,12.19,31.74
cintit13,xc:166690,17,3,4.637,4.58,13.91,14.41
cintit13,xc:461986,3,1,5.31,5.31,5.31,5.35
cintit13,xc:78429,47,15,1.328,1.03,19.92,36.97
cintit13,xc:781803,48,11,1.628,0.86,17.91,23.05
cintit13,xc:319962,34,10,2.121,1.78,21.21,31.46
cintit13,xc:889843,237,79,0.943,0.55,74.48,128.65
cintit13,xc:403411,26,3,6.583,6.46,19.75,21.15
cintit13,xc:625317,8,5,2.484,2.63,12.42,26.69
cintit13,xc:207133,63,11,3.147,2.18,34.62,38.46
cintit13,xc:241629,34,19,0.865,0.2,16.44,33.95
cintit13,xc:659309,10,3,1.26,1.16,3.78,6.64
cintit13,xc:400301,28,8,1.335,0.74,10.68,15.82
cintit13,xc:999814,18,7,3.316,3.75,23.21,25.71
cintit13,xc:625316,41,13,3.086,3.08,40.12,49.65
cintit13,xc:777400,61,27,2.006,0.54,54.17,72.12
cintit13,xc:105150,17,3,4.687,4.28,14.06,15.44
comkin1,xc:462875,40,19,0.834,0.32,15.85,25.94
comkin1,xc:502269,39,12,0.973,0.465,11.67,22.52
comkin1,xc:931189,9,2,3.215,3.215,6.43,7.23
comkin1,xc:800955,39,12,1.724,0.44,20.69,32.25
comkin1,xc:929047,13,2,4.1,4.1,8.2,8.46
comkin1,xc:282763,7,5,0.396,0.14,1.98,8.02
comkin1,xc:185682,21,7,2.493,2.85,17.45,19.26
comkin1,xc:466431,23,11,0.684,0.38,7.52,18.32
comkin1,xc:757948,2,2,0.585,0.585,1.17,7.99
comkin1,xc:587605,47,5,4.68,5.95,23.4,25.13
comkin1,xc:929192,15,8,0.685,0.74,5.48,11.24
comkin1,xc:544658,15,3,4.437,3.71,13.31,13.95
comkin1,xc:580132,5,4,0.312,0.24,1.25,5.1
comkin1,xc:928954,37,8,3.31,4.09,26.48,29.91
comkin1,xc:502961,9,5,0.458,0.5,2.29,9.14
comkin1,xc:118166,27,6,1.732,0.56,10.39,14.22
comkin1,xc:598243,10,1,6.95,6.95,6.95,7.06
comkin1,xc:580507,3,3,0.183,0.23,0.55,15.59
comkin1,xc:288219,70,13,2.928,2.21,38.07,43.01
comkin1,xc:529947,9,3,1.963,1.83,5.89,19.58
compoc,xc:797798,21,10,1.818,0.195,18.18,25.09
compoc,xc:570725,4,4,0.192,0.2,0.77,9.58
compoc,xc:484893,17,3,4.457,4.75,13.37,13.82
compoc,xc:783964,65,9,4.364,4.56,39.28,42.76
compoc,xc:994657,34,9,4.1,3.92,36.9,38.84
compoc,xc:609398,12,40,6.735,8.0,269.38,271.16
compoc,xc:138166,4,1,5.63,5.63,5.63,5.67
compoc,xc:591953,2,1,2.19,2.19,2.19,2.23
compoc,xc:769844,34,12,1.532,1.165,18.38,24.54
compoc,xc:368567,8,3,1.397,0.6,4.19,5.83
compoc,xc:414488,25,6,1.672,1.11,10.03,13.25
compoc,xc:994669,2,1,7.8,7.8,7.8,7.84
compoc,xc:989599,21,9,3.05,1.82,27.45,29.29
compoc,xc:750149,8,4,0.935,0.175,3.74,7.65
compoc,xc:747381,16,3,3.953,3.92,11.86,12.85
compoc,xc:989573,3,1,6.28,6.28,6.28,6.32
compoc,xc:989980,9,1,4.66,4.66,4.66,5.18
compoc,xc:299728,96,23,1.899,0.6,43.68,64.94
compoc,xc:270396,8,8,3.19,1.875,25.52,26.13
compoc,xc:994666,1,5,7.298,8.0,36.49,36.8
comsan,xc:932836,0,0,0.0,0.0,0.0,3.1
comsan,xc:599571,7,2,3.14,3.14,6.28,7.01
comsan,xc:743065,20,14,0.532,0.46,7.45,21.22
comsan,xc:671980,38,14,2.064,2.215,28.9,40.03
comsan,xc:894340,8,3,1.08,0.84,3.24,4.25
comsan,xc:742036,2,1,0.48,0.48,0.48,3.16
comsan,xc:434109,1,1,0.52,0.52,0.52,2.59
comsan,xc:1042071,27,12,0.501,0.13,6.01,24.88
comsan,xc:649693,4,3,0.393,0.1,1.18,7.14
comsan,xc:995987,3,1,1.76,1.76,1.76,1.8
comsan,xc:882521,12,1,3.29,3.29,3.29,3.56
comsan,xc:839052,34,13,3.418,2.97,44.43,46.55
comsan,xc:580687,60,25,1.28,0.27,32.0,59.8
comsan,xc:900380,4,2,1.0,1.0,2.0,6.24
comsan,xc:686345,16,4,1.068,1.045,4.27,8.57
comsan,xc:668902,2,2,0.555,0.555,1.11,19.94
comsan,xc:1051594,18,11,0.755,0.61,8.31,23.88
comsan,xc:503479,56,18,1.864,1.605,33.56,54.61
comsan,xc:938711,13,9,0.448,0.22,4.03,29.73
comsan,xc:798178,21,9,4.282,4.56,38.54,39.83
daured1,xc:113350,59,15,2.089,1.7,31.34,39.05
daured1,xc:790686,66,13,2.09,1.61,27.17,35.07
daured1,xc:977650,76,39,0.291,0.21,11.35,48.08
daured1,xc:835735,19,3,6.387,6.49,19.16,20.16
daured1,xc:194873,1,5,7.628,8.0,38.14,38.18
daured1,xc:61977,1,2,7.445,7.445,14.89,14.93
daured1,xc:918844,22,16,3.625,2.32,58.0,66.13
daured1,xc:423316,26,15,0.835,0.66,12.53,29.91
daured1,xc:760656,78,19,2.972,2.09,56.47,63.28
daured1,xc:877986,38,6,3.817,4.19,22.9,24.4
daured1,xc:457952,128,66,1.077,0.16,71.1,158.97
daured1,xc:877985,47,15,3.937,3.25,59.05,62.39
daured1,xc:999956,207,57,3.924,3.87,223.68,238.51
daured1,xc:1052253,70,19,1.369,0.4,26.02,41.09
daured1,xc:438628,50,45,0.242,0.2,10.91,84.12
daured1,xc:438266,12,3,2.883,1.36,8.65,9.74
daured1,xc:807179,50,9,3.102,2.85,27.92,31.94
daured1,xc:760658,46,30,0.469,0.3,14.08,38.01
daured1,xc:481491,18,8,0.7,0.645,5.6,21.63
daured1,xc:718401,27,10,3.15,2.845,31.5,36.37
dusthr2,xc:811955,13,6,1.423,0.895,8.54,17.62
dusthr2,xc:979887,26,12,0.692,0.215,8.3,21.72
dusthr2,xc:696346,12,6,0.58,0.45,3.48,10.85
dusthr2,xc:893034,114,33,1.722,0.81,56.81,83.68
dusthr2,xc:708761,55,29,0.598,0.38,17.33,50.48
dusthr2,xc:708724,20,10,0.791,0.685,7.91,15.22
dusthr2,xc:438228,41,23,0.507,0.34,11.67,37.44
dusthr2,xc:675170,36,6,2.27,0.4,13.62,15.81
dusthr2,xc:676013,17,3,2.457,3.31,7.37,8.68
dusthr2,xc:542133,17,5,1.504,1.87,7.52,14.07
dusthr2,xc:393463,117,18,2.857,2.11,51.43,59.94
dusthr2,xc:268111,38,7,3.161,3.1,22.13,24.14
dusthr2,xc:675303,9,2,5.135,5.135,10.27,10.66
dusthr2,xc:675617,101,14,3.774,3.44,52.83,54.97
dusthr2,xc:674779,9,2,4.935,4.935,9.87,10.11
dusthr2,xc:115098,101,48,0.514,0.39,24.65,75.92
dusthr2,xc:727839,3,2,0.41,0.41,0.82,5.01
dusthr2,xc:790461,37,16,1.654,0.705,26.46,38.07
dusthr2,xc:985927,19,8,0.916,1.105,7.33,13.54
dusthr2,xc:675169,44,16,0.841,0.56,13.45,26.73
eurcoo,xc:357835,52,19,2.242,2.18,42.6,55.64
eurcoo,xc:631503,5,4,0.272,0.255,1.09,27.6
eurcoo,xc:902431,89,23,1.45,0.43,33.36,46.29
eurcoo,xc:825928,19,12,0.408,0.07,4.9,61.46
eurcoo,xc:551713,2,2,0.055,0.055,0.11,7.18
eurcoo,xc:761470,108,21,3.561,3.57,74.78,85.42
eurcoo,xc:1031905,38,10,1.233,0.145,12.33,21.85
eurcoo,xc:552993,1,2,4.935,4.935,9.87,9.91
eurcoo,xc:381908,24,3,5.507,6.7,16.52,17.43
eurcoo,xc:624808,36,24,0.429,0.09,10.3,75.94
eurcoo,xc:783012,8,8,0.129,0.115,1.03,14.14
eurcoo,xc:424005,107,20,2.568,1.005,51.37,60.92
eurcoo,xc:470565,19,15,0.597,0.17,8.96,41.43
eurcoo,xc:785980,1,2,7.4,7.4,14.8,14.84
eurcoo,xc:537911,3,2,0.41,0.41,0.82,3.44
eurcoo,xc:629958,4,3,0.36,0.15,1.08,8.61
eurcoo,xc:103222,33,27,0.172,0.12,4.64,40.28
eurcoo,xc:538451,5,3,0.313,0.38,0.94,2.99
eurcoo,xc:528641,17,13,0.18,0.08,2.34,11.09
eurcoo,xc:651221,42,5,3.754,3.36,18.77,19.97
eurwig,xc:706792,22,4,2.368,2.005,9.47,11.94
eurwig,xc:702702,13,5,0.644,0.47,3.22,10.53
eurwig,xc:894419,14,12,0.119,0.08,1.43,18.99
eurwig,xc:706795,12,5,0.736,0.09,3.68,22.67
eurwig,xc:1051756,30,11,0.945,0.58,10.39,22.05
eurwig,xc:674817,15,6,0.863,0.175,5.18,10.38
eurwig,xc:615242,4,1,2.0,2.0,2.0,2.04
eurwig,xc:262182,2,2,0.46,0.46,0.92,2.49
eurwig,xc:113187,177,46,3.485,3.0,160.33,172.52
eurwig,xc:978866,6,5,0.21,0.16,1.05,7.34
eurwig,xc:266803,230,105,0.572,0.29,60.09,191.77
eurwig,xc:994831,1,3,6.837,8.0,20.51,20.55
eurwig,xc:684919,67,22,0.929,0.33,20.43,36.75
eurwig,xc:805037,17,10,0.844,0.515,8.44,22.89
eurwig,xc:558063,4,3,0.09,0.06,0.27,3.43
eurwig,xc:613690,15,8,0.4,0.075,3.2,9.08
eurwig,xc:796535,10,6,0.258,0.21,1.55,7.0
eurwig,xc:695704,73,45,0.416,0.14,18.73,59.73
eurwig,xc:484471,14,3,3.647,3.03,10.94,11.78
eurwig,xc:702703,13,7,0.699,0.26,4.89,12.23
eutspa,xc:381814,57,25,0.552,0.42,13.8,31.68
eutspa,xc:936174,232,44,1.51,0.365,66.46,88.4
eutspa,xc:185713,164,32,1.676,0.76,53.62,70.07
eutspa,xc:164536,175,49,1.225,0.75,60.01,95.02
eutspa,xc:341173,44,14,1.362,1.145,19.07,27.09
eutspa,xc:636987,35,12,1.267,0.775,15.2,23.07
eutspa,xc:168210,40,16,2.738,2.91,43.8,47.43
eutspa,xc:656912,72,24,1.03,0.49,24.73,45.27
eutspa,xc:539149,15,8,0.465,0.245,3.72,9.94
eutspa,xc:497883,8,24,6.719,8.0,161.26,161.78
eutspa,xc:629244,71,20,2.476,1.955,49.51,61.42
eutspa,xc:435311,38,17,0.606,0.16,10.31,20.12
eutspa,xc:126967,4,19,6.832,8.0,129.8,130.07
eutspa,xc:870762,9,3,4.363,3.6,13.09,13.91
eutspa,xc:147804,22,5,2.082,1.04,10.41,13.37
eutspa,xc:358624,69,16,3.474,2.875,55.59,59.98
eutspa,xc:155563,379,68,3.18,2.94,216.25,250.49
eutspa,xc:112694,27,4,4.308,3.845,17.23,19.02
eutspa,xc:167533,125,30,1.78,0.865,53.4,70.93
eutspa,xc:770219,24,21,0.208,0.09,4.37,27.16
gadwal,xc:651967,120,18,4.049,3.555,72.88,79.01
gadwal,xc:548049,22,7,2.893,2.52,20.25,21.53
gadwal,xc:963992,18,3,4.667,4.53,14.0,14.73
gadwal,xc:284792,10,2,3.87,3.87,7.74,9.2
gadwal,xc:1021736,6,4,0.8,0.295,3.2,6.88
gadwal,xc:210379,5,1,5.55,5.55,5.55,5.95
gadwal,xc:779907,4,1,2.53,2.53,2.53,2.57
gadwal,xc:1021727,43,11,3.73,4.27,41.03,43.74
gadwal,xc:539308,46,17,2.158,1.16,36.68,47.43
gadwal,xc:595438,48,19,2.484,1.23,47.19,53.91
gadwal,xc:1048306,5,2,0.73,0.73,1.46,2.91
gadwal,xc:883856,16,7,2.761,1.84,19.33,20.41
gadwal,xc:526342,1,1,4.41,4.41,4.41,4.45
gadwal,xc:622760,77,47,0.307,0.16,14.45,88.25
gadwal,xc:424359,1,2,4.96,4.96,9.92,9.96
gadwal,xc:359036,6,2,4.06,4.06,8.12,8.28
gadwal,xc:1021731,1,3,5.793,8.0,17.38,17.42
gadwal,xc:707600,21,7,0.816,0.86,5.71,12.84
gadwal,xc:357526,139,23,2.97,3.01,68.3,77.39
gadwal,xc:1021729,76,20,1.687,1.155,33.74,45.05
gnwtea,xc:977018,1,1,2.98,2.98,2.98,3.02
gnwtea,xc:533237,108,36,1.048,0.535,37.73,63.9
gnwtea,xc:280945,42,7,4.04,4.28,28.28,30.28
gnwtea,xc:774518,1,2,5.475,5.475,10.95,10.99
gnwtea,xc:309109,30,5,3.926,2.95,19.63,20.46
gnwtea,xc:668181,6,1,2.79,2.79,2.79,3.76
gnwtea,xc:1068699,252,115,0.605,0.12,69.52,175.29
gnwtea,xc:625907,0,0,0.0,0.0,0.0,51.29
gnwtea,xc:1025891,21,6,0.95,0.585,5.7,9.42
gnwtea,xc:365480,89,40,0.725,0.18,29.01,58.39
gnwtea,xc:717727,6,4,0.57,0.645,2.28,12.21
gnwtea,xc:999210,1,3,7.627,8.0,22.88,22.92
gnwtea,xc:653711,21,17,0.459,0.15,7.8,54.78
gnwtea,xc:1009913,30,5,1.726,0.29,8.63,14.74
gnwtea,xc:871356,8,6,0.287,0.23,1.72,7.03
gnwtea,xc:641380,31,12,0.704,0.525,8.45,15.76
gnwtea,xc:838829,33,14,0.469,0.115,6.57,42.36
gnwtea,xc:787239,81,47,0.396,0.14,18.63,88.65
gnwtea,xc:35591,23,6,1.543,0.545,9.26,12.27
gnwtea,xc:694739,5,7,3.417,0.19,23.92,25.58
graher1,xc:941740,14,9,0.333,0.1,3.0,10.81
graher1,xc:1027522,2,2,0.17,0.17,0.34,6.38
graher1,xc:988147,1,2,4.275,4.275,8.55,8.59
graher1,xc:760232,10,7,0.44,0.53,3.08,13.84
graher1,xc:781315,31,12,0.863,0.37,10.36,19.34
graher1,xc:702251,14,5,0.662,0.3,3.31,9.11
graher1,xc:196217,46,22,0.69,0.185,15.17,42.3
graher1,xc:717824,3,3,0.57,0.56,1.71,8.17
graher1,xc:831392,43,41,0.34,0.27,13.92,175.38
graher1,xc:738682,39,15,1.234,1.01,18.51,37.38
graher1,xc:927615,9,6,0.507,0.35,3.04,13.66
graher1,xc:957951,52,6,3.907,4.365,23.44,26.27
graher1,xc:636469,34,9,4.712,4.89,42.41,43.95
graher1,xc:801934,47,12,1.983,1.245,23.8,29.98
graher1,xc:761218,2,2,0.44,0.44,0.88,11.53
graher1,xc:782720,21,3,3.14,1.55,9.42,10.18
graher1,xc:988150,1,2,7.215,7.215,14.43,14.47
graher1,xc:601001,14,10,0.803,0.63,8.03,18.24
graher1,xc:77956,3,2,0.43,0.43,0.86,2.79
graher1,xc:937807,19,11,0.505,0.31,5.56,14.42
grcgre1,xc:473226,7,5,1.158,1.4,5.79,10.59
grcgre1,xc:252268,17,4,4.38,4.42,17.52,18.0
grcgre1,xc:636568,45,11,2.975,2.67,32.73,36.18
grcgre1,xc:462953,16,6,0.652,0.16,3.91,8.72
grcgre1,xc:897021,11,3,2.107,2.56,6.32,8.05
grcgre1,xc:355311,11,3,1.19,0.05,3.57,6.28
grcgre1,xc:147184,65,10,2.304,1.34,23.04,26.14
grcgre1,xc:577005,5,5,0.462,0.06,2.31,21.49
grcgre1,xc:1006363,19,1,7.62,7.62,7.62,7.66
grcgre1,xc:374172,12,2,4.215,4.215,8.43,9.19
grcgre1,xc:1001305,29,5,2.628,1.12,13.14,15.33
grcgre1,xc:138169,24,5,3.726,3.42,18.63,19.69
grcgre1,xc:655643,51,13,2.35,1.41,30.55,34.04
grcgre1,xc:579195,229,82,0.785,0.12,64.41,129.98
grcgre1,xc:592110,40,10,2.77,1.87,27.7,30.1
grcgre1,xc:386365,6,10,3.682,2.32,36.82,38.53
grcgre1,xc:363743,89,15,3.219,1.83,48.29,51.49
grcgre1,xc:662840,15,3,2.193,0.2,6.58,8.04
grcgre1,xc:642506,52,6,3.642,2.635,21.85,23.79
grcgre1,xc:1033544,23,14,0.226,0.085,3.17,19.19
grecor,xc:839104,3,2,2.125,2.125,4.25,7.7
grecor,xc:987714,2,4,7.09,7.76,28.36,28.49
grecor,xc:448710,1,2,6.725,6.725,13.45,13.49
grecor,xc:308865,202,43,2.64,1.3,113.52,128.46
grecor,xc:372106,192,31,3.764,3.24,116.69,123.88
grecor,xc:773824,13,4,1.432,0.325,5.73,10.38
grecor,xc:626272,16,11,3.325,2.43,36.58,38.09
grecor,xc:518940,6,3,5.663,5.76,16.99,17.3
grecor,xc:972495,1,2,5.005,5.005,10.01,10.05
grecor,xc:987722,25,4,1.98,1.745,7.92,9.34
grecor,xc:722335,34,8,3.499,2.99,27.99,29.53
grecor,xc:625356,135,20,3.782,3.73,75.65,85.56
grecor,xc:214292,147,56,3.154,1.77,176.62,188.21
grecor,xc:828977,37,12,1.098,0.395,13.17,23.62
grecor,xc:280958,1,8,7.587,8.0,60.7,61.47
grecor,xc:309573,2,5,6.08,8.0,30.4,30.52
grecor,xc:726669,7,2,4.115,4.115,8.23,9.13
grecor,xc:930052,8,10,4.609,4.45,46.09,46.54
grecor,xc:447821,17,5,1.664,2.01,8.32,15.18
grecor,xc:90633,42,11,3.202,3.03,35.22,40.39
greegr,xc:561777,9,4,0.888,0.11,3.55,7.17
greegr,xc:161280,155,26,4.077,4.49,105.99,112.85
greegr,xc:454182,17,3,5.493,5.76,16.48,16.96
greegr,xc:1005363,13,3,2.77,0.58,8.31,9.51
greegr,xc:285219,12,3,3.11,3.38,9.33,11.51
greegr,xc:627082,10,7,1.549,0.45,10.84,13.14
greegr,xc:297388,20,4,1.75,1.665,7.0,10.04
greegr,xc:705410,22,5,2.546,2.68,12.73,15.03
greegr,xc:678001,5,4,0.11,0.075,0.44,8.89
greegr,xc:196155,68,31,4.027,4.58,124.84,128.33
greegr,xc:794544,16,1,6.26,6.26,6.26,7.01
greegr,xc:116543,6,1,1.82,1.82,1.82,1.86
greegr,xc:44035,10,8,0.566,0.5,4.53,10.27
greegr,xc:44629,6,1,6.01,6.01,6.01,6.38
greegr,xc:357715,8,1,7.55,7.55,7.55,7.59
greegr,xc:1049634,5,2,1.43,1.43,2.86,3.86
greegr,xc:1069511,8,6,0.27,0.17,1.62,5.97
greegr,xc:1074501,6,4,2.302,0.645,9.21,9.84
greegr,xc:758130,5,3,2.307,1.44,6.92,9.49
greegr,xc:1034339,15,6,0.868,0.16,5.21,11.73
grywag,xc:386848,16,9,0.552,0.12,4.97,13.18
grywag,xc:432286,45,14,3.195,1.975,44.73,52.41
grywag,xc:485891,17,13,0.457,0.36,5.94,19.46
grywag,xc:324350,4,8,4.949,7.44,39.59,40.01
grywag,xc:767548,29,9,1.573,0.21,14.16,23.85
grywag,xc:711977,5,4,4.818,5.795,19.27,20.79
grywag,xc:864014,4,1,3.12,3.12,3.12,3.16
grywag,xc:324349,5,10,6.816,8.0,68.16,69.19
grywag,xc:592132,3,3,0.167,0.21,0.5,7.61
grywag,xc:783762,12,8,0.396,0.225,3.17,8.0
grywag,xc:388636,15,3,2.003,2.48,6.01,7.26
grywag,xc:696159,35,10,2.286,0.89,22.86,24.84
grywag,xc:722424,41,29,0.447,0.26,12.97,42.92
grywag,xc:608016,35,15,0.998,0.45,14.97,31.65
grywag,xc:78168,16,8,0.987,0.57,7.9,13.22
grywag,xc:27018,14,21,4.143,2.78,87.0,88.77
grywag,xc:724109,26,11,1.615,0.48,17.77,28.42
grywag,xc:797914,15,8,1.235,0.575,9.88,15.39
grywag,xc:507377,164,74,0.602,0.22,44.56,102.04
grywag,xc:695870,3,1,7.42,7.42,7.42,7.48
jabwar,xc:285821,20,7,1.81,1.43,12.67,15.99
jabwar,xc:697521,9,9,0.484,0.13,4.36,18.45
jabwar,xc:410204,2,1,1.0,1.0,1.0,1.04
jabwar,xc:27362,33,12,1.197,0.94,14.36,35.19
jabwar,xc:34404,25,11,1.479,1.69,16.27,25.71
jabwar,xc:155854,50,12,1.735,1.325,20.82,33.1
jabwar,xc:285699,16,15,3.657,2.77,54.86,56.64
jabwar,xc:286125,38,12,1.494,0.79,17.93,29.34
jabwar,xc:581688,140,67,0.859,0.16,57.55,116.43
jabwar,xc:1069473,31,6,2.98,3.105,17.88,21.32
jabwar,xc:285848,76,15,3.089,2.37,46.33,59.98
jabwar,xc:191203,117,13,2.94,2.4,38.22,42.94
jabwar,xc:385100,115,23,2.032,1.3,46.73,67.69
jabwar,xc:191038,65,15,2.962,2.63,44.43,50.53
jabwar,xc:191037,66,25,2.868,2.68,71.69,86.78
jabwar,xc:992374,18,11,0.567,0.13,6.24,37.76
jabwar,xc:329587,78,24,1.217,0.77,29.2,53.74
jabwar,xc:309570,19,14,0.445,0.105,6.23,19.28
jabwar,xc:486788,64,31,1.262,0.16,39.12,66.97
jabwar,xc:191195,64,40,0.744,0.175,29.77,68.39
japwag1,xc:294783,1,1,1.02,1.02,1.02,1.06
japwag1,xc:527476,8,4,1.168,0.39,4.67,7.82
japwag1,xc:841046,7,6,4.482,4.13,26.89,27.38
japwag1,xc:532311,7,5,0.606,0.71,3.03,21.56
japwag1,xc:704676,24,9,1.112,0.49,10.01,15.26
japwag1,xc:454869,33,9,3.567,2.95,32.1,33.96
japwag1,xc:176437,52,26,0.665,0.565,17.28,33.95
japwag1,xc:841047,22,11,3.519,2.89,38.71,39.91
japwag1,xc:89513,10,5,3.862,3.86,19.31,20.87
japwag1,xc:704677,51,27,0.553,0.13,14.93,33.83
japwag1,ml:160012331,44,29,0.33,0.18,9.58,31.3
japwag1,ml:648118383,55,10,1.637,0.855,16.37,22.65
japwag1,inat:121419,34,23,0.545,0.38,12.53,43.19
japwag1,ml:611293787,51,16,2.018,1.06,32.29,39.29
japwag1,ml:170805251,94,36,0.774,0.285,27.88,70.08
japwag1,ml:620086200,64,18,1.099,0.64,19.78,31.29
japwag1,ml:640402579,23,8,0.685,0.51,5.48,10.4
japwag1,ml:640256369,23,8,2.664,1.4,21.31,25.95
japwag1,ml:203968901,33,9,3.567,2.95,32.1,33.96
japwag1,ml:646279463,10,7,4.569,3.94,31.98,32.91
labcro1,xc:811530,22,9,3.579,3.71,32.21,34.08
labcro1,xc:824065,96,43,1.509,0.88,64.87,109.69
labcro1,xc:350538,13,5,3.038,3.07,15.19,21.29
labcro1,xc:307471,10,1,5.61,5.61,5.61,6.59
labcro1,xc:811821,166,120,0.415,0.07,49.77,201.91
labcro1,xc:446405,71,16,3.268,3.71,52.29,56.6
labcro1,xc:986610,8,1,5.07,5.07,5.07,6.37
labcro1,xc:811532,10,1,6.26,6.26,6.26,6.7
labcro1,xc:603876,4,2,1.74,1.74,3.48,5.14
labcro1,xc:286155,3,2,4.365,4.365,8.73,9.41
labcro1,xc:623827,7,6,0.365,0.285,2.19,14.79
labcro1,xc:81350,6,1,3.2,3.2,3.2,3.24
labcro1,xc:890153,9,3,1.273,1.45,3.82,13.24
labcro1,xc:133745,221,68,1.137,0.49,77.3,177.74
labcro1,xc:344448,17,7,0.946,0.38,6.62,11.19
labcro1,xc:285993,46,5,4.02,5.23,20.1,23.05
labcro1,xc:915206,15,8,2.706,1.91,21.65,25.59
labcro1,xc:309572,38,12,1.348,1.13,16.18,28.95
labcro1,xc:212126,28,8,1.606,0.395,12.85,17.61
labcro1,xc:68019,83,28,1.615,0.88,45.22,70.83
litegr,xc:481452,7,2,1.91,1.91,3.82,5.29
litegr,xc:779145,22,8,1.14,0.415,9.12,20.6
litegr,xc:333966,73,26,1.077,0.31,28.0,40.68
litegr,xc:748297,27,17,0.436,0.21,7.41,24.1
litegr,xc:333874,43,11,1.542,0.67,16.96,24.59
litegr,xc:331548,427,129,1.729,0.86,223.07,302.89
litegr,xc:767199,40,22,0.776,0.27,17.08,49.32
litegr,xc:683079,11,1,4.85,4.85,4.85,5.34
litegr,xc:710201,22,9,3.471,3.26,31.24,36.13
litegr,xc:696314,1,2,7.925,7.925,15.85,17.11
litegr,xc:555825,13,6,0.928,0.46,5.57,10.25
litegr,xc:1041758,6,1,2.33,2.33,2.33,4.63
litegr,xc:795658,75,36,0.721,0.155,25.95,50.98
litegr,xc:365090,1,1,4.24,4.24,4.24,4.28
litegr,xc:956994,213,35,1.721,0.9,60.22,77.68
litegr,xc:774258,7,1,3.03,3.03,3.03,3.84
litegr,xc:642416,11,5,0.988,0.28,4.94,9.37
litegr,xc:1047895,14,5,1.03,0.95,5.15,10.33
litegr,xc:372947,17,4,4.562,4.595,18.25,18.76
litegr,xc:407045,5,4,0.335,0.355,1.34,11.56
litgre1,xc:804879,4,1,2.25,2.25,2.25,8.53
litgre1,xc:900716,4,4,0.048,0.045,0.19,13.46
litgre1,xc:380340,55,40,0.344,0.06,13.75,51.36
litgre1,xc:827756,3,2,1.04,1.04,2.08,5.15
litgre1,xc:923292,1,1,0.28,0.28,0.28,2.55
litgre1,xc:546375,5,5,0.056,0.05,0.28,8.97
litgre1,xc:634993,2,2,0.895,0.895,1.79,5.75
litgre1,xc:712583,39,20,0.853,0.145,17.07,77.51
litgre1,xc:314911,29,8,3.566,3.355,28.53,29.89
litgre1,xc:484292,16,8,1.17,1.355,9.36,25.45
litgre1,xc:723740,2,2,4.575,4.575,9.15,9.25
litgre1,xc:534650,2,1,3.62,3.62,3.62,3.66
litgre1,xc:36827,5,3,6.293,6.28,18.88,19.49
litgre1,xc:806226,14,4,2.93,2.51,11.72,12.94
litgre1,xc:606864,9,2,1.535,1.535,3.07,4.14
litgre1,xc:596755,3,1,4.61,4.61,4.61,4.67
litgre1,xc:687079,23,16,0.419,0.23,6.71,42.03
litgre1,xc:947545,9,3,3.503,2.42,10.51,10.82
litgre1,xc:1022129,5,2,4.875,4.875,9.75,9.91
litgre1,xc:483193,3,3,0.23,0.26,0.69,20.45
lottit1,xc:463643,47,16,2.543,2.345,40.69,47.01
lottit1,xc:354434,59,33,0.489,0.2,16.15,44.5
lottit1,xc:759683,149,36,1.643,0.82,59.15,84.4
lottit1,xc:708449,107,22,1.741,1.205,38.3,51.16
lottit1,xc:502966,19,8,0.999,0.255,7.99,22.01
lottit1,xc:1073133,39,13,0.818,0.49,10.64,21.89
lottit1,xc:688593,20,8,0.519,0.345,4.15,12.6
lottit1,xc:462475,349,133,1.251,0.56,166.34,256.31
lottit1,xc:217401,302,68,1.198,0.165,81.49,136.36
lottit1,xc:294830,26,3,3.853,3.02,11.56,12.59
lottit1,xc:488618,18,12,5.07,5.81,60.84,61.71
lottit1,xc:46758,139,87,0.277,0.15,24.1,96.14
lottit1,xc:611217,64,43,0.382,0.15,16.42,60.97
lottit1,xc:486174,130,19,2.782,2.03,52.86,55.58
lottit1,xc:499649,389,179,0.598,0.23,107.06,250.19
lottit1,xc:339919,16,3,2.633,1.41,7.9,10.23
lottit1,xc:530279,149,64,0.816,0.315,52.22,96.16
lottit1,xc:424195,264,67,2.721,1.34,182.32,206.59
lottit1,xc:503776,106,35,2.53,1.65,88.54,99.47
lottit1,xc:748765,64,11,4.125,4.2,45.37,49.25
mallar3,xc:846028,22,6,1.493,0.51,8.96,17.02
mallar3,xc:779764,9,4,1.765,1.62,7.06,24.89
mallar3,xc:630299,6,1,4.2,4.2,4.2,4.31
mallar3,xc:879568,10,2,3.535,3.535,7.07,7.98
mallar3,xc:631555,19,5,3.036,1.27,15.18,19.31
mallar3,xc:541823,8,5,2.666,2.26,13.33,13.88
mallar3,xc:676710,85,12,2.152,1.63,25.82,54.39
mallar3,xc:534648,24,8,3.829,3.665,30.63,31.85
mallar3,xc:354680,20,14,0.413,0.255,5.78,20.74
mallar3,xc:718815,2,1,3.47,3.47,3.47,4.18
mallar3,xc:1024361,65,39,0.574,0.22,22.39,51.43
mallar3,xc:170676,26,5,2.784,3.35,13.92,16.0
mallar3,xc:601278,19,14,0.747,0.15,10.46,52.15
mallar3,xc:573929,20,3,2.587,3.5,7.76,9.7
mallar3,xc:308994,5,1,5.43,5.43,5.43,5.47
mallar3,xc:396538,694,209,2.337,1.59,488.33,641.5
mallar3,xc:845103,2,1,4.33,4.33,4.33,4.51
mallar3,xc:791925,7,4,0.988,0.42,3.95,8.13
mallar3,xc:710910,14,4,2.007,0.52,8.03,10.38
mallar3,xc:459668,82,20,2.244,0.785,44.89,56.19
meabun1,xc:23968,64,13,2.764,2.1,35.93,44.78
meabun1,xc:491232,26,15,0.668,0.49,10.02,21.58
meabun1,xc:1018429,78,22,1.732,1.57,38.1,55.01
meabun1,xc:282181,13,11,0.68,0.44,7.48,23.05
meabun1,xc:626398,31,26,0.269,0.31,6.99,49.01
meabun1,xc:94559,42,10,1.525,0.885,15.25,22.73
meabun1,xc:915212,62,23,1.951,0.97,44.88,67.12
meabun1,xc:992954,58,19,1.593,1.48,30.26,42.32
meabun1,xc:491231,53,34,0.448,0.405,15.22,55.75
meabun1,xc:906318,115,26,1.482,0.775,38.53,53.59
meabun1,xc:824054,29,21,0.619,0.5,13.0,46.61
meabun1,xc:155678,35,16,0.777,0.19,12.43,36.32
meabun1,xc:992953,55,20,1.25,1.15,25.0,37.77
meabun1,xc:464651,114,49,1.083,1.23,53.08,114.08
meabun1,xc:285653,24,8,0.846,0.415,6.77,14.45
meabun1,xc:414492,64,22,1.065,1.15,23.44,39.29
meabun1,xc:491979,25,8,3.006,3.485,24.05,27.3
meabun1,xc:1024146,286,165,1.004,0.62,165.73,392.76
meabun1,xc:459118,6,6,0.575,0.57,3.45,10.25
meabun1,xc:172704,105,25,3.213,3.11,80.33,92.82
norpin,xc:733153,48,24,0.51,0.195,12.24,36.68
norpin,xc:972654,26,13,2.308,1.39,30.0,32.03
norpin,xc:971856,9,5,2.232,2.66,11.16,12.65
norpin,xc:615278,2,2,4.885,4.885,9.77,9.86
norpin,xc:463194,1,1,5.17,5.17,5.17,5.79
norpin,xc:844735,39,7,1.614,1.08,11.3,14.94
norpin,xc:617386,33,9,2.399,1.84,21.59,23.78
norpin,xc:718504,1,1,3.47,3.47,3.47,3.92
norpin,xc:713287,1,1,0.14,0.14,0.14,4.05
norpin,xc:715211,5,4,4.642,4.35,18.57,20.86
norpin,xc:432258,50,12,2.403,2.0,28.84,33.81
norpin,xc:616572,106,30,1.367,0.495,41.0,60.98
norpin,xc:979494,11,4,0.962,0.72,3.85,13.93
norpin,xc:640792,21,2,5.025,5.025,10.05,10.95
norpin,xc:984329,49,10,2.278,1.51,22.78,25.03
norpin,xc:129047,28,7,1.774,1.6,12.42,16.38
norpin,xc:880897,35,33,0.351,0.07,11.59,60.74
norpin,xc:113186,35,10,2.523,1.415,25.23,27.02
norpin,xc:614451,177,31,2.564,1.84,79.49,96.61
norpin,xc:381982,29,6,1.675,1.36,10.05,13.85
norsho,xc:974364,5,4,0.085,0.05,0.34,10.66
norsho,xc:712354,9,4,1.002,1.02,4.01,7.01
norsho,xc:501879,200,43,1.869,0.58,80.36,99.09
norsho,xc:617375,124,41,1.168,0.3,47.88,72.81
norsho,xc:586812,6,2,2.785,2.785,5.57,9.79
norsho,xc:683730,54,9,3.042,2.97,27.38,31.14
norsho,xc:617376,6,2,5.135,5.135,10.27,11.29
norsho,xc:190730,8,1,2.23,2.23,2.23,2.27
norsho,xc:479841,23,4,3.06,2.795,12.24,14.15
norsho,xc:448754,36,10,0.734,0.26,7.34,14.6
norsho,xc:540953,24,9,0.749,0.06,6.74,16.88
norsho,xc:644498,5,2,0.86,0.86,1.72,2.53
norsho,xc:1020442,106,17,3.576,2.94,60.8,67.95
norsho,xc:1012765,18,3,3.17,1.54,9.51,10.62
norsho,xc:706887,62,30,3.872,3.445,116.15,119.71
norsho,xc:1077690,13,5,1.898,0.49,9.49,10.62
norsho,xc:692984,33,3,4.41,4.89,13.23,14.28
norsho,xc:800553,20,8,0.529,0.385,4.23,9.68
norsho,xc:612076,72,13,2.238,1.42,29.09,34.91
norsho,xc:800991,22,5,4.134,5.44,20.67,22.19
origre,xc:286288,6,3,2.24,1.89,6.72,8.7
origre,xc:992580,222,84,1.094,0.67,91.9,165.28
origre,xc:451340,71,27,1.027,0.52,27.72,46.11
origre,xc:285949,53,16,2.439,1.645,39.02,47.7
origre,xc:872882,24,15,1.402,1.36,21.03,44.63
origre,xc:268302,96,9,2.598,1.28,23.38,27.49
origre,xc:872884,35,29,0.762,0.68,22.09,55.35
origre,xc:733017,75,41,0.905,0.58,37.09,72.85
origre,xc:974852,32,10,1.086,0.43,10.86,16.32
origre,xc:464663,33,7,2.007,1.82,14.05,18.49
origre,xc:838773,75,48,0.576,0.22,27.65,80.05
origre,xc:769566,6,6,0.098,0.105,0.59,10.32
origre,xc:974850,83,31,0.682,0.43,21.15,45.38
origre,xc:401718,38,16,0.68,0.385,10.88,23.41
origre,xc:727349,7,5,2.82,1.85,14.1,14.74
origre,xc:733024,114,41,1.199,0.47,49.16,79.01
origre,xc:1006008,54,15,1.394,1.3,20.91,31.78
origre,xc:294777,25,16,0.207,0.115,3.31,13.77
origre,xc:805987,33,3,3.623,2.41,10.87,11.97
origre,xc:762173,97,33,0.912,0.46,30.11,52.71
ortdov,xc:473070,27,7,2.393,2.23,16.75,19.94
ortdov,xc:751150,110,60,0.447,0.1,26.81,86.05
ortdov,xc:955876,11,6,2.293,1.31,13.76,17.51
ortdov,xc:657028,62,39,0.378,0.11,14.75,49.01
ortdov,xc:327475,87,30,2.245,1.66,67.34,90.22
ortdov,xc:589138,6,6,1.813,0.7,10.88,11.89
ortdov,xc:1009283,102,28,1.642,0.74,45.99,67.92
ortdov,xc:1015969,18,3,4.597,5.59,13.79,14.32
ortdov,xc:872831,21,6,1.503,0.285,9.02,14.61
ortdov,xc:286093,18,7,3.524,2.6,24.67,25.58
ortdov,xc:473071,33,7,2.374,3.0,16.62,20.35
ortdov,xc:875245,24,4,3.195,3.155,12.78,16.46
ortdov,xc:787976,25,17,3.539,3.56,60.17,64.96
ortdov,xc:844594,13,2,3.835,3.835,7.67,9.64
ortdov,xc:875246,20,6,2.207,1.885,13.24,18.01
ortdov,xc:872802,31,7,2.813,1.99,19.69,24.53
ortdov,xc:723155,16,3,2.93,2.33,8.79,9.61
ortdov,xc:655377,40,15,1.283,0.89,19.25,34.37
ortdov,xc:618817,26,7,1.321,0.28,9.25,12.07
ortdov,xc:428975,58,13,2.395,2.31,31.14,37.64
osprey,xc:511013,70,26,1.189,0.295,30.92,51.02
osprey,xc:465294,74,12,2.604,1.66,31.25,36.86
osprey,xc:694232,47,22,0.515,0.165,11.34,32.3
osprey,xc:272312,96,25,1.86,1.07,46.51,63.25
osprey,xc:588910,66,26,1.968,0.565,51.17,84.36
osprey,xc:592797,9,6,0.565,0.38,3.39,10.13
osprey,xc:333145,70,18,2.134,1.415,38.42,47.96
osprey,xc:118482,46,22,1.144,0.345,25.17,33.05
osprey,xc:805450,20,16,0.294,0.21,4.71,15.2
osprey,xc:466216,14,5,2.164,0.6,10.82,13.88
osprey,xc:664256,68,34,0.886,0.425,30.13,52.03
osprey,xc:466220,38,18,0.876,0.225,15.77,42.85
osprey,xc:174764,87,24,2.583,2.37,61.98,71.34
osprey,xc:796760,4,4,1.205,1.08,4.82,10.95
osprey,xc:900336,42,22,0.325,0.05,7.15,58.64
osprey,xc:18375,21,18,3.093,1.605,55.68,58.7
osprey,xc:318235,1,3,6.26,8.0,18.78,18.82
osprey,xc:588905,33,8,2.505,1.585,20.04,22.02
osprey,xc:166110,76,39,5.263,6.39,205.27,212.91
osprey,xc:915827,16,1,7.73,7.73,7.73,7.83
palthr1,xc:758275,26,12,0.657,0.19,7.88,39.24
palthr1,xc:772404,14,4,2.485,1.285,9.94,13.2
palthr1,xc:707803,143,42,2.106,1.355,88.45,122.6
palthr1,xc:652386,127,36,1.46,0.63,52.55,73.01
palthr1,xc:780155,4,1,7.36,7.36,7.36,10.22
palthr1,xc:843240,38,10,4.183,4.57,41.83,44.62
palthr1,xc:988531,26,7,3.586,3.94,25.1,27.58
palthr1,xc:972443,9,4,0.67,0.23,2.68,6.01
palthr1,xc:988532,25,4,5.908,7.655,23.63,24.97
palthr1,xc:637017,83,21,1.563,1.15,32.83,45.64
palthr1,xc:879574,6,3,0.7,0.42,2.1,6.17
palthr1,xc:761447,1,1,0.19,0.19,0.19,8.39
palthr1,xc:893999,31,17,0.906,0.51,15.41,33.01
palthr1,xc:757103,27,11,0.525,0.18,5.78,21.01
palthr1,xc:857164,1,1,0.4,0.4,0.4,5.71
palthr1,xc:841464,27,23,3.681,4.5,84.67,86.98
palthr1,xc:759486,9,7,0.154,0.13,1.08,21.51
palthr1,xc:878403,80,23,3.847,4.53,88.49,97.41
palthr1,xc:99374,11,7,4.401,4.95,30.81,32.91
palthr1,xc:758851,9,8,0.307,0.18,2.46,20.89
pygwoo1,xc:191044,1,1,1.54,1.54,1.54,1.58
pygwoo1,xc:267398,101,27,1.512,1.09,40.83,75.32
pygwoo1,xc:285634,10,4,0.727,0.5,2.91,8.16
pygwoo1,xc:267395,7,6,0.668,0.165,4.01,10.01
pygwoo1,xc:285907,11,5,2.002,1.39,10.01,11.71
pygwoo1,xc:797112,23,12,0.873,0.74,10.48,31.7
pygwoo1,xc:194382,1,3,7.517,8.0,22.55,22.59
pygwoo1,xc:155674,35,31,0.169,0.05,5.25,62.05
pygwoo1,xc:858022,13,10,0.204,0.12,2.04,9.52
pygwoo1,xc:841033,10,10,0.35,0.37,3.5,22.32
pygwoo1,xc:267394,267,97,1.336,0.74,129.63,215.15
pygwoo1,xc:267412,36,22,0.435,0.155,9.56,37.52
pygwoo1,xc:1016398,8,1,2.64,2.64,2.64,4.86
pygwoo1,xc:267415,111,23,1.78,0.62,40.95,53.77
pygwoo1,xc:797722,50,31,0.281,0.09,8.71,30.67
pygwoo1,xc:804650,120,47,0.95,0.44,44.63,84.67
pygwoo1,xc:655375,19,9,0.598,0.3,5.38,13.53
pygwoo1,xc:155862,69,15,2.799,2.55,41.98,49.81
pygwoo1,xc:285870,230,60,4.029,3.94,241.74,258.64
pygwoo1,xc:797723,28,9,1.026,1.07,9.23,18.05
rocpig,xc:349161,36,11,1.802,1.47,19.82,32.55
rocpig,xc:269761,47,14,2.486,1.715,34.8,43.21
rocpig,xc:488175,27,7,3.76,3.07,26.32,28.4
rocpig,xc:621266,31,13,3.738,4.23,48.6,51.1
rocpig,xc:380349,21,5,2.758,2.28,13.79,15.73
rocpig,xc:825052,46,12,1.563,1.2,18.76,28.57
rocpig,xc:315410,9,8,0.425,0.54,3.4,40.92
rocpig,xc:486873,33,15,1.23,1.45,18.45,33.37
rocpig,xc:348079,7,1,4.31,4.31,4.31,4.57
rocpig,xc:266224,21,2,5.755,5.755,11.51,11.97
rocpig,xc:48676,12,8,1.516,0.91,12.13,18.6
rocpig,xc:706902,144,27,3.27,3.5,88.28,95.95
rocpig,xc:169211,66,25,0.93,0.33,23.24,50.97
rocpig,xc:569664,11,2,2.99,2.99,5.98,6.59
rocpig,xc:1046372,4,3,0.23,0.05,0.69,4.3
rocpig,xc:796913,101,25,1.952,1.72,48.81,65.22
rocpig,xc:51716,24,6,3.155,2.655,18.93,22.47
rocpig,xc:645563,258,68,3.03,2.755,206.07,262.55
rocpig,xc:1023563,48,21,1.124,0.82,23.6,45.54
rocpig,xc:121680,82,29,0.989,0.38,28.68,45.08
skylar,xc:949909,23,14,0.856,0.27,11.99,24.17
skylar,xc:975229,38,28,4.215,4.28,118.02,120.66
skylar,xc:180733,18,21,3.72,2.92,78.13,79.21
skylar,xc:627311,79,47,3.797,3.32,178.45,197.51
skylar,xc:704675,13,2,7.15,7.15,14.3,14.58
skylar,xc:287131,4,4,3.918,3.455,15.67,16.29
skylar,xc:431443,1,1,0.16,0.16,0.16,1.34
skylar,xc:917689,11,19,5.462,8.0,103.77,106.01
skylar,xc:737688,9,8,5.301,5.355,42.41,45.6
skylar,xc:607294,6,4,3.925,3.14,15.7,15.97
skylar,xc:933082,75,22,2.899,2.41,63.77,68.59
skylar,xc:797675,3,3,0.197,0.26,0.59,9.94
skylar,xc:583693,23,18,2.522,0.98,45.39,57.34
skylar,xc:395043,152,62,3.301,2.455,204.69,214.69
skylar,xc:288761,3,10,6.788,8.0,67.88,68.06
skylar,xc:812075,7,6,3.957,3.1,23.74,24.88
skylar,xc:138228,45,5,4.344,3.82,21.72,23.15
skylar,xc:439200,77,14,4.037,3.9,56.52,60.61
skylar,xc:35949,3,7,6.541,8.0,45.79,46.04
skylar,xc:718610,73,32,3.589,2.73,114.85,118.79
spbduc,xc:803917,34,9,1.664,0.37,14.98,19.35
spbduc,xc:992583,200,70,0.87,0.26,60.87,103.91
spbduc,xc:920581,62,25,0.535,0.27,13.37,36.6
spbduc,xc:266814,10,8,0.506,0.225,4.05,10.98
spbduc,xc:414277,144,29,3.412,3.73,98.95,104.07
spbduc,xc:414280,94,18,4.504,4.61,81.08,85.09
spbduc,xc:266815,54,14,1.614,1.03,22.59,31.43
spbduc,xc:858061,18,15,4.753,6.87,71.29,72.47
spbduc,xc:266817,8,4,0.688,0.595,2.75,4.63
spbduc,xc:835962,14,11,2.268,1.09,24.95,26.21
spbduc,xc:858060,10,13,6.352,8.0,82.58,85.17
spbduc,xc:266818,17,4,1.443,1.425,5.77,9.59
spbduc,xc:21569,14,1,5.71,5.71,5.71,5.75
spbduc,xc:842810,22,4,2.328,2.03,9.31,11.98
spbduc,xc:841268,143,42,0.94,0.09,39.46,81.82
spbduc,xc:581286,17,3,3.513,1.63,10.54,11.63
spbduc,xc:858062,24,4,3.608,3.325,14.43,15.45
spbduc,xc:286056,3,4,2.502,0.975,10.01,10.85
spbduc,xc:854546,123,33,1.354,0.23,44.68,70.68
spbduc,xc:266813,50,13,1.243,0.48,16.16,24.9
tufduc,xc:280915,1,3,7.977,8.0,23.93,24.09
tufduc,xc:76445,4,2,4.085,4.085,8.17,8.5
tufduc,xc:792843,30,5,3.15,1.95,15.75,17.87
tufduc,xc:488129,4,2,0.69,0.69,1.38,4.76
tufduc,xc:810555,34,7,2.414,2.24,16.9,20.54
tufduc,xc:996042,24,5,1.708,1.82,8.54,12.53
tufduc,xc:538154,13,9,1.76,0.86,15.84,17.59
tufduc,xc:417298,20,5,2.316,2.0,11.58,17.59
tufduc,xc:243766,5,2,4.69,4.69,9.38,9.49
tufduc,xc:763788,5,5,3.648,2.41,18.24,18.9
tufduc,xc:587228,52,13,2.754,1.06,35.8,40.65
tufduc,xc:706888,7,9,4.71,5.22,42.39,42.9
tufduc,xc:468384,14,10,3.73,3.375,37.3,38.33
tufduc,xc:992786,121,52,0.724,0.42,37.63,79.51
tufduc,xc:487847,272,38,2.996,2.5,113.83,131.18
tufduc,xc:488130,3,3,0.457,0.23,1.37,3.79
tufduc,xc:530275,23,12,2.449,1.14,29.39,34.43
tufduc,xc:796658,29,7,1.82,0.08,12.74,23.89
tufduc,xc:632557,151,16,3.206,3.345,51.29,59.98
tufduc,xc:488112,4384,1540,0.915,0.26,1409.16,2695.68
vartit1,xc:882175,127,79,0.439,0.08,34.68,165.01
vartit1,xc:998735,46,23,1.219,0.61,28.03,60.66
vartit1,xc:790852,16,8,2.628,2.185,21.02,24.63
vartit1,xc:871190,107,41,1.607,0.95,65.87,126.51
vartit1,xc:843770,29,17,1.192,0.86,20.26,37.6
vartit1,xc:49797,44,13,2.076,1.1,26.99,38.01
vartit1,xc:856683,40,8,2.839,2.09,22.71,28.71
vartit1,xc:194395,29,13,1.54,1.2,20.02,28.94
vartit1,xc:890241,16,10,0.356,0.25,3.56,19.02
vartit1,xc:856671,105,31,1.171,0.76,36.3,56.43
vartit1,xc:578821,29,13,1.324,0.98,17.21,27.29
vartit1,xc:841031,8,8,0.699,0.585,5.59,17.82
vartit1,xc:266117,9,4,1.918,1.89,7.67,9.41
vartit1,xc:841029,14,5,1.738,2.27,8.69,16.17
vartit1,xc:202775,28,15,1.111,0.77,16.66,28.3
vartit1,xc:641399,64,22,2.039,1.62,44.86,57.07
vartit1,xc:175791,15,11,4.233,5.33,46.56,48.16
vartit1,xc:332820,30,17,2.718,2.13,46.21,61.35
vartit1,xc:414992,93,21,2.841,2.14,59.67,70.75
vartit1,xc:724706,41,6,3.475,3.955,20.85,24.12
warwhe1,xc:69779,17,4,3.098,2.425,12.39,14.65
warwhe1,xc:155881,96,24,2.378,1.62,57.06,71.5
warwhe1,xc:617434,185,53,2.142,2.58,113.5,186.21
warwhe1,xc:219961,82,15,3.173,2.11,47.59,58.0
warwhe1,xc:287972,95,23,3.376,2.95,77.64,85.58
warwhe1,xc:911176,319,163,3.812,3.96,621.39,648.44
warwhe1,xc:208165,1,2,7.765,7.765,15.53,15.57
warwhe1,xc:69778,80,31,1.775,1.51,55.02,90.2
warwhe1,xc:192982,103,51,0.556,0.27,28.37,67.28
warwhe1,xc:194291,26,3,5.41,6.95,16.23,17.45
warwhe1,xc:285915,62,14,2.316,2.045,32.43,42.11
warwhe1,xc:164815,51,14,1.77,1.73,24.78,37.67
warwhe1,xc:915201,47,9,2.744,2.95,24.7,29.12
warwhe1,xc:806913,482,163,3.49,3.72,568.86,605.55
warwhe1,xc:823077,14,7,4.713,5.7,32.99,33.68
warwhe1,xc:69777,9,3,2.027,0.5,6.08,9.2
warwhe1,xc:911225,21,16,4.984,4.9,79.75,81.93
warwhe1,xc:617441,63,37,0.408,0.21,15.11,41.72
warwhe1,xc:79215,22,7,0.974,0.39,6.82,22.21
warwhe1,xc:292566,24,7,2.641,2.15,18.49,23.19
whcsta1,xc:790703,260,40,3.041,2.455,121.64,140.74
whcsta1,xc:333014,63,16,1.491,1.01,23.85,34.65
whcsta1,xc:574136,29,5,2.302,0.37,11.51,18.68
whcsta1,xc:824056,35,7,2.433,1.03,17.03,19.9
whcsta1,xc:810042,9,5,0.34,0.16,1.7,11.34
whcsta1,xc:882612,117,27,1.937,1.27,52.29,67.95
whcsta1,xc:809875,269,89,0.915,0.32,81.47,158.05
whcsta1,xc:146051,144,34,1.356,0.735,46.11,70.67
whcsta1,xc:920580,19,5,1.722,1.33,8.61,11.55
whcsta1,xc:267611,26,18,0.668,0.25,12.03,36.08
whcsta1,xc:820836,7,5,0.202,0.13,1.01,5.01
whcsta1,xc:840780,100,19,2.399,1.69,45.58,55.35
whcsta1,xc:392765,23,11,2.371,1.44,26.08,32.0
whcsta1,xc:858065,14,4,4.195,4.795,16.78,17.76
whcsta1,xc:1027907,23,8,3.875,4.325,31.0,32.28
whcsta1,xc:915153,23,8,1.199,0.815,9.59,14.84
whcsta1,xc:915079,6,2,1.355,1.355,2.71,3.5
whcsta1,xc:712165,6,4,0.63,0.27,2.52,5.02
whcsta1,xc:779382,10,10,0.17,0.15,1.7,14.42
whcsta1,xc:113529,32,5,5.066,4.44,25.33,26.65
whiwag,xc:212874,28,9,1.752,0.54,15.77,23.43
whiwag,xc:332116,18,15,0.507,0.3,7.61,23.36
whiwag,xc:944139,55,33,0.466,0.21,15.38,56.97
whiwag,xc:201954,23,3,4.253,3.39,12.76,14.02
whiwag,xc:617835,10,4,0.867,0.445,3.47,7.18
whiwag,xc:187183,30,16,0.763,0.325,12.21,26.55
whiwag,xc:753781,2,2,0.325,0.325,0.65,10.04
whiwag,xc:63088,9,8,0.236,0.185,1.89,10.53
whiwag,xc:67298,160,27,1.623,1.27,43.81,58.0
whiwag,xc:297867,128,23,2.534,2.09,58.28,71.66
whiwag,xc:458681,113,63,1.115,0.93,70.26,156.42
whiwag,xc:487300,23,5,1.708,1.07,8.54,11.31
whiwag,xc:665137,17,2,4.68,4.68,9.36,9.91
whiwag,xc:728228,143,25,2.266,0.65,56.64,70.55
whiwag,xc:552985,9,6,0.612,0.315,3.67,6.6
whiwag,xc:879928,34,17,0.966,0.34,16.43,36.74
whiwag,xc:759533,16,6,1.083,0.695,6.5,10.78
whiwag,xc:731463,50,13,3.199,2.23,41.59,44.57
whiwag,xc:861059,217,58,4.273,4.76,247.84,260.91
whiwag,xc:479290,8,4,0.835,0.59,3.34,5.69
zitcis1,xc:476911,111,37,1.137,0.3,42.08,61.07
zitcis1,xc:753226,156,47,0.803,0.33,37.76,60.44
zitcis1,xc:301756,59,22,1.174,0.5,25.83,37.54
zitcis1,xc:359154,17,5,2.912,2.27,14.56,16.07
zitcis1,xc:1011812,23,8,4.004,3.93,32.03,32.82
zitcis1,xc:828633,70,13,2.316,1.73,30.11,35.58
zitcis1,xc:474374,12,12,0.103,0.105,1.23,9.37
zitcis1,xc:337541,132,53,0.602,0.4,31.88,70.72
zitcis1,xc:1027807,48,25,0.476,0.23,11.89,28.19
zitcis1,xc:195732,18,9,2.921,2.72,26.29,27.01
zitcis1,xc:714232,1,1,4.35,4.35,4.35,4.39
zitcis1,xc:1060751,2,2,0.06,0.06,0.12,11.93
zitcis1,xc:617351,1,2,6.555,6.555,13.11,13.24
zitcis1,xc:963907,21,4,5.42,6.185,21.68,23.32
zitcis1,xc:793914,11,1,2.65,2.65,2.65,3.09
zitcis1,xc:644123,69,12,2.471,1.625,29.65,34.5
zitcis1,xc:906062,30,5,1.872,0.28,9.36,10.67
zitcis1,xc:776863,31,2,5.39,5.39,10.78,11.49
zitcis1,xc:734272,12,9,0.29,0.11,2.61,8.45
zitcis1,xc:378257,2,3,2.803,0.35,8.41,8.55
