recording_id,ebird_species_code,n_segments,total_duration_sec,mean_segment_dur
xc:464622,azwmag2,11,46.851,4.259
xc:194379,azwmag2,0,0.0,0.0
xc:790248,azwmag2,6,13.187,2.198
xc:716117,azwmag2,6,10.357,1.726
xc:720180,azwmag2,2,6.784,3.392
xc:578054,barswa,2,15.347,7.673
xc:747403,barswa,4,24.339,6.085
xc:1042324,barswa,3,9.575,3.192
xc:677842,barswa,1,22.004,22.004
xc:142731,barswa,6,39.665,6.611
ml:620881189,bkfbun2,5,10.884,2.177
ml:618704340,bkfbun2,5,16.884,3.377
ml:634320120,bkfbun2,6,27.755,4.626
ml:637612944,bkfbun2,1,3.48,3.48
ml:624172439,bkfbun2,0,0.0,0.0
xc:580794,bkhgul,21,49.978,2.38
xc:752720,bkhgul,2,45.789,22.895
xc:1065402,bkhgul,4,6.406,1.601
xc:1050112,bkhgul,3,3.437,1.146
xc:525320,bkhgul,4,10.762,2.691
xc:627390,bktgul,9,33.096,3.677
xc:903942,bktgul,1,4.704,4.704
xc:1016634,bktgul,3,15.237,5.079
xc:344933,bktgul,2,2.354,1.177
xc:344932,bktgul,2,1.805,0.903
xc:493737,blakit1,12,27.257,2.271
xc:507829,blakit1,0,0.0,0.0
xc:628280,blakit1,2,2.533,1.267
xc:1026906,blakit1,11,45.936,4.176
xc:896543,blakit1,1,1.562,1.562
xc:155867,brebul1,7,26.992,3.856
xc:551619,brebul1,2,17.904,8.952
xc:466085,brebul1,1,4.109,4.109
xc:200439,brebul1,5,69.297,13.859
xc:784921,brebul1,3,15.369,5.123
xc:194695,buhshr1,0,0.0,0.0
xc:88961,buhshr1,1,4.153,4.153
xc:793926,buhshr1,4,3.949,0.987
xc:842854,buhshr1,5,10.309,2.062
xc:505447,buhshr1,0,0.0,0.0
xc:134325,burthr,13,22.596,1.738
xc:1023727,burthr,6,74.458,12.41
xc:697948,burthr,2,5.851,2.925
xc:921485,burthr,2,3.576,1.788
xc:472199,burthr,0,0.0,0.0
xc:785592,carcro1,4,12.934,3.233
xc:511980,carcro1,2,9.581,4.791
xc:688118,carcro1,6,22.062,3.677
xc:745101,carcro1,29,52.286,1.803
xc:635134,carcro1,2,2.395,1.197
xc:1030710,cintit13,7,14.429,2.061
xc:582929,cintit13,9,77.88,8.653
xc:531958,cintit13,6,17.955,2.992
xc:319792,cintit13,6,23.879,3.98
xc:166690,cintit13,0,0.0,0.0
xc:462875,comkin1,4,15.96,3.99
xc:502269,comkin1,1,1.933,1.933
xc:931189,comkin1,0,0.0,0.0
xc:800955,comkin1,4,24.512,6.128
xc:929047,comkin1,0,0.0,0.0
xc:797798,compoc,2,20.244,10.122
xc:570725,compoc,2,2.798,1.399
xc:484893,compoc,2,11.259,5.629
xc:783964,compoc,1,1.01,1.01
xc:994657,compoc,6,21.792,3.632
xc:932836,comsan,0,0.0,0.0
xc:599571,comsan,1,6.687,6.687
xc:743065,comsan,5,8.643,1.729
xc:671980,comsan,9,11.056,1.228
xc:894340,comsan,1,1.301,1.301
xc:113350,daured1,8,17.603,2.2
xc:790686,daured1,3,31.629,10.543
xc:977650,daured1,1,1.84,1.84
xc:835735,daured1,3,14.791,4.93
xc:194873,daured1,2,10.861,5.431
xc:811955,dusthr2,2,14.328,7.164
xc:979887,dusthr2,2,2.323,1.161
xc:696346,dusthr2,3,4.838,1.613
xc:893034,dusthr2,15,60.467,4.031
xc:708761,dusthr2,7,19.835,2.834
xc:357835,eurcoo,9,14.626,1.625
xc:631503,eurcoo,1,1.019,1.019
xc:902431,eurcoo,5,39.859,7.972
xc:825928,eurcoo,3,5.149,1.716
xc:551713,eurcoo,0,0.0,0.0
xc:706792,eurwig,1,1.501,1.501
xc:702702,eurwig,3,6.589,2.196
xc:894419,eurwig,1,1.291,1.291
xc:706795,eurwig,0,0.0,0.0
xc:1051756,eurwig,2,1.832,0.916
xc:381814,eutspa,8,16.989,2.124
xc:936174,eutspa,19,38.712,2.037
xc:185713,eutspa,3,67.477,22.492
xc:164536,eutspa,9,84.672,9.408
xc:341173,eutspa,4,12.997,3.249
xc:651967,gadwal,3,9.282,3.094
xc:548049,gadwal,3,12.19,4.063
xc:963992,gadwal,2,13.443,6.721
xc:284792,gadwal,1,6.032,6.032
xc:1021736,gadwal,1,1.181,1.181
xc:977018,gnwtea,1,1.78,1.78
xc:533237,gnwtea,8,25.083,3.135
xc:280945,gnwtea,6,21.194,3.532
xc:774518,gnwtea,0,0.0,0.0
xc:309109,gnwtea,5,10.144,2.029
xc:941740,graher1,1,4.469,4.469
xc:1027522,graher1,1,2.563,2.563
xc:988147,graher1,1,1.219,1.219
xc:760232,graher1,3,5.001,1.667
xc:781315,graher1,0,0.0,0.0
xc:473226,grcgre1,3,5.299,1.766
xc:252268,grcgre1,2,14.846,7.423
xc:636568,grcgre1,2,32.972,16.486
xc:462953,grcgre1,0,0.0,0.0
xc:897021,grcgre1,2,5.689,2.844
xc:839104,grecor,1,1.584,1.584
xc:987714,grecor,1,1.333,1.333
xc:448710,grecor,0,0.0,0.0
xc:308865,grecor,19,40.981,2.157
xc:372106,grecor,4,8.063,2.016
xc:561777,greegr,0,0.0,0.0
xc:161280,greegr,1,1.296,1.296
xc:454182,greegr,0,0.0,0.0
xc:1005363,greegr,1,0.915,0.915
xc:285219,greegr,1,1.207,1.207
xc:386848,grywag,3,3.763,1.254
xc:432286,grywag,10,25.13,2.513
xc:485891,grywag,5,16.453,3.291
xc:324350,grywag,5,7.245,1.449
xc:767548,grywag,0,0.0,0.0
xc:285821,jabwar,1,10.208,10.208
xc:697521,jabwar,2,3.199,1.599
xc:410204,jabwar,1,0.424,0.424
xc:27362,jabwar,5,6.38,1.276
xc:34404,jabwar,4,20.64,5.16
xc:294783,japwag1,0,0.0,0.0
xc:527476,japwag1,4,4.008,1.002
xc:841046,japwag1,8,16.016,2.002
xc:532311,japwag1,4,6.02,1.505
xc:704676,japwag1,4,9.236,2.309
xc:811530,labcro1,9,21.557,2.395
xc:824065,labcro1,24,56.208,2.342
xc:350538,labcro1,3,14.925,4.975
xc:307471,labcro1,0,0.0,0.0
xc:811821,labcro1,13,41.694,3.207
xc:481452,litegr,0,0.0,0.0
xc:779145,litegr,5,7.552,1.51
xc:333966,litegr,6,31.988,5.331
xc:748297,litegr,6,11.598,1.933
xc:333874,litegr,3,17.281,5.76
xc:804879,litgre1,1,1.013,1.013
xc:900716,litgre1,0,0.0,0.0
xc:380340,litgre1,5,7.68,1.536
xc:827756,litgre1,1,2.249,2.249
xc:923292,litgre1,1,1.001,1.001
xc:463643,lottit1,3,40.339,13.446
xc:354434,lottit1,9,24.956,2.773
xc:759683,lottit1,16,32.241,2.015
xc:708449,lottit1,8,16.237,2.03
xc:502966,lottit1,1,2.011,2.011
xc:846028,mallar3,2,12.176,6.088
xc:779764,mallar3,4,11.021,2.755
xc:630299,mallar3,0,0.0,0.0
xc:879568,mallar3,1,7.024,7.024
xc:631555,mallar3,2,17.36,8.68
xc:23968,meabun1,6,27.934,4.656
xc:491232,meabun1,5,10.577,2.115
xc:1018429,meabun1,10,46.721,4.672
xc:282181,meabun1,5,11.346,2.269
xc:626398,meabun1,0,0.0,0.0
xc:733153,norpin,5,7.439,1.488
xc:972654,norpin,2,4.464,2.232
xc:971856,norpin,1,5.393,5.393
xc:615278,norpin,2,2.603,1.301
xc:463194,norpin,1,3.823,3.823
xc:974364,norsho,0,0.0,0.0
xc:712354,norsho,3,4.159,1.386
xc:501879,norsho,12,46.432,3.869
xc:617375,norsho,1,1.895,1.895
xc:586812,norsho,1,2.789,2.789
xc:286288,origre,1,2.873,2.873
xc:992580,origre,27,85.541,3.168
xc:451340,origre,11,18.097,1.645
xc:285949,origre,18,29.756,1.653
xc:872882,origre,14,26.56,1.897
xc:473070,ortdov,2,16.93,8.465
xc:751150,ortdov,8,26.224,3.278
xc:955876,ortdov,2,14.36,7.18
xc:657028,ortdov,2,12.446,6.223
xc:327475,ortdov,10,63.826,6.383
xc:511013,osprey,9,31.405,3.489
xc:465294,osprey,3,34.476,11.492
xc:694232,osprey,4,12.632,3.158
xc:272312,osprey,9,48.759,5.418
xc:588910,osprey,9,45.253,5.028
xc:758275,palthr1,0,0.0,0.0
xc:772404,palthr1,1,1.245,1.245
xc:707803,palthr1,24,96.819,4.034
xc:652386,palthr1,7,59.2,8.457
xc:780155,palthr1,0,0.0,0.0
xc:191044,pygwoo1,0,0.0,0.0
xc:267398,pygwoo1,2,7.651,3.825
xc:285634,pygwoo1,1,2.72,2.72
xc:267395,pygwoo1,1,3.201,3.201
xc:285907,pygwoo1,2,4.2,2.1
xc:349161,rocpig,8,23.805,2.976
xc:269761,rocpig,5,38.667,7.733
xc:488175,rocpig,5,23.355,4.671
xc:621266,rocpig,5,45.971,9.194
xc:380349,rocpig,3,5.518,1.839
xc:949909,skylar,4,16.718,4.18
xc:975229,skylar,9,66.36,7.373
xc:180733,skylar,6,57.456,9.576
xc:627311,skylar,16,161.727,10.108
xc:704675,skylar,1,13.891,13.891
xc:803917,spbduc,3,10.987,3.662
xc:992583,spbduc,6,11.4,1.9
xc:920581,spbduc,5,26.973,5.395
xc:266814,spbduc,1,2.548,2.548
xc:414277,spbduc,12,72.944,6.079
xc:280915,tufduc,0,0.0,0.0
xc:76445,tufduc,0,0.0,0.0
xc:792843,tufduc,2,14.864,7.432
xc:488129,tufduc,2,2.087,1.043
xc:810555,tufduc,3,5.634,1.878
xc:882175,vartit1,9,11.653,1.295
xc:998735,vartit1,10,27.639,2.764
xc:790852,vartit1,4,8.275,2.069
xc:871190,vartit1,9,18.437,2.049
xc:843770,vartit1,9,20.36,2.262
xc:69779,warwhe1,1,14.051,14.051
xc:155881,warwhe1,5,56.168,11.234
xc:617434,warwhe1,6,180.912,30.152
xc:219961,warwhe1,6,35.178,5.863
xc:287972,warwhe1,12,22.816,1.901
xc:790703,whcsta1,20,96.931,4.847
xc:333014,whcsta1,8,28.261,3.533
xc:574136,whcsta1,3,4.545,1.515
xc:824056,whcsta1,3,6.064,2.021
xc:810042,whcsta1,1,1.92,1.92
xc:212874,whiwag,7,14.118,2.017
xc:332116,whiwag,2,18.442,9.221
xc:944139,whiwag,0,0.0,0.0
xc:201954,whiwag,2,9.853,4.927
xc:617835,whiwag,2,4.243,2.122
xc:476911,zitcis1,3,50.248,16.749
xc:753226,zitcis1,4,20.621,5.155
xc:301756,zitcis1,2,16.895,8.448
xc:359154,zitcis1,3,6.766,2.255
xc:1011812,zitcis1,6,8.932,1.489
