species_code,recording_id,safe_id,bout_idx,bout_onset,bout_offset,n_notes,cluster_id,cluster_prob
azwmag2,xc:841258,xc_841258,11,47.71,54.27,10,10,1.0
azwmag2,xc:841258,xc_841258,12,54.6,57.29,5,10,1.0
azwmag2,xc:841258,xc_841258,30,131.24,134.68,4,10,1.0
azwmag2,xc:841258,xc_841258,31,134.98,140.39,9,10,1.0
azwmag2,xc:841258,xc_841258,37,149.74,152.81,9,10,1.0
azwmag2,xc:1016671,xc_1016671,16,37.79,38.09,1,4,1.0
azwmag2,xc:1016671,xc_1016671,17,38.67,39.05,1,4,1.0
azwmag2,xc:1016671,xc_1016671,18,39.95,40.3,1,4,1.0
azwmag2,xc:1016671,xc_1016671,19,40.95,41.25,1,4,1.0
azwmag2,xc:1016671,xc_1016671,21,42.36,43.3,2,4,1.0
azwmag2,xc:464622,xc_464622,2,10.45,12.63,6,6,1.0
azwmag2,xc:464622,xc_464622,4,14.33,16.42,6,6,1.0
azwmag2,xc:464622,xc_464622,5,17.88,18.53,2,6,1.0
azwmag2,xc:464622,xc_464622,6,18.97,19.32,1,6,1.0
azwmag2,xc:464622,xc_464622,7,19.75,20.18,1,6,1.0
azwmag2,xc:716117,xc_716117,0,0.13,0.17,1,3,1.0
azwmag2,xc:716117,xc_716117,1,1.65,3.66,3,3,1.0
azwmag2,xc:716117,xc_716117,2,4.31,4.4,1,3,1.0
azwmag2,xc:716117,xc_716117,3,7.84,8.78,2,3,1.0
azwmag2,xc:911230,xc_911230,21,47.94,48.4,3,13,1.0
azwmag2,xc:911230,xc_911230,22,49.27,54.41,10,13,1.0
azwmag2,xc:911230,xc_911230,23,54.83,54.97,1,13,1.0
azwmag2,xc:911230,xc_911230,24,55.65,56.85,1,13,1.0
azwmag2,xc:766304,xc_766304,8,19.75,20.7,2,2,1.0
azwmag2,xc:766304,xc_766304,10,23.31,24.29,4,2,1.0
azwmag2,xc:766304,xc_766304,11,25.18,25.26,1,2,1.0
azwmag2,xc:766304,xc_766304,12,26.59,27.98,4,2,1.0
azwmag2,xc:339213,xc_339213,0,0.02,5.94,10,9,1.0
azwmag2,xc:339213,xc_339213,1,7.19,7.28,1,9,1.0
azwmag2,xc:339213,xc_339213,2,8.37,8.52,1,9,1.0
azwmag2,xc:762197,xc_762197,0,0.02,3.34,6,8,1.0
azwmag2,xc:762197,xc_762197,1,3.78,4.19,1,8,1.0
azwmag2,xc:762197,xc_762197,2,5.47,7.48,3,8,1.0
azwmag2,xc:733333,xc_733333,0,0.02,0.11,1,1,1.0
azwmag2,xc:733333,xc_733333,1,0.65,1.65,1,1,1.0
azwmag2,xc:762197,xc_762197,13,25.22,25.61,1,11,1.0
azwmag2,xc:762197,xc_762197,14,26.07,26.1,1,11,1.0
azwmag2,xc:790248,xc_790248,0,0.04,1.64,5,0,1.0
azwmag2,xc:790248,xc_790248,1,2.61,2.72,1,0,1.0
azwmag2,xc:1058393,xc_1058393,0,0.16,1.19,3,5,1.0
azwmag2,xc:1058393,xc_1058393,1,1.55,8.83,3,5,1.0
azwmag2,xc:911230,xc_911230,0,0.65,2.8,2,14,1.0
barswa,xc:123035,xc_123035,11,18.26,19.1,1,10,1.0
barswa,xc:123035,xc_123035,12,19.75,20.29,1,10,1.0
barswa,xc:123035,xc_123035,22,36.52,37.35,1,10,1.0
barswa,xc:123035,xc_123035,23,37.88,38.3,1,10,1.0
barswa,xc:123035,xc_123035,27,45.57,46.41,1,10,1.0
barswa,xc:191008,xc_191008,3,7.76,8.21,1,7,1.0
barswa,xc:191008,xc_191008,9,17.14,17.47,1,7,1.0
barswa,xc:191008,xc_191008,6,11.77,12.1,1,7,1.0
barswa,xc:191008,xc_191008,4,8.89,9.98,2,7,1.0
barswa,xc:191008,xc_191008,10,18.67,18.89,1,7,1.0
barswa,xc:197400,xc_197400,3,10.47,12.25,3,5,1.0
barswa,xc:919230,xc_919230,2,5.06,5.8,2,4,1.0
barswa,xc:919230,xc_919230,3,6.55,7.56,2,4,1.0
barswa,xc:126103,xc_126103,8,15.53,15.61,1,0,1.0
barswa,xc:126103,xc_126103,9,16.07,16.24,1,0,1.0
barswa,xc:126103,xc_126103,10,17.5,17.58,1,0,1.0
barswa,xc:126103,xc_126103,11,19.18,19.24,1,0,1.0
barswa,xc:126103,xc_126103,12,20.16,20.67,2,0,1.0
barswa,xc:747403,xc_747403,0,0.36,2.88,7,6,1.0
barswa,xc:747403,xc_747403,1,3.93,4.01,1,6,1.0
barswa,xc:747403,xc_747403,2,4.46,4.52,1,6,1.0
barswa,xc:747403,xc_747403,3,5.48,7.53,7,6,1.0
barswa,xc:747403,xc_747403,4,8.07,8.17,1,6,1.0
barswa,xc:197400,xc_197400,0,0.02,2.85,5,5,1.0
barswa,xc:197400,xc_197400,1,3.39,8.85,13,5,1.0
barswa,xc:197400,xc_197400,2,9.45,9.76,1,5,1.0
barswa,xc:193495,xc_193495,3,4.99,5.5,2,2,1.0
barswa,xc:193495,xc_193495,4,5.91,6.0,1,2,1.0
barswa,xc:721365,xc_721365,2,12.0,16.87,1,9,1.0
barswa,xc:919230,xc_919230,4,8.07,8.34,1,4,1.0
barswa,xc:1042324,xc_1042324,0,1.95,2.4,1,3,1.0
barswa,xc:1042324,xc_1042324,1,3.2,3.61,1,3,1.0
barswa,xc:1042324,xc_1042324,2,4.54,6.24,3,3,1.0
barswa,xc:193495,xc_193495,2,4.26,4.65,3,2,1.0
barswa,xc:142731,xc_142731,0,0.06,8.06,1,8,1.0
barswa,xc:721365,xc_721365,3,17.52,24.66,2,9,1.0
barswa,xc:142731,xc_142731,1,8.06,8.92,1,8,1.0
bkfbun2,ml:624172439,ml_624172439,22,15.98,16.05,1,1,1.0
bkfbun2,ml:624172439,ml_624172439,23,16.64,16.69,1,1,1.0
bkfbun2,ml:624172439,ml_624172439,24,17.1,17.18,1,1,1.0
bkfbun2,ml:624172439,ml_624172439,32,23.04,23.09,1,1,1.0
bkfbun2,ml:624172439,ml_624172439,33,23.55,23.61,1,1,1.0
bkfbun2,ml:643676710,ml_643676710,28,102.54,106.4,3,5,1.0
bkfbun2,ml:643676710,ml_643676710,24,85.82,93.81,10,5,1.0
bkfbun2,ml:643676710,ml_643676710,15,48.06,56.06,1,5,1.0
bkfbun2,ml:640507369,ml_640507369,10,49.71,54.04,1,3,1.0
bkfbun2,ml:640507369,ml_640507369,12,56.95,63.64,1,3,1.0
bkfbun2,ml:640507369,ml_640507369,6,31.33,34.93,1,3,1.0
bkfbun2,ml:640507369,ml_640507369,2,8.05,14.61,1,3,1.0
bkfbun2,ml:640507369,ml_640507369,1,5.03,7.86,4,3,1.0
bkfbun2,ml:618704340,ml_618704340,2,9.22,9.51,1,9,1.0
bkfbun2,ml:620266782,ml_620266782,1,2.81,5.06,5,8,1.0
bkfbun2,ml:620266782,ml_620266782,4,7.86,8.33,2,8,1.0
bkfbun2,ml:620266782,ml_620266782,5,8.75,8.79,1,8,1.0
bkfbun2,ml:644573777,ml_644573777,0,0.02,0.29,1,6,1.0
bkfbun2,ml:644573777,ml_644573777,1,0.73,0.8,1,6,1.0
bkfbun2,ml:644573777,ml_644573777,2,1.36,4.85,15,6,1.0
bkfbun2,ml:618704340,ml_618704340,1,2.23,9.0,7,9,1.0
bkfbun2,ml:148116611,ml_148116611,10,22.57,22.79,1,7,1.0
bkfbun2,ml:643676710,ml_643676710,25,94.15,94.45,2,5,1.0
bkfbun2,ml:643676710,ml_643676710,26,94.89,97.13,5,5,1.0
bkfbun2,ml:460115891,ml_460115891,1,8.26,8.47,1,2,1.0
bkfbun2,ml:460115891,ml_460115891,0,0.02,7.99,19,2,1.0
bkfbun2,ml:460115891,ml_460115891,2,8.89,8.96,1,2,1.0
bkfbun2,ml:460115891,ml_460115891,3,9.19,13.32,10,2,1.0
bkfbun2,ml:640988362,ml_640988362,0,0.02,1.4,2,0,1.0
bkfbun2,ml:618704340,ml_618704340,3,9.74,10.04,1,9,1.0
bkfbun2,ml:634320120,ml_634320120,1,1.07,3.96,6,4,1.0
bkfbun2,ml:634320120,ml_634320120,2,4.44,6.34,3,4,1.0
bkfbun2,ml:640988362,ml_640988362,1,1.84,3.5,7,0,1.0
bkfbun2,ml:148116611,ml_148116611,11,23.48,24.16,2,7,1.0
bkhgul,xc:441030,xc_441030,38,75.13,80.92,7,10,1.0
bkhgul,xc:441030,xc_441030,46,103.43,111.29,10,10,1.0
bkhgul,xc:441030,xc_441030,97,269.26,269.59,1,10,1.0
bkhgul,xc:441030,xc_441030,98,270.06,274.72,7,10,1.0
bkhgul,xc:441030,xc_441030,162,462.54,469.01,2,10,1.0
bkhgul,xc:615791,xc_615791,2,3.14,10.63,2,9,1.0
bkhgul,xc:615791,xc_615791,3,10.84,15.3,5,9,1.0
bkhgul,xc:615791,xc_615791,4,15.62,16.44,1,9,1.0
bkhgul,xc:615791,xc_615791,5,17.02,22.7,4,9,1.0
bkhgul,xc:580794,xc_580794,17,53.62,57.84,1,3,1.0
bkhgul,xc:580794,xc_580794,18,58.0,62.69,2,3,1.0
bkhgul,xc:580794,xc_580794,19,62.84,67.11,2,3,1.0
bkhgul,xc:580794,xc_580794,20,67.44,70.48,2,3,1.0
bkhgul,xc:735929,xc_735929,0,0.02,1.01,3,0,1.0
bkhgul,xc:735929,xc_735929,1,1.55,1.99,1,0,1.0
bkhgul,xc:539616,xc_539616,0,0.08,1.25,3,8,1.0
bkhgul,xc:539616,xc_539616,1,1.35,8.4,8,8,1.0
bkhgul,xc:636478,xc_636478,3,16.68,24.68,1,2,1.0
bkhgul,xc:752720,xc_752720,0,0.02,4.82,11,1,1.0
bkhgul,xc:752720,xc_752720,1,5.32,9.0,7,1,1.0
bkhgul,xc:752720,xc_752720,2,9.25,12.82,5,1,1.0
bkhgul,xc:484460,xc_484460,1,5.21,12.69,8,4,1.0
bkhgul,xc:484460,xc_484460,2,12.9,13.93,2,4,1.0
bkhgul,xc:484460,xc_484460,3,14.17,14.44,1,4,1.0
bkhgul,xc:946675,xc_946675,0,0.94,1.12,1,6,1.0
bkhgul,xc:636478,xc_636478,2,8.68,16.68,1,2,1.0
bkhgul,xc:636478,xc_636478,1,0.68,8.68,1,2,1.0
bkhgul,xc:946675,xc_946675,2,3.54,3.6,1,6,1.0
bkhgul,xc:946675,xc_946675,1,1.76,1.99,1,6,1.0
bkhgul,xc:1050112,xc_1050112,1,0.72,8.72,1,7,1.0
bkhgul,xc:1050112,xc_1050112,2,8.72,9.25,1,7,1.0
bktgul,xc:839073,xc_839073,25,46.52,46.88,1,10,1.0
bktgul,xc:839073,xc_839073,26,47.48,48.25,2,10,1.0
bktgul,xc:839073,xc_839073,27,49.12,49.36,1,10,1.0
bktgul,xc:839073,xc_839073,35,59.83,60.19,1,10,1.0
bktgul,xc:839073,xc_839073,36,60.74,61.1,1,10,1.0
bktgul,xc:1008519,xc_1008519,16,53.47,56.39,5,6,1.0
bktgul,xc:1008519,xc_1008519,2,9.27,15.73,9,6,1.0
bktgul,xc:1008519,xc_1008519,18,58.15,65.34,14,6,1.0
bktgul,xc:1002546,xc_1002546,6,7.22,7.33,1,1,1.0
bktgul,xc:1008519,xc_1008519,33,122.56,123.65,2,6,1.0
bktgul,xc:1008519,xc_1008519,32,120.11,122.36,2,6,1.0
bktgul,xc:344933,xc_344933,1,0.33,0.37,1,2,1.0
bktgul,xc:344933,xc_344933,2,1.32,1.56,1,2,1.0
bktgul,xc:627390,xc_627390,3,10.89,12.93,8,8,1.0
bktgul,xc:627390,xc_627390,10,33.82,34.28,1,8,1.0
bktgul,xc:840768,xc_840768,39,91.94,92.8,1,7,1.0
bktgul,xc:840768,xc_840768,41,100.45,106.58,7,7,1.0
bktgul,xc:1002546,xc_1002546,7,7.97,8.3,1,1,1.0
bktgul,xc:1002546,xc_1002546,10,13.54,13.92,1,1,1.0
bktgul,xc:1002546,xc_1002546,11,14.64,14.95,1,1,1.0
bktgul,xc:1002546,xc_1002546,12,16.23,16.54,1,1,1.0
bktgul,xc:464604,xc_464604,6,24.91,31.36,8,9,1.0
bktgul,xc:464604,xc_464604,8,34.87,34.95,1,9,1.0
bktgul,xc:464604,xc_464604,10,37.58,40.27,5,9,1.0
bktgul,xc:464604,xc_464604,11,40.69,43.82,7,9,1.0
bktgul,xc:464604,xc_464604,14,49.74,57.38,13,9,1.0
bktgul,xc:344933,xc_344933,0,0.02,0.09,1,2,1.0
bktgul,xc:840768,xc_840768,20,41.66,48.12,8,5,1.0
bktgul,xc:840768,xc_840768,21,48.54,48.7,1,5,1.0
bktgul,xc:892290,xc_892290,5,8.27,8.61,1,4,1.0
bktgul,xc:892290,xc_892290,6,10.18,10.65,2,4,1.0
bktgul,xc:344932,xc_344932,2,3.28,3.72,1,3,1.0
bktgul,xc:344932,xc_344932,3,5.37,6.28,2,3,1.0
bktgul,xc:1016634,xc_1016634,0,0.27,4.32,5,0,1.0
bktgul,xc:1016634,xc_1016634,1,4.61,12.25,6,0,1.0
bktgul,xc:840768,xc_840768,29,67.37,74.68,4,11,1.0
blakit1,xc:139768,xc_139768,11,46.46,52.06,8,5,1.0
blakit1,xc:139768,xc_139768,17,68.86,76.07,4,5,1.0
blakit1,xc:139768,xc_139768,26,106.43,109.74,2,5,1.0
blakit1,xc:139768,xc_139768,27,111.3,114.87,2,5,1.0
blakit1,xc:139768,xc_139768,28,115.3,118.53,1,5,1.0
blakit1,xc:807584,xc_807584,7,11.06,11.24,2,1,1.0
blakit1,xc:807584,xc_807584,8,12.98,14.41,3,1,1.0
blakit1,xc:807584,xc_807584,19,36.01,37.23,3,1,1.0
blakit1,xc:807584,xc_807584,21,40.45,40.51,1,1,1.0
blakit1,xc:807584,xc_807584,18,34.01,34.04,1,1,1.0
blakit1,xc:309401,xc_309401,5,31.2,31.27,1,7,1.0
blakit1,xc:309401,xc_309401,4,23.94,31.03,3,7,1.0
blakit1,xc:309401,xc_309401,2,15.74,21.32,2,7,1.0
blakit1,xc:1026906,xc_1026906,24,61.42,63.64,2,6,1.0
blakit1,xc:1026906,xc_1026906,26,66.3,69.9,3,6,1.0
blakit1,xc:994865,xc_994865,1,2.75,3.47,2,0,1.0
blakit1,xc:994865,xc_994865,2,4.59,6.47,6,0,1.0
blakit1,xc:309401,xc_309401,6,31.47,31.66,1,7,1.0
blakit1,xc:309401,xc_309401,7,32.27,32.83,1,7,1.0
blakit1,xc:578427,xc_578427,0,0.08,8.05,6,2,1.0
blakit1,xc:578427,xc_578427,2,14.21,14.88,1,2,1.0
blakit1,xc:578427,xc_578427,3,15.28,16.26,2,2,1.0
blakit1,xc:578427,xc_578427,7,22.24,26.42,8,2,1.0
blakit1,xc:578427,xc_578427,10,31.0,32.93,2,2,1.0
blakit1,xc:1026906,xc_1026906,0,0.02,8.0,7,6,1.0
blakit1,xc:1026906,xc_1026906,13,45.28,48.52,3,6,1.0
blakit1,xc:1026906,xc_1026906,23,59.58,60.73,2,6,1.0
blakit1,xc:493737,xc_493737,21,62.87,63.55,2,9,1.0
blakit1,xc:994865,xc_994865,5,12.97,19.21,18,0,1.0
blakit1,xc:994865,xc_994865,7,21.15,23.06,6,0,1.0
blakit1,xc:493737,xc_493737,10,33.9,35.24,3,9,1.0
blakit1,xc:493737,xc_493737,20,60.94,61.53,2,9,1.0
blakit1,xc:493737,xc_493737,13,43.13,46.32,5,8,1.0
blakit1,xc:493737,xc_493737,14,47.52,47.56,1,8,1.0
blakit1,xc:192707,xc_192707,2,9.0,11.17,5,3,1.0
brebul1,xc:200439,xc_200439,15,43.46,46.05,3,7,1.0
brebul1,xc:200439,xc_200439,16,46.5,48.21,3,7,1.0
brebul1,xc:200439,xc_200439,17,48.6,55.15,7,7,1.0
brebul1,xc:200439,xc_200439,18,55.51,60.91,8,7,1.0
brebul1,xc:200439,xc_200439,19,61.24,65.13,6,7,1.0
brebul1,xc:834175,xc_834175,20,47.3,48.38,2,1,1.0
brebul1,xc:834175,xc_834175,21,49.29,49.44,1,1,1.0
brebul1,xc:464610,xc_464610,2,5.03,8.54,5,3,1.0
brebul1,xc:834175,xc_834175,30,64.99,65.61,1,1,1.0
brebul1,xc:834175,xc_834175,29,64.35,64.39,1,1,1.0
brebul1,xc:834175,xc_834175,28,62.39,63.63,1,1,1.0
brebul1,xc:401344,xc_401344,11,23.06,23.25,1,8,1.0
brebul1,xc:401344,xc_401344,14,29.01,29.2,1,8,1.0
brebul1,xc:155867,xc_155867,0,0.02,0.32,1,2,1.0
brebul1,xc:155867,xc_155867,1,0.72,8.4,12,2,1.0
brebul1,xc:155867,xc_155867,2,8.81,9.13,1,2,1.0
brebul1,xc:155867,xc_155867,3,9.56,13.06,5,2,1.0
brebul1,xc:464610,xc_464610,3,9.76,15.92,5,3,1.0
brebul1,xc:464610,xc_464610,8,20.7,23.5,4,3,1.0
brebul1,xc:464610,xc_464610,9,23.95,27.76,7,3,1.0
brebul1,xc:464610,xc_464610,10,28.37,28.42,1,3,1.0
brebul1,xc:401344,xc_401344,7,18.13,18.93,2,8,1.0
brebul1,xc:401344,xc_401344,8,20.2,20.49,1,8,1.0
brebul1,xc:401344,xc_401344,9,21.37,21.4,1,8,1.0
brebul1,xc:551615,xc_551615,6,20.31,27.98,21,0,1.0
brebul1,xc:578805,xc_578805,5,13.18,19.32,5,6,1.0
brebul1,xc:578805,xc_578805,6,19.93,20.01,1,6,1.0
brebul1,xc:578805,xc_578805,7,20.35,20.49,1,6,1.0
brebul1,xc:578805,xc_578805,0,0.02,3.12,2,5,1.0
brebul1,xc:578805,xc_578805,1,3.75,3.78,1,5,1.0
brebul1,xc:551615,xc_551615,2,5.14,8.7,8,0,1.0
brebul1,xc:551615,xc_551615,3,9.68,10.47,2,0,1.0
buhshr1,xc:1052423,xc_1052423,4,3.94,4.04,1,0,1.0
buhshr1,xc:1052423,xc_1052423,5,4.43,4.9,2,0,1.0
buhshr1,xc:1052423,xc_1052423,8,8.62,8.73,1,0,1.0
buhshr1,xc:1052423,xc_1052423,9,9.22,9.34,1,0,1.0
buhshr1,xc:1052423,xc_1052423,10,9.84,9.96,1,0,1.0
buhshr1,xc:793918,xc_793918,0,0.02,2.99,3,10,1.0
buhshr1,xc:793918,xc_793918,1,4.17,4.23,1,10,1.0
buhshr1,xc:793918,xc_793918,3,7.41,7.47,1,10,1.0
buhshr1,xc:793918,xc_793918,4,8.26,9.87,1,10,1.0
buhshr1,xc:793918,xc_793918,5,11.16,12.07,1,10,1.0
buhshr1,xc:841025,xc_841025,5,7.31,7.47,1,4,1.0
buhshr1,xc:841025,xc_841025,6,8.2,8.39,1,4,1.0
buhshr1,xc:841025,xc_841025,7,9.37,9.58,1,4,1.0
buhshr1,xc:841025,xc_841025,8,10.05,10.76,2,4,1.0
buhshr1,xc:841025,xc_841025,9,11.29,11.46,1,4,1.0
buhshr1,xc:762423,xc_762423,4,11.67,17.46,6,7,1.0
buhshr1,xc:762423,xc_762423,5,18.52,20.43,1,7,1.0
buhshr1,xc:762423,xc_762423,6,21.22,23.87,1,7,1.0
buhshr1,xc:762423,xc_762423,7,24.93,26.45,1,7,1.0
buhshr1,xc:762423,xc_762423,8,27.31,29.03,1,7,1.0
buhshr1,xc:794803,xc_794803,0,0.02,6.55,3,8,1.0
buhshr1,xc:794803,xc_794803,1,7.42,8.59,1,8,1.0
buhshr1,xc:794803,xc_794803,2,9.68,10.93,2,8,1.0
buhshr1,xc:794803,xc_794803,3,11.69,12.6,1,8,1.0
buhshr1,xc:794803,xc_794803,5,20.24,21.33,1,8,1.0
buhshr1,xc:842854,xc_842854,0,0.66,8.66,1,1,1.0
buhshr1,xc:842854,xc_842854,1,8.66,10.27,1,1,1.0
buhshr1,xc:842854,xc_842854,5,17.52,17.75,2,1,1.0
buhshr1,xc:842854,xc_842854,6,18.62,18.67,1,1,1.0
buhshr1,xc:260142,xc_260142,0,0.02,0.48,1,3,1.0
buhshr1,xc:260142,xc_260142,1,1.02,4.52,5,3,1.0
buhshr1,xc:260142,xc_260142,2,4.94,10.58,3,3,1.0
buhshr1,xc:260142,xc_260142,4,14.16,15.3,4,3,1.0
buhshr1,xc:954180,xc_954180,0,0.02,0.78,2,2,1.0
buhshr1,xc:954180,xc_954180,1,1.27,1.93,2,2,1.0
buhshr1,xc:954180,xc_954180,2,2.44,2.58,1,2,1.0
buhshr1,xc:194693,xc_194693,0,0.02,5.23,9,5,1.0
buhshr1,xc:194693,xc_194693,1,5.7,6.75,2,5,1.0
buhshr1,xc:194693,xc_194693,2,7.33,12.55,9,5,1.0
buhshr1,xc:793925,xc_793925,0,0.02,0.43,1,9,1.0
buhshr1,xc:793925,xc_793925,1,1.89,2.16,2,9,1.0
buhshr1,xc:793925,xc_793925,2,3.51,7.25,1,9,1.0
buhshr1,xc:661928,xc_661928,1,6.74,8.64,1,6,1.0
buhshr1,xc:661928,xc_661928,2,12.86,15.42,3,6,1.0
buhshr1,xc:661928,xc_661928,3,17.59,18.58,1,6,1.0
burthr,xc:134330,xc_134330,7,9.15,9.2,1,13,1.0
burthr,xc:134330,xc_134330,8,9.7,10.58,5,13,1.0
burthr,xc:134330,xc_134330,12,17.83,18.44,3,13,1.0
burthr,xc:134330,xc_134330,13,18.95,19.65,2,13,1.0
burthr,xc:134330,xc_134330,14,21.69,21.78,1,13,1.0
burthr,xc:417711,xc_417711,7,27.57,30.4,3,6,1.0
burthr,xc:417711,xc_417711,13,43.44,50.97,2,6,1.0
burthr,xc:417711,xc_417711,16,59.53,61.43,3,6,1.0
burthr,xc:417711,xc_417711,17,62.13,69.95,7,6,1.0
burthr,xc:417711,xc_417711,20,77.57,84.45,4,6,1.0
burthr,xc:743862,xc_743862,2,5.44,10.5,5,8,1.0
burthr,xc:743862,xc_743862,3,10.93,11.04,1,8,1.0
burthr,xc:743862,xc_743862,4,12.09,12.13,1,8,1.0
burthr,xc:743862,xc_743862,5,14.26,16.91,9,8,1.0
burthr,xc:743862,xc_743862,6,17.4,17.75,2,8,1.0
burthr,xc:916327,xc_916327,46,115.95,117.35,3,10,1.0
burthr,xc:916327,xc_916327,47,117.79,119.21,5,10,1.0
burthr,xc:916327,xc_916327,50,125.33,125.43,1,10,1.0
burthr,xc:916327,xc_916327,55,141.36,142.13,4,10,1.0
burthr,xc:916327,xc_916327,56,142.99,146.91,10,10,1.0
burthr,xc:310120,xc_310120,5,18.52,26.19,7,5,1.0
burthr,xc:310120,xc_310120,10,40.95,47.36,5,5,1.0
burthr,xc:310120,xc_310120,14,57.78,60.14,4,5,1.0
burthr,xc:472199,xc_472199,2,3.42,11.41,18,0,1.0
burthr,xc:472199,xc_472199,3,11.91,13.99,5,0,1.0
burthr,xc:472199,xc_472199,6,23.57,29.67,12,0,1.0
burthr,xc:134325,xc_134325,3,4.9,12.9,1,14,1.0
burthr,xc:134325,xc_134325,4,12.9,20.9,1,14,1.0
burthr,xc:134325,xc_134325,5,20.9,28.9,1,14,1.0
burthr,xc:972364,xc_972364,0,0.03,0.12,1,1,1.0
burthr,xc:972364,xc_972364,1,0.89,1.49,2,1,1.0
burthr,xc:972364,xc_972364,2,2.61,2.87,1,1,1.0
burthr,xc:1023727,xc_1023727,9,33.41,36.33,4,7,1.0
burthr,xc:1023727,xc_1023727,10,37.02,37.12,1,7,1.0
burthr,xc:1023727,xc_1023727,11,37.49,37.56,1,7,1.0
burthr,xc:480601,xc_480601,0,0.02,0.08,1,4,1.0
burthr,xc:480601,xc_480601,1,1.09,2.02,3,4,1.0
burthr,xc:474444,xc_474444,1,5.84,8.7,1,11,1.0
burthr,xc:474444,xc_474444,2,8.84,9.04,1,11,1.0
burthr,xc:411661,xc_411661,0,0.65,0.68,1,2,1.0
burthr,xc:411661,xc_411661,1,1.49,4.63,5,2,1.0
burthr,xc:1063823,xc_1063823,0,0.02,2.05,7,3,1.0
burthr,xc:1063823,xc_1063823,1,3.02,4.03,4,3,1.0
burthr,xc:473669,xc_473669,0,0.88,2.74,1,12,1.0
burthr,xc:473669,xc_473669,3,11.01,12.76,1,12,1.0
carcro1,xc:138017,xc_138017,8,25.81,33.81,1,0,1.0
carcro1,xc:138017,xc_138017,10,34.42,42.42,1,0,1.0
carcro1,xc:138017,xc_138017,14,54.59,60.63,1,0,1.0
carcro1,xc:138017,xc_138017,15,61.15,66.54,3,0,1.0
carcro1,xc:138017,xc_138017,18,68.77,76.42,3,0,1.0
carcro1,xc:745101,xc_745101,5,19.89,20.07,1,8,1.0
carcro1,xc:745101,xc_745101,17,47.23,47.74,2,8,1.0
carcro1,xc:745101,xc_745101,25,63.0,66.35,9,8,1.0
carcro1,xc:745101,xc_745101,18,48.33,52.16,12,8,1.0
carcro1,xc:745101,xc_745101,19,53.24,53.27,1,8,1.0
carcro1,xc:490186,xc_490186,7,19.14,19.74,1,6,1.0
carcro1,xc:490186,xc_490186,6,18.67,19.07,1,6,1.0
carcro1,xc:556994,xc_556994,0,0.23,1.58,2,3,1.0
carcro1,xc:490186,xc_490186,8,20.26,21.76,2,6,1.0
carcro1,xc:490186,xc_490186,9,22.38,22.88,1,6,1.0
carcro1,xc:490186,xc_490186,10,23.98,26.42,1,6,1.0
carcro1,xc:936225,xc_936225,0,0.85,2.3,3,6,1.0
carcro1,xc:936225,xc_936225,1,3.33,3.73,3,6,1.0
carcro1,xc:1010253,xc_1010253,0,0.02,1.77,3,5,1.0
carcro1,xc:576943,xc_576943,1,2.55,5.5,5,5,1.0
carcro1,xc:576943,xc_576943,5,14.59,15.17,1,5,1.0
carcro1,xc:576943,xc_576943,6,15.72,17.11,2,5,1.0
carcro1,xc:576943,xc_576943,7,18.15,18.66,1,5,1.0
carcro1,xc:556994,xc_556994,24,38.3,38.42,1,4,1.0
carcro1,xc:556994,xc_556994,26,41.11,41.15,1,4,1.0
carcro1,xc:556994,xc_556994,1,3.79,3.85,1,3,1.0
carcro1,xc:556994,xc_556994,2,4.04,4.1,1,3,1.0
cintit13,xc:582929,xc_582929,9,24.89,31.41,7,4,1.0
cintit13,xc:582929,xc_582929,10,31.91,33.55,2,4,1.0
cintit13,xc:582929,xc_582929,11,34.31,37.44,3,4,1.0
cintit13,xc:582929,xc_582929,12,38.12,43.19,5,4,1.0
cintit13,xc:582929,xc_582929,13,43.6,51.09,6,4,1.0
cintit13,xc:889843,xc_889843,3,4.21,4.71,1,14,1.0
cintit13,xc:889843,xc_889843,4,5.12,5.19,1,14,1.0
cintit13,xc:889843,xc_889843,5,5.77,7.21,4,14,1.0
cintit13,xc:889843,xc_889843,6,7.81,7.92,1,14,1.0
cintit13,xc:889843,xc_889843,7,8.24,8.32,1,14,1.0
cintit13,xc:777400,xc_777400,9,19.22,23.61,1,7,1.0
cintit13,xc:777400,xc_777400,11,26.89,30.81,1,7,1.0
cintit13,xc:777400,xc_777400,13,32.01,36.54,7,7,1.0
cintit13,xc:777400,xc_777400,15,39.18,43.08,1,7,1.0
cintit13,xc:777400,xc_777400,16,43.71,44.23,2,7,1.0
cintit13,xc:241629,xc_241629,0,0.16,2.1,2,3,1.0
cintit13,xc:241629,xc_241629,1,4.23,5.59,1,3,1.0
cintit13,xc:241629,xc_241629,2,6.11,6.16,1,3,1.0
cintit13,xc:241629,xc_241629,9,16.55,16.75,1,3,1.0
cintit13,xc:319792,xc_319792,2,6.52,7.73,2,11,1.0
cintit13,xc:319792,xc_319792,4,11.06,11.7,2,11,1.0
cintit13,xc:319792,xc_319792,5,12.36,13.33,2,11,1.0
cintit13,xc:78429,xc_78429,2,3.24,3.85,2,2,1.0
cintit13,xc:78429,xc_78429,3,5.54,7.77,5,2,1.0
cintit13,xc:78429,xc_78429,7,14.64,14.89,1,2,1.0
cintit13,xc:625316,xc_625316,0,0.02,0.32,1,6,1.0
cintit13,xc:625316,xc_625316,1,1.03,1.08,1,6,1.0
cintit13,xc:1030710,xc_1030710,2,3.92,5.77,2,9,1.0
cintit13,xc:1030710,xc_1030710,3,6.08,12.36,10,9,1.0
cintit13,xc:207133,xc_207133,0,0.02,2.2,3,0,1.0
cintit13,xc:207133,xc_207133,1,2.43,9.39,13,0,1.0
cintit13,xc:531958,xc_531958,0,0.39,2.53,3,8,1.0
cintit13,xc:531958,xc_531958,1,3.81,5.32,2,8,1.0
cintit13,xc:781803,xc_781803,1,1.01,8.69,14,1,1.0
cintit13,xc:781803,xc_781803,2,8.97,9.3,2,1,1.0
cintit13,xc:319962,xc_319962,0,0.07,6.33,11,10,1.0
cintit13,xc:319962,xc_319962,1,6.97,8.15,1,10,1.0
cintit13,xc:400301,xc_400301,0,0.02,0.24,1,5,1.0
cintit13,xc:400301,xc_400301,1,0.79,1.54,1,5,1.0
comkin1,xc:288219,xc_288219,0,0.17,1.77,5,3,1.0
comkin1,xc:288219,xc_288219,1,2.18,6.16,10,3,1.0
comkin1,xc:288219,xc_288219,2,6.74,10.32,10,3,1.0
comkin1,xc:288219,xc_288219,5,14.15,21.79,10,3,1.0
comkin1,xc:288219,xc_288219,6,22.1,22.17,1,3,1.0
comkin1,xc:502269,xc_502269,0,1.16,1.24,1,5,1.0
comkin1,xc:502269,xc_502269,1,1.91,2.61,3,5,1.0
comkin1,xc:502269,xc_502269,4,4.63,4.7,1,5,1.0
comkin1,xc:502269,xc_502269,7,13.34,15.28,5,5,1.0
comkin1,xc:502269,xc_502269,3,3.84,4.16,2,5,1.0
comkin1,xc:580507,xc_580507,1,1.87,2.13,1,5,1.0
comkin1,xc:580507,xc_580507,0,0.03,0.09,1,5,1.0
comkin1,xc:466431,xc_466431,3,4.44,5.93,5,0,1.0
comkin1,xc:466431,xc_466431,4,6.42,6.75,1,0,1.0
comkin1,xc:466431,xc_466431,5,8.1,8.48,1,0,1.0
comkin1,xc:800955,xc_800955,4,15.43,15.82,2,2,1.0
comkin1,xc:462875,xc_462875,1,3.67,5.15,4,4,1.0
comkin1,xc:462875,xc_462875,2,5.71,5.81,1,4,1.0
comkin1,xc:462875,xc_462875,3,6.22,6.54,1,4,1.0
comkin1,xc:462875,xc_462875,4,6.96,7.05,1,4,1.0
comkin1,xc:462875,xc_462875,5,7.83,8.16,1,4,1.0
comkin1,xc:466431,xc_466431,0,0.06,1.07,1,0,1.0
comkin1,xc:466431,xc_466431,1,2.67,2.96,1,0,1.0
comkin1,xc:928954,xc_928954,0,0.02,4.25,5,6,1.0
comkin1,xc:928954,xc_928954,1,4.47,10.14,3,6,1.0
comkin1,xc:928954,xc_928954,2,10.53,14.71,6,6,1.0
comkin1,xc:928954,xc_928954,3,15.14,19.94,8,6,1.0
comkin1,xc:800955,xc_800955,5,16.32,20.34,5,2,1.0
comkin1,xc:800955,xc_800955,6,21.24,21.45,1,2,1.0
comkin1,xc:800955,xc_800955,7,21.89,22.38,2,2,1.0
comkin1,xc:800955,xc_800955,8,24.43,26.97,3,2,1.0
comkin1,xc:929192,xc_929192,0,0.02,1.32,2,1,1.0
comkin1,xc:929192,xc_929192,1,2.38,3.04,2,1,1.0
comkin1,xc:929192,xc_929192,2,4.29,4.32,1,1,1.0
comkin1,xc:929192,xc_929192,3,4.9,5.72,2,1,1.0
compoc,xc:609398,xc_609398,20,146.83,154.83,1,4,1.0
compoc,xc:609398,xc_609398,21,154.83,162.83,1,4,1.0
compoc,xc:609398,xc_609398,22,162.83,170.83,1,4,1.0
compoc,xc:609398,xc_609398,23,170.83,178.83,1,4,1.0
compoc,xc:609398,xc_609398,24,178.83,186.83,1,4,1.0
compoc,xc:299728,xc_299728,5,21.06,28.89,18,3,1.0
compoc,xc:299728,xc_299728,8,31.15,31.63,3,3,1.0
compoc,xc:989599,xc_989599,0,0.38,0.77,1,5,1.0
compoc,xc:270396,xc_270396,6,21.57,25.55,1,5,1.0
compoc,xc:270396,xc_270396,4,12.06,20.06,1,5,1.0
compoc,xc:270396,xc_270396,5,20.06,21.5,1,5,1.0
compoc,xc:270396,xc_270396,3,10.71,11.89,1,5,1.0
compoc,xc:270396,xc_270396,2,10.52,10.64,1,5,1.0
compoc,xc:797798,xc_797798,4,12.9,19.76,13,0,1.0
compoc,xc:769844,xc_769844,3,9.38,10.89,5,1,1.0
compoc,xc:769844,xc_769844,4,11.49,11.54,1,1,1.0
compoc,xc:769844,xc_769844,5,11.77,11.81,1,1,1.0
compoc,xc:769844,xc_769844,6,12.01,12.06,1,1,1.0
compoc,xc:797798,xc_797798,0,1.59,1.68,1,0,1.0
compoc,xc:797798,xc_797798,1,2.15,2.4,1,0,1.0
compoc,xc:797798,xc_797798,2,2.49,10.49,1,0,1.0
compoc,xc:570725,xc_570725,2,6.34,6.66,1,6,1.0
compoc,xc:368567,xc_368567,2,5.73,5.77,1,6,1.0
compoc,xc:299728,xc_299728,6,29.12,29.72,3,3,1.0
compoc,xc:299728,xc_299728,7,30.04,30.64,2,3,1.0
compoc,xc:299728,xc_299728,10,34.28,34.34,1,3,1.0
compoc,xc:769844,xc_769844,2,4.94,8.72,6,1,1.0
compoc,xc:783964,xc_783964,1,5.69,9.26,5,2,1.0
compoc,xc:783964,xc_783964,0,0.1,5.32,8,2,1.0
compoc,xc:570725,xc_570725,0,0.02,0.1,1,6,1.0
compoc,xc:570725,xc_570725,1,3.19,3.51,1,6,1.0
compoc,xc:783964,xc_783964,2,9.69,16.19,15,2,1.0
comsan,xc:580687,xc_580687,0,0.02,0.09,1,6,1.0
comsan,xc:580687,xc_580687,1,3.78,4.17,3,6,1.0
comsan,xc:580687,xc_580687,2,5.48,5.67,1,6,1.0
comsan,xc:580687,xc_580687,3,9.76,9.79,1,6,1.0
comsan,xc:580687,xc_580687,10,18.38,18.69,1,6,1.0
comsan,xc:1042071,xc_1042071,1,4.52,4.57,1,4,1.0
comsan,xc:1042071,xc_1042071,4,6.32,6.67,2,4,1.0
comsan,xc:1042071,xc_1042071,0,1.21,1.26,1,4,1.0
comsan,xc:1042071,xc_1042071,3,5.32,5.64,2,4,1.0
comsan,xc:1042071,xc_1042071,2,4.8,4.85,1,4,1.0
comsan,xc:1051594,xc_1051594,1,2.96,3.38,1,1,1.0
comsan,xc:1051594,xc_1051594,0,0.11,0.18,1,1,1.0
comsan,xc:938711,xc_938711,0,2.37,3.24,1,7,1.0
comsan,xc:938711,xc_938711,1,6.6,7.55,3,7,1.0
comsan,xc:671980,xc_671980,2,4.67,6.39,3,5,1.0
comsan,xc:1051594,xc_1051594,2,4.95,5.72,2,1,1.0
comsan,xc:1051594,xc_1051594,5,11.48,11.57,1,1,1.0
comsan,xc:1051594,xc_1051594,7,17.1,17.71,1,1,1.0
comsan,xc:839052,xc_839052,3,17.37,25.37,1,2,1.0
comsan,xc:839052,xc_839052,4,25.37,26.0,1,2,1.0
comsan,xc:839052,xc_839052,5,26.09,26.24,1,2,1.0
comsan,xc:839052,xc_839052,6,26.34,29.31,2,2,1.0
comsan,xc:839052,xc_839052,9,31.99,36.8,6,2,1.0
comsan,xc:649693,xc_649693,0,0.02,0.11,1,7,1.0
comsan,xc:649693,xc_649693,1,3.2,4.19,2,7,1.0
comsan,xc:649693,xc_649693,2,5.96,6.06,1,7,1.0
comsan,xc:743065,xc_743065,1,2.04,2.97,2,0,1.0
comsan,xc:743065,xc_743065,4,7.45,8.58,2,0,1.0
comsan,xc:743065,xc_743065,8,13.53,13.62,1,0,1.0
comsan,xc:671980,xc_671980,3,7.24,10.55,4,5,1.0
comsan,xc:671980,xc_671980,4,11.74,14.87,1,5,1.0
comsan,xc:671980,xc_671980,5,15.41,18.0,1,5,1.0
comsan,xc:671980,xc_671980,7,21.53,23.48,3,5,1.0
comsan,xc:743065,xc_743065,0,0.59,1.59,1,0,1.0
comsan,xc:798178,xc_798178,0,0.02,4.58,4,3,1.0
comsan,xc:798178,xc_798178,1,4.9,10.12,9,3,1.0
comsan,xc:798178,xc_798178,2,10.59,11.33,2,3,1.0
comsan,xc:743065,xc_743065,9,14.67,15.4,1,0,1.0
comsan,xc:798178,xc_798178,3,11.46,14.91,1,3,1.0
daured1,xc:457952,xc_457952,1,2.71,2.88,2,15,1.0
daured1,xc:457952,xc_457952,2,3.21,3.24,1,15,1.0
daured1,xc:457952,xc_457952,3,3.39,3.43,1,15,1.0
daured1,xc:457952,xc_457952,4,4.65,6.18,1,15,1.0
daured1,xc:457952,xc_457952,5,6.69,6.76,1,15,1.0
daured1,xc:760658,xc_760658,7,10.82,10.99,1,5,1.0
daured1,xc:760658,xc_760658,8,11.71,12.05,1,5,1.0
daured1,xc:760658,xc_760658,9,12.99,13.29,1,5,1.0
daured1,xc:760658,xc_760658,11,17.14,17.44,1,5,1.0
daured1,xc:760658,xc_760658,12,17.87,18.1,2,5,1.0
daured1,xc:438628,xc_438628,10,19.22,19.42,1,14,1.0
daured1,xc:438628,xc_438628,11,20.52,20.74,1,14,1.0
daured1,xc:438628,xc_438628,14,26.61,26.84,1,14,1.0
daured1,xc:438628,xc_438628,15,27.42,27.64,1,14,1.0
daured1,xc:438628,xc_438628,16,28.87,29.1,1,14,1.0
daured1,xc:877985,xc_877985,3,5.0,8.25,2,1,1.0
daured1,xc:877985,xc_877985,4,8.35,9.17,1,1,1.0
daured1,xc:877985,xc_877985,5,9.25,14.35,2,1,1.0
daured1,xc:1052253,xc_1052253,2,12.88,13.36,3,3,1.0
daured1,xc:1052253,xc_1052253,3,14.08,14.33,1,3,1.0
daured1,xc:1052253,xc_1052253,4,15.5,15.53,1,3,1.0
daured1,xc:113350,xc_113350,0,0.02,2.51,2,6,1.0
daured1,xc:113350,xc_113350,1,3.04,4.75,5,6,1.0
daured1,xc:977650,xc_977650,19,23.53,23.94,3,8,1.0
daured1,xc:977650,xc_977650,20,24.36,24.6,2,8,1.0
daured1,xc:999956,xc_999956,28,122.9,126.94,6,17,1.0
daured1,xc:999956,xc_999956,39,165.13,172.04,8,17,1.0
daured1,xc:423316,xc_423316,4,5.9,6.35,3,4,1.0
daured1,xc:423316,xc_423316,5,6.77,8.98,4,4,1.0
daured1,xc:790686,xc_790686,0,0.02,1.08,1,11,1.0
daured1,xc:790686,xc_790686,2,4.51,6.75,4,11,1.0
daured1,xc:718401,xc_718401,0,0.02,2.83,4,10,1.0
daured1,xc:807179,xc_807179,0,0.02,1.16,1,0,1.0
daured1,xc:999956,xc_999956,1,4.05,11.1,4,18,1.0
daured1,xc:481491,xc_481491,0,0.02,0.06,1,16,1.0
daured1,xc:918844,xc_918844,0,0.75,2.98,1,12,1.0
daured1,xc:977650,xc_977650,6,5.1,5.31,2,9,1.0
daured1,xc:977650,xc_977650,26,33.29,33.59,2,7,1.0
dusthr2,xc:438228,xc_438228,5,7.47,8.27,3,4,1.0
dusthr2,xc:438228,xc_438228,6,8.79,8.85,1,4,1.0
dusthr2,xc:438228,xc_438228,7,9.34,9.92,1,4,1.0
dusthr2,xc:438228,xc_438228,8,10.6,11.75,2,4,1.0
dusthr2,xc:438228,xc_438228,9,12.57,14.61,2,4,1.0
dusthr2,xc:115098,xc_115098,9,12.87,13.74,3,8,1.0
dusthr2,xc:115098,xc_115098,17,29.26,29.8,1,8,1.0
dusthr2,xc:115098,xc_115098,18,30.52,30.63,1,8,1.0
dusthr2,xc:115098,xc_115098,19,31.41,31.68,2,8,1.0
dusthr2,xc:115098,xc_115098,20,32.42,33.26,3,8,1.0
dusthr2,xc:675169,xc_675169,3,5.51,5.56,1,1,1.0
dusthr2,xc:675169,xc_675169,4,6.36,6.48,1,1,1.0
dusthr2,xc:675169,xc_675169,5,7.1,8.51,3,1,1.0
dusthr2,xc:675169,xc_675169,7,9.69,9.93,2,1,1.0
dusthr2,xc:675169,xc_675169,8,10.34,10.45,1,1,1.0
dusthr2,xc:393463,xc_393463,2,4.41,11.28,12,2,1.0
dusthr2,xc:393463,xc_393463,5,17.46,25.19,18,2,1.0
dusthr2,xc:393463,xc_393463,6,25.53,26.5,3,2,1.0
dusthr2,xc:393463,xc_393463,7,26.86,28.36,7,2,1.0
dusthr2,xc:393463,xc_393463,8,28.74,29.02,1,2,1.0
dusthr2,xc:893034,xc_893034,8,14.62,15.43,2,6,1.0
dusthr2,xc:893034,xc_893034,9,16.26,16.94,2,6,1.0
dusthr2,xc:893034,xc_893034,10,17.45,18.6,3,6,1.0
dusthr2,xc:893034,xc_893034,11,19.04,19.09,1,6,1.0
dusthr2,xc:893034,xc_893034,12,19.6,20.08,1,6,1.0
dusthr2,xc:790461,xc_790461,0,0.02,3.26,3,5,1.0
dusthr2,xc:790461,xc_790461,1,3.61,4.43,1,5,1.0
dusthr2,xc:790461,xc_790461,2,4.74,6.64,1,5,1.0
dusthr2,xc:790461,xc_790461,3,6.92,13.28,6,5,1.0
dusthr2,xc:675617,xc_675617,0,0.02,7.01,15,0,1.0
dusthr2,xc:675617,xc_675617,1,7.18,9.81,8,0,1.0
dusthr2,xc:675617,xc_675617,2,9.97,13.7,9,0,1.0
dusthr2,xc:675617,xc_675617,3,13.85,17.0,6,0,1.0
dusthr2,xc:979887,xc_979887,0,1.12,1.7,2,3,1.0
dusthr2,xc:979887,xc_979887,1,3.2,3.41,2,3,1.0
dusthr2,xc:979887,xc_979887,2,5.52,5.75,1,3,1.0
dusthr2,xc:708724,xc_708724,2,4.93,5.76,2,7,1.0
dusthr2,xc:708724,xc_708724,3,6.81,8.33,4,7,1.0
dusthr2,xc:708724,xc_708724,4,9.04,9.51,1,7,1.0
dusthr2,xc:708761,xc_708761,0,0.08,2.29,5,10,1.0
dusthr2,xc:708761,xc_708761,1,2.73,2.76,1,10,1.0
dusthr2,xc:708761,xc_708761,2,3.78,4.33,1,10,1.0
dusthr2,xc:708761,xc_708761,7,17.39,17.87,1,11,1.0
dusthr2,xc:708761,xc_708761,13,26.59,28.5,5,11,1.0
eurcoo,xc:357835,xc_357835,6,15.68,20.4,7,8,1.0
eurcoo,xc:357835,xc_357835,8,25.32,26.23,1,8,1.0
eurcoo,xc:357835,xc_357835,9,26.65,26.73,1,8,1.0
eurcoo,xc:357835,xc_357835,10,27.04,27.12,1,8,1.0
eurcoo,xc:357835,xc_357835,12,33.3,36.1,2,8,1.0
eurcoo,xc:761470,xc_761470,1,4.06,11.34,11,2,1.0
eurcoo,xc:761470,xc_761470,0,0.02,3.59,6,2,1.0
eurcoo,xc:761470,xc_761470,5,21.5,23.65,2,2,1.0
eurcoo,xc:761470,xc_761470,4,16.12,20.72,7,2,1.0
eurcoo,xc:761470,xc_761470,2,11.56,13.0,2,2,1.0
eurcoo,xc:424005,xc_424005,2,2.21,9.62,13,1,1.0
eurcoo,xc:424005,xc_424005,1,0.42,2.0,3,1,1.0
eurcoo,xc:424005,xc_424005,0,0.04,0.11,1,1,1.0
eurcoo,xc:424005,xc_424005,5,12.1,19.63,12,1,1.0
eurcoo,xc:424005,xc_424005,6,20.34,21.14,4,1,1.0
eurcoo,xc:103222,xc_103222,3,6.13,6.35,2,4,1.0
eurcoo,xc:103222,xc_103222,4,7.97,8.09,1,4,1.0
eurcoo,xc:103222,xc_103222,5,8.4,8.47,1,4,1.0
eurcoo,xc:103222,xc_103222,6,9.74,9.79,1,4,1.0
eurcoo,xc:103222,xc_103222,7,10.75,10.83,1,4,1.0
eurcoo,xc:902431,xc_902431,15,39.8,39.89,1,6,1.0
eurcoo,xc:902431,xc_902431,16,40.32,40.38,1,6,1.0
eurcoo,xc:902431,xc_902431,17,40.64,40.71,1,6,1.0
eurcoo,xc:902431,xc_902431,18,41.58,42.59,3,6,1.0
eurcoo,xc:902431,xc_902431,19,43.39,44.14,2,6,1.0
eurcoo,xc:470565,xc_470565,2,3.36,3.39,1,0,1.0
eurcoo,xc:470565,xc_470565,3,5.34,5.57,1,0,1.0
eurcoo,xc:470565,xc_470565,4,13.3,13.61,1,0,1.0
eurcoo,xc:528641,xc_528641,0,0.33,0.39,1,7,1.0
eurcoo,xc:528641,xc_528641,1,1.06,1.12,1,7,1.0
eurcoo,xc:528641,xc_528641,2,1.49,1.67,1,7,1.0
eurcoo,xc:528641,xc_528641,3,2.05,2.68,3,7,1.0
eurcoo,xc:785980,xc_785980,0,0.02,8.02,1,8,0.7144
eurwig,xc:266803,xc_266803,24,47.84,47.91,1,4,1.0
eurwig,xc:266803,xc_266803,25,48.64,50.18,5,4,1.0
eurwig,xc:266803,xc_266803,27,52.5,52.98,1,4,1.0
eurwig,xc:266803,xc_266803,28,54.53,54.56,1,4,1.0
eurwig,xc:266803,xc_266803,34,64.83,65.42,2,4,1.0
eurwig,xc:113187,xc_113187,14,58.61,59.95,1,3,1.0
eurwig,xc:113187,xc_113187,16,61.39,62.29,2,3,1.0
eurwig,xc:894419,xc_894419,0,2.31,2.35,1,1,1.0
eurwig,xc:113187,xc_113187,29,100.17,106.62,5,3,1.0
eurwig,xc:113187,xc_113187,22,74.95,77.92,4,3,1.0
eurwig,xc:113187,xc_113187,21,68.14,74.73,12,3,1.0
eurwig,xc:695704,xc_695704,31,38.64,38.68,1,8,1.0
eurwig,xc:684919,xc_684919,5,6.96,7.11,2,2,1.0
eurwig,xc:684919,xc_684919,6,7.31,7.36,1,2,1.0
eurwig,xc:695704,xc_695704,0,0.02,0.15,2,7,1.0
eurwig,xc:695704,xc_695704,1,0.54,0.75,1,7,1.0
eurwig,xc:695704,xc_695704,2,1.75,3.07,5,7,1.0
eurwig,xc:695704,xc_695704,3,3.52,3.82,1,7,1.0
eurwig,xc:894419,xc_894419,1,2.72,2.8,1,1,1.0
eurwig,xc:894419,xc_894419,5,5.23,5.31,1,1,1.0
eurwig,xc:894419,xc_894419,2,3.28,3.32,1,1,1.0
eurwig,xc:894419,xc_894419,3,3.66,3.99,2,1,1.0
eurwig,xc:684919,xc_684919,2,4.14,4.25,1,2,1.0
eurwig,xc:684919,xc_684919,1,3.26,3.72,1,2,1.0
eurwig,xc:684919,xc_684919,3,4.85,5.01,2,2,1.0
eurwig,xc:1051756,xc_1051756,6,12.49,12.53,1,0,1.0
eurwig,xc:1051756,xc_1051756,3,3.55,6.22,6,0,1.0
eutspa,xc:164536,xc_164536,35,78.29,78.32,1,14,1.0
eutspa,xc:164536,xc_164536,36,79.01,80.26,4,14,1.0
eutspa,xc:164536,xc_164536,37,81.4,82.42,3,14,1.0
eutspa,xc:164536,xc_164536,38,83.31,83.45,2,14,1.0
eutspa,xc:164536,xc_164536,39,83.83,83.93,1,14,1.0
eutspa,xc:936174,xc_936174,5,3.91,9.72,14,12,1.0
eutspa,xc:936174,xc_936174,9,14.44,15.96,5,12,1.0
eutspa,xc:936174,xc_936174,10,16.37,16.43,1,12,1.0
eutspa,xc:936174,xc_936174,11,16.82,17.03,1,12,1.0
eutspa,xc:936174,xc_936174,12,17.31,17.4,1,12,1.0
eutspa,xc:126967,xc_126967,0,0.02,8.02,1,9,1.0
eutspa,xc:126967,xc_126967,1,8.02,16.02,1,9,1.0
eutspa,xc:126967,xc_126967,2,16.02,24.02,1,9,1.0
eutspa,xc:126967,xc_126967,3,24.02,27.33,1,9,1.0
eutspa,xc:656912,xc_656912,4,12.17,14.25,6,8,1.0
eutspa,xc:656912,xc_656912,5,14.86,16.45,5,8,1.0
eutspa,xc:656912,xc_656912,6,17.43,17.57,2,8,1.0
eutspa,xc:656912,xc_656912,8,20.64,22.04,4,8,1.0
eutspa,xc:381814,xc_381814,0,0.12,0.27,1,5,1.0
eutspa,xc:381814,xc_381814,1,0.81,1.39,2,5,1.0
eutspa,xc:381814,xc_381814,2,2.15,2.32,1,5,1.0
eutspa,xc:497883,xc_497883,3,24.02,32.02,1,13,1.0
eutspa,xc:497883,xc_497883,5,40.02,48.02,1,13,1.0
eutspa,xc:497883,xc_497883,6,48.02,56.02,1,13,1.0
eutspa,xc:167533,xc_167533,9,23.81,26.91,7,16,1.0
eutspa,xc:167533,xc_167533,11,30.24,32.91,11,16,1.0
eutspa,xc:167533,xc_167533,13,34.65,37.04,7,16,1.0
eutspa,xc:629244,xc_629244,0,0.19,4.04,7,1,1.0
eutspa,xc:629244,xc_629244,1,5.0,9.97,2,1,1.0
eutspa,xc:629244,xc_629244,2,11.45,12.61,2,1,1.0
eutspa,xc:185713,xc_185713,10,30.14,31.45,4,7,1.0
eutspa,xc:185713,xc_185713,11,31.87,32.05,1,7,1.0
eutspa,xc:185713,xc_185713,12,32.51,32.66,1,7,1.0
eutspa,xc:155563,xc_155563,2,2.69,10.4,9,15,1.0
eutspa,xc:155563,xc_155563,3,10.68,13.47,5,15,1.0
eutspa,xc:155563,xc_155563,4,13.77,20.12,4,15,1.0
eutspa,xc:435311,xc_435311,7,10.39,11.83,4,4,1.0
eutspa,xc:435311,xc_435311,8,12.28,13.46,3,4,1.0
eutspa,xc:435311,xc_435311,9,13.91,13.96,1,4,1.0
eutspa,xc:358624,xc_358624,0,0.09,2.25,2,0,1.0
eutspa,xc:358624,xc_358624,2,8.52,15.64,8,0,1.0
eutspa,xc:341173,xc_341173,0,0.02,0.51,2,11,1.0
eutspa,xc:341173,xc_341173,1,0.97,1.07,1,11,1.0
eutspa,xc:636987,xc_636987,2,6.38,7.17,2,10,1.0
eutspa,xc:636987,xc_636987,3,8.14,8.98,2,10,1.0
eutspa,xc:770219,xc_770219,9,17.13,17.2,1,2,1.0
eutspa,xc:770219,xc_770219,10,17.51,17.57,1,2,1.0
eutspa,xc:185713,xc_185713,6,14.68,14.81,1,6,1.0
gadwal,xc:539308,xc_539308,4,4.83,8.11,5,5,1.0
gadwal,xc:539308,xc_539308,5,9.11,9.62,3,5,1.0
gadwal,xc:539308,xc_539308,6,10.07,10.64,2,5,1.0
gadwal,xc:539308,xc_539308,7,11.43,14.8,3,5,1.0
gadwal,xc:539308,xc_539308,10,30.99,36.39,6,5,1.0
gadwal,xc:357526,xc_357526,3,13.74,20.59,8,0,1.0
gadwal,xc:357526,xc_357526,4,20.76,22.04,2,0,1.0
gadwal,xc:357526,xc_357526,5,22.22,22.32,1,0,1.0
gadwal,xc:357526,xc_357526,6,22.65,22.75,1,0,1.0
gadwal,xc:357526,xc_357526,7,23.2,26.21,3,0,1.0
gadwal,xc:1021729,xc_1021729,0,0.02,3.28,6,2,1.0
gadwal,xc:1021729,xc_1021729,2,6.0,8.23,7,2,1.0
gadwal,xc:1021729,xc_1021729,3,8.88,14.62,16,2,1.0
gadwal,xc:1021729,xc_1021729,4,15.39,17.72,5,2,1.0
gadwal,xc:1021729,xc_1021729,5,18.29,19.27,3,2,1.0
gadwal,xc:595438,xc_595438,11,38.35,44.82,11,4,1.0
gadwal,xc:595438,xc_595438,12,45.08,45.4,2,4,1.0
gadwal,xc:595438,xc_595438,13,45.58,45.8,2,4,1.0
gadwal,xc:595438,xc_595438,14,46.22,47.45,5,4,1.0
gadwal,xc:595438,xc_595438,15,48.7,48.99,2,4,1.0
gadwal,xc:622760,xc_622760,6,13.13,13.41,1,7,1.0
gadwal,xc:622760,xc_622760,9,18.97,19.01,1,7,1.0
gadwal,xc:622760,xc_622760,10,20.88,21.05,1,7,1.0
gadwal,xc:622760,xc_622760,11,23.37,23.4,1,7,1.0
gadwal,xc:622760,xc_622760,14,31.64,31.8,1,7,1.0
gadwal,xc:651967,xc_651967,0,0.02,2.98,8,6,1.0
gadwal,xc:651967,xc_651967,1,3.6,8.51,8,6,1.0
gadwal,xc:651967,xc_651967,2,8.89,11.96,2,6,1.0
gadwal,xc:651967,xc_651967,3,12.16,19.61,8,6,1.0
gadwal,xc:651967,xc_651967,4,19.87,21.15,3,6,1.0
gadwal,xc:1021727,xc_1021727,0,0.02,0.42,2,3,1.0
gadwal,xc:1021727,xc_1021727,1,1.01,2.59,3,3,1.0
gadwal,xc:1021727,xc_1021727,3,7.64,15.05,11,3,1.0
gadwal,xc:1021727,xc_1021727,4,15.4,20.29,6,3,1.0
gadwal,xc:1021727,xc_1021727,5,20.82,21.52,1,3,1.0
gadwal,xc:548049,xc_548049,0,0.02,0.17,1,1,1.0
gadwal,xc:548049,xc_548049,1,0.34,6.55,5,1,1.0
gadwal,xc:548049,xc_548049,2,6.65,9.17,2,1,1.0
gnwtea,xc:653711,xc_653711,3,19.57,19.67,1,9,1.0
gnwtea,xc:653711,xc_653711,4,20.43,20.47,1,9,1.0
gnwtea,xc:653711,xc_653711,5,22.06,22.17,1,9,1.0
gnwtea,xc:653711,xc_653711,6,22.93,23.07,1,9,1.0
gnwtea,xc:653711,xc_653711,7,23.81,23.98,1,9,1.0
gnwtea,xc:365480,xc_365480,5,10.21,10.48,1,8,1.0
gnwtea,xc:1068699,xc_1068699,24,34.05,37.79,7,6,1.0
gnwtea,xc:1068699,xc_1068699,23,33.0,33.26,1,6,1.0
gnwtea,xc:365480,xc_365480,20,29.29,29.99,3,8,1.0
gnwtea,xc:365480,xc_365480,10,16.38,16.51,1,8,1.0
gnwtea,xc:365480,xc_365480,9,15.68,15.88,1,8,1.0
gnwtea,xc:365480,xc_365480,8,14.98,15.1,1,8,1.0
gnwtea,xc:1068699,xc_1068699,2,4.35,5.48,3,5,1.0
gnwtea,xc:1068699,xc_1068699,3,6.15,7.09,3,5,1.0
gnwtea,xc:1068699,xc_1068699,4,7.49,8.18,2,5,1.0
gnwtea,xc:838829,xc_838829,1,6.72,9.31,9,1,1.0
gnwtea,xc:838829,xc_838829,6,20.29,20.32,1,1,1.0
gnwtea,xc:787239,xc_787239,25,42.5,42.59,1,10,1.0
gnwtea,xc:787239,xc_787239,26,43.38,43.5,1,10,1.0
gnwtea,xc:787239,xc_787239,0,0.8,0.84,1,7,1.0
gnwtea,xc:787239,xc_787239,1,1.44,2.22,3,7,1.0
gnwtea,xc:787239,xc_787239,10,11.94,12.07,1,9,0.8694
gnwtea,xc:641380,xc_641380,7,10.24,12.0,5,9,0.8563
gnwtea,xc:641380,xc_641380,6,9.48,9.53,1,9,0.8563
graher1,xc:831392,xc_831392,1,11.97,12.21,1,3,1.0
graher1,xc:831392,xc_831392,2,16.87,17.05,1,3,1.0
graher1,xc:831392,xc_831392,5,36.2,36.49,1,3,1.0
graher1,xc:831392,xc_831392,7,48.6,48.9,1,3,1.0
graher1,xc:831392,xc_831392,8,57.75,58.0,1,3,1.0
graher1,xc:601001,xc_601001,0,1.09,2.52,2,4,1.0
graher1,xc:636469,xc_636469,1,8.31,14.31,14,1,1.0
graher1,xc:636469,xc_636469,2,14.68,19.57,3,1,1.0
graher1,xc:636469,xc_636469,3,19.79,22.8,5,1,1.0
graher1,xc:636469,xc_636469,4,23.13,29.76,2,1,1.0
graher1,xc:636469,xc_636469,5,29.88,37.88,1,1,1.0
graher1,xc:937807,xc_937807,3,4.9,5.28,1,0,1.0
graher1,xc:937807,xc_937807,4,5.86,6.86,2,0,1.0
graher1,xc:937807,xc_937807,5,7.33,7.55,1,0,1.0
graher1,xc:781315,xc_781315,0,0.3,0.36,1,2,1.0
graher1,xc:781315,xc_781315,1,1.28,1.34,1,2,1.0
graher1,xc:781315,xc_781315,2,1.74,3.88,5,2,1.0
graher1,xc:781315,xc_781315,3,4.32,4.38,1,2,1.0
graher1,xc:937807,xc_937807,2,3.49,4.5,3,0,1.0
graher1,xc:781315,xc_781315,4,6.35,6.78,2,2,1.0
graher1,xc:937807,xc_937807,1,1.03,2.99,6,0,1.0
graher1,xc:601001,xc_601001,6,11.33,13.04,3,4,1.0
graher1,xc:601001,xc_601001,5,10.29,10.69,1,4,1.0
graher1,xc:601001,xc_601001,3,6.2,7.04,1,4,1.0
graher1,xc:601001,xc_601001,2,4.91,5.29,1,4,1.0
graher1,xc:738682,xc_738682,7,15.08,15.62,3,3,0.9503
graher1,xc:738682,xc_738682,10,23.83,24.04,2,3,0.9503
graher1,xc:738682,xc_738682,9,21.22,23.37,3,3,0.9503
graher1,xc:738682,xc_738682,8,16.59,18.56,3,3,0.9503
graher1,xc:738682,xc_738682,13,32.6,34.07,3,3,0.9503
grcgre1,xc:147184,xc_147184,1,5.44,6.08,2,1,1.0
grcgre1,xc:147184,xc_147184,2,6.56,6.71,1,1,1.0
grcgre1,xc:147184,xc_147184,3,7.09,7.25,1,1,1.0
grcgre1,xc:147184,xc_147184,4,7.62,9.37,4,1,1.0
grcgre1,xc:147184,xc_147184,5,9.68,11.02,4,1,1.0
grcgre1,xc:579195,xc_579195,59,95.8,96.17,3,6,1.0
grcgre1,xc:579195,xc_579195,63,99.62,99.65,1,6,1.0
grcgre1,xc:579195,xc_579195,62,98.87,98.9,1,6,1.0
grcgre1,xc:579195,xc_579195,61,98.37,98.47,1,6,1.0
grcgre1,xc:579195,xc_579195,60,97.69,97.72,1,6,1.0
grcgre1,xc:363743,xc_363743,3,15.15,23.02,4,2,1.0
grcgre1,xc:363743,xc_363743,4,23.18,24.18,5,2,1.0
grcgre1,xc:363743,xc_363743,5,24.38,25.96,6,2,1.0
grcgre1,xc:363743,xc_363743,8,29.75,34.8,12,2,1.0
grcgre1,xc:363743,xc_363743,10,38.24,46.06,11,2,1.0
grcgre1,xc:1033544,xc_1033544,7,9.95,10.03,1,0,1.0
grcgre1,xc:1033544,xc_1033544,8,11.31,11.4,1,0,1.0
grcgre1,xc:636568,xc_636568,1,3.02,9.07,7,4,1.0
grcgre1,xc:636568,xc_636568,2,9.34,11.62,3,4,1.0
grcgre1,xc:1033544,xc_1033544,4,7.06,7.48,3,0,1.0
grcgre1,xc:1033544,xc_1033544,5,7.84,7.87,1,0,1.0
grcgre1,xc:1033544,xc_1033544,6,8.45,9.55,5,0,1.0
grcgre1,xc:636568,xc_636568,3,12.09,16.59,7,4,1.0
grcgre1,xc:592110,xc_592110,2,6.1,11.5,3,5,1.0
grcgre1,xc:592110,xc_592110,3,11.61,12.17,1,5,1.0
grcgre1,xc:592110,xc_592110,4,12.31,13.97,4,5,1.0
grcgre1,xc:386365,xc_386365,7,29.92,37.92,1,1,0.8171
grcgre1,xc:386365,xc_386365,8,37.92,38.34,1,1,0.8171
grecor,xc:214292,xc_214292,2,12.25,12.32,1,0,1.0
grecor,xc:214292,xc_214292,3,12.44,13.86,2,0,1.0
grecor,xc:214292,xc_214292,4,13.97,21.78,8,0,1.0
grecor,xc:214292,xc_214292,6,23.51,30.33,8,0,1.0
grecor,xc:214292,xc_214292,7,30.66,36.81,6,0,1.0
grecor,xc:372106,xc_372106,2,8.41,9.08,1,2,1.0
grecor,xc:90633,xc_90633,5,20.08,23.22,3,4,1.0
grecor,xc:308865,xc_308865,19,65.5,68.11,3,4,1.0
grecor,xc:308865,xc_308865,15,55.62,55.67,1,4,1.0
grecor,xc:308865,xc_308865,17,57.34,64.32,3,4,1.0
grecor,xc:308865,xc_308865,13,53.33,53.78,1,4,1.0
grecor,xc:308865,xc_308865,12,49.46,52.95,7,4,1.0
grecor,xc:930052,xc_930052,1,1.12,9.12,1,3,1.0
grecor,xc:625356,xc_625356,14,68.67,68.78,1,5,1.0
grecor,xc:625356,xc_625356,15,69.2,70.03,3,5,1.0
grecor,xc:930052,xc_930052,0,0.02,1.07,1,3,1.0
grecor,xc:280958,xc_280958,0,0.59,8.59,1,1,1.0
grecor,xc:625356,xc_625356,4,18.43,25.65,12,5,1.0
grecor,xc:625356,xc_625356,11,51.01,57.98,17,5,1.0
grecor,xc:625356,xc_625356,13,63.92,68.01,10,5,1.0
grecor,xc:280958,xc_280958,1,8.59,16.59,1,1,1.0
grecor,xc:372106,xc_372106,3,9.45,9.82,1,2,1.0
grecor,xc:372106,xc_372106,1,0.62,8.25,4,2,1.0
grecor,xc:372106,xc_372106,14,59.46,63.83,10,2,1.0
grecor,xc:372106,xc_372106,11,41.09,47.85,15,2,1.0
grecor,xc:930052,xc_930052,2,9.12,11.16,1,3,1.0
grecor,xc:90633,xc_90633,1,6.82,9.13,1,4,0.9988
grecor,xc:90633,xc_90633,2,9.27,9.4,1,4,0.9988
grecor,xc:90633,xc_90633,0,0.06,6.72,5,4,0.9988
grecor,xc:90633,xc_90633,3,9.54,15.8,7,4,0.9988
greegr,xc:1034339,xc_1034339,0,0.09,0.13,1,1,1.0
greegr,xc:1034339,xc_1034339,1,2.5,6.39,9,1,1.0
greegr,xc:1034339,xc_1034339,2,6.83,7.1,1,1,1.0
greegr,xc:1034339,xc_1034339,3,7.56,8.47,2,1,1.0
greegr,xc:1034339,xc_1034339,4,9.28,9.33,1,1,1.0
greegr,xc:1049634,xc_1049634,1,3.17,3.61,1,1,1.0
greegr,xc:285219,xc_285219,2,9.53,10.01,1,1,1.0
greegr,xc:627082,xc_627082,0,0.62,0.68,1,1,1.0
greegr,xc:627082,xc_627082,1,0.82,4.07,2,1,1.0
greegr,xc:627082,xc_627082,2,4.16,10.2,1,1,1.0
greegr,xc:627082,xc_627082,3,10.32,10.77,1,1,1.0
greegr,xc:627082,xc_627082,4,10.93,11.87,3,1,1.0
greegr,xc:196155,xc_196155,19,86.34,92.72,2,0,1.0
greegr,xc:196155,xc_196155,24,111.48,112.09,1,0,1.0
greegr,xc:196155,xc_196155,23,110.81,111.42,1,0,1.0
greegr,xc:196155,xc_196155,22,103.37,110.76,1,0,1.0
greegr,xc:196155,xc_196155,21,97.77,103.26,1,0,1.0
greegr,xc:44035,xc_44035,1,0.64,1.36,1,3,1.0
greegr,xc:44035,xc_44035,2,2.03,2.51,1,3,1.0
greegr,xc:44035,xc_44035,0,0.02,0.13,1,3,1.0
greegr,xc:161280,xc_161280,14,62.39,67.48,4,2,1.0
greegr,xc:161280,xc_161280,5,19.02,26.74,14,2,1.0
greegr,xc:44035,xc_44035,3,3.2,3.72,1,3,1.0
greegr,xc:161280,xc_161280,18,80.29,81.93,3,2,1.0
greegr,xc:161280,xc_161280,15,67.66,72.03,9,2,1.0
greegr,xc:161280,xc_161280,6,27.16,31.77,7,2,1.0
greegr,xc:1049634,xc_1049634,0,0.03,2.45,4,1,0.9952
greegr,xc:44629,xc_44629,0,0.02,6.03,6,1,0.988
greegr,xc:758130,xc_758130,2,8.2,8.84,1,1,0.988
greegr,xc:297388,xc_297388,1,2.16,5.44,7,1,0.9702
grywag,xc:27018,xc_27018,0,0.02,2.8,1,0,1.0
grywag,xc:27018,xc_27018,2,10.92,18.92,1,0,1.0
grywag,xc:27018,xc_27018,6,30.27,31.32,1,0,1.0
grywag,xc:27018,xc_27018,7,31.39,39.39,1,0,1.0
grywag,xc:27018,xc_27018,8,39.39,39.51,1,0,1.0
grywag,xc:722424,xc_722424,3,5.83,6.73,1,9,1.0
grywag,xc:722424,xc_722424,4,7.21,7.25,1,9,1.0
grywag,xc:722424,xc_722424,5,9.28,9.98,1,9,1.0
grywag,xc:722424,xc_722424,6,10.39,10.46,1,9,1.0
grywag,xc:722424,xc_722424,7,11.75,11.84,1,9,1.0
grywag,xc:324349,xc_324349,0,0.37,8.37,1,3,1.0
grywag,xc:324349,xc_324349,1,8.37,16.37,1,3,1.0
grywag,xc:324349,xc_324349,3,24.37,32.37,1,3,1.0
grywag,xc:324349,xc_324349,4,32.37,40.37,1,3,1.0
grywag,xc:324349,xc_324349,6,48.37,56.37,1,3,1.0
grywag,xc:507377,xc_507377,16,38.05,38.88,4,11,1.0
grywag,xc:507377,xc_507377,17,39.57,40.18,2,11,1.0
grywag,xc:507377,xc_507377,18,40.69,41.61,4,11,1.0
grywag,xc:507377,xc_507377,19,42.24,43.06,2,11,1.0
grywag,xc:783762,xc_783762,0,0.02,0.58,2,5,1.0
grywag,xc:783762,xc_783762,1,1.2,1.45,1,5,1.0
grywag,xc:783762,xc_783762,2,2.09,2.28,1,5,1.0
grywag,xc:783762,xc_783762,3,3.0,3.23,1,5,1.0
grywag,xc:507377,xc_507377,27,51.11,51.19,1,10,1.0
grywag,xc:608016,xc_608016,0,0.05,1.36,2,4,1.0
grywag,xc:608016,xc_608016,1,2.21,2.25,1,4,1.0
grywag,xc:608016,xc_608016,2,2.4,2.55,2,4,1.0
grywag,xc:608016,xc_608016,3,3.45,4.85,2,4,1.0
grywag,xc:432286,xc_432286,3,24.02,28.38,1,1,1.0
grywag,xc:432286,xc_432286,6,35.03,36.27,6,1,1.0
grywag,xc:432286,xc_432286,8,40.36,41.63,4,1,1.0
grywag,xc:432286,xc_432286,9,42.54,43.85,5,1,1.0
grywag,xc:485891,xc_485891,3,5.61,5.89,1,2,1.0
grywag,xc:485891,xc_485891,4,7.4,7.68,1,2,1.0
grywag,xc:485891,xc_485891,5,8.6,8.88,1,2,1.0
grywag,xc:696159,xc_696159,0,0.02,8.02,1,6,1.0
grywag,xc:696159,xc_696159,1,8.02,9.06,1,6,1.0
grywag,xc:696159,xc_696159,2,9.12,9.56,1,6,1.0
grywag,xc:767548,xc_767548,0,0.02,1.32,5,7,1.0
grywag,xc:767548,xc_767548,1,2.05,2.15,1,7,1.0
jabwar,xc:191037,xc_191037,18,70.18,70.57,1,8,1.0
jabwar,xc:191037,xc_191037,20,71.51,71.54,1,8,1.0
jabwar,xc:191037,xc_191037,21,71.88,79.2,4,8,1.0
jabwar,xc:191038,xc_191038,6,20.68,28.63,5,8,1.0
jabwar,xc:191038,xc_191038,10,35.77,36.45,2,8,1.0
jabwar,xc:191038,xc_191038,11,36.7,39.33,5,8,1.0
jabwar,xc:191038,xc_191038,12,39.52,47.14,5,8,1.0
jabwar,xc:581688,xc_581688,20,59.65,60.24,2,11,1.0
jabwar,xc:581688,xc_581688,21,60.75,60.79,1,11,1.0
jabwar,xc:581688,xc_581688,44,90.9,90.96,1,11,1.0
jabwar,xc:581688,xc_581688,45,92.07,92.12,1,11,1.0
jabwar,xc:581688,xc_581688,46,92.5,92.58,1,11,1.0
jabwar,xc:285848,xc_285848,3,12.82,20.5,16,6,1.0
jabwar,xc:285848,xc_285848,4,21.14,23.44,4,6,1.0
jabwar,xc:285848,xc_285848,5,24.16,29.25,11,6,1.0
jabwar,xc:285848,xc_285848,6,29.82,31.12,4,6,1.0
jabwar,xc:486788,xc_486788,11,33.08,33.27,1,12,1.0
jabwar,xc:486788,xc_486788,12,34.4,34.66,1,12,1.0
jabwar,xc:486788,xc_486788,13,35.35,35.38,1,12,1.0
jabwar,xc:385100,xc_385100,1,7.63,8.61,3,4,1.0
jabwar,xc:385100,xc_385100,2,8.98,11.08,6,4,1.0
jabwar,xc:385100,xc_385100,3,12.06,13.98,8,4,1.0
jabwar,xc:285699,xc_285699,1,0.72,8.3,2,7,1.0
jabwar,xc:285699,xc_285699,2,8.38,11.92,1,7,1.0
jabwar,xc:285699,xc_285699,3,11.98,19.98,1,7,1.0
jabwar,xc:27362,xc_27362,3,16.21,16.97,3,14,1.0
jabwar,xc:191203,xc_191203,2,5.54,11.18,17,0,1.0
jabwar,xc:191203,xc_191203,3,11.52,19.45,22,0,1.0
jabwar,xc:155854,xc_155854,3,6.39,9.35,8,2,1.0
jabwar,xc:155854,xc_155854,5,13.8,14.85,5,2,1.0
jabwar,xc:191195,xc_191195,11,26.23,27.07,1,18,1.0
jabwar,xc:191195,xc_191195,12,28.64,28.79,1,18,1.0
jabwar,xc:385100,xc_385100,12,49.33,50.68,1,9,1.0
jabwar,xc:385100,xc_385100,13,54.41,54.53,1,9,1.0
jabwar,xc:1069473,xc_1069473,0,0.02,2.45,1,15,1.0
jabwar,xc:1069473,xc_1069473,1,2.91,3.3,2,15,1.0
jabwar,xc:191195,xc_191195,19,38.58,39.99,2,17,1.0
jabwar,xc:191195,xc_191195,20,40.51,40.65,1,17,1.0
jabwar,xc:286125,xc_286125,3,16.32,17.31,3,3,1.0
jabwar,xc:286125,xc_286125,4,19.07,19.97,3,3,1.0
jabwar,xc:329587,xc_329587,4,6.93,7.08,1,13,1.0
jabwar,xc:329587,xc_329587,5,7.75,9.45,6,13,1.0
jabwar,xc:34404,xc_34404,0,0.02,1.9,3,5,1.0
jabwar,xc:34404,xc_34404,1,2.95,3.28,2,5,1.0
jabwar,xc:1069473,xc_1069473,3,9.95,9.99,1,16,1.0
jabwar,xc:191195,xc_191195,22,43.47,43.55,1,16,1.0
japwag1,xc:704677,xc_704677,7,16.0,16.04,1,15,1.0
japwag1,xc:704677,xc_704677,8,16.18,16.22,1,15,1.0
japwag1,xc:704677,xc_704677,9,16.58,16.68,1,15,1.0
japwag1,xc:704677,xc_704677,10,17.29,18.04,3,15,1.0
japwag1,xc:704677,xc_704677,11,18.63,18.67,1,15,1.0
japwag1,ml:160012331,ml_160012331,3,5.35,5.47,1,4,1.0
japwag1,ml:160012331,ml_160012331,4,6.51,6.62,1,4,1.0
japwag1,ml:160012331,ml_160012331,5,7.28,7.33,1,4,1.0
japwag1,ml:160012331,ml_160012331,6,8.04,8.09,1,4,1.0
japwag1,ml:160012331,ml_160012331,7,8.79,8.97,1,4,1.0
japwag1,ml:203968901,ml_203968901,2,1.72,9.1,5,14,1.0
japwag1,ml:203968901,ml_203968901,3,9.76,16.18,17,14,1.0
japwag1,ml:203968901,ml_203968901,4,16.62,17.22,1,14,1.0
japwag1,ml:203968901,ml_203968901,5,17.43,20.38,6,14,1.0
japwag1,ml:203968901,ml_203968901,6,20.53,20.88,1,14,1.0
japwag1,inat:121419,inat_121419,4,4.98,5.02,1,12,1.0
japwag1,inat:121419,inat_121419,5,5.24,5.3,1,12,1.0
japwag1,inat:121419,inat_121419,6,5.64,5.71,1,12,1.0
japwag1,inat:121419,inat_121419,7,6.32,7.55,2,12,1.0
japwag1,ml:611293787,ml_611293787,2,6.61,13.63,3,1,1.0
japwag1,ml:611293787,ml_611293787,3,13.86,14.83,1,1,1.0
japwag1,ml:611293787,ml_611293787,4,15.22,15.27,1,1,1.0
japwag1,xc:176437,xc_176437,13,15.86,17.42,5,3,1.0
japwag1,xc:176437,xc_176437,14,17.86,18.14,1,3,1.0
japwag1,xc:176437,xc_176437,15,18.61,19.0,1,3,1.0
japwag1,xc:841046,xc_841046,1,3.99,11.33,1,9,1.0
japwag1,xc:841047,xc_841047,0,0.03,2.83,3,9,1.0
japwag1,xc:841047,xc_841047,1,2.97,3.05,1,9,1.0
japwag1,inat:121419,inat_121419,3,4.03,4.12,1,13,1.0
japwag1,ml:170805251,ml_170805251,25,35.06,35.89,4,6,1.0
japwag1,ml:170805251,ml_170805251,26,39.85,39.88,1,6,1.0
japwag1,ml:648118383,ml_648118383,0,0.02,2.11,5,8,1.0
japwag1,ml:648118383,ml_648118383,1,2.75,3.92,4,8,1.0
japwag1,xc:176437,xc_176437,0,0.02,0.08,1,5,1.0
japwag1,xc:176437,xc_176437,1,0.61,1.09,1,5,1.0
japwag1,ml:170805251,ml_170805251,16,24.76,24.82,1,7,1.0
japwag1,ml:170805251,ml_170805251,17,25.19,25.37,2,7,1.0
japwag1,ml:620086200,ml_620086200,0,0.03,0.1,1,2,1.0
japwag1,ml:620086200,ml_620086200,1,0.52,1.51,4,2,1.0
japwag1,xc:704676,xc_704676,0,0.02,0.07,1,10,1.0
japwag1,xc:704676,xc_704676,1,0.57,1.18,2,10,1.0
japwag1,ml:640256369,ml_640256369,0,0.02,0.66,1,0,1.0
japwag1,ml:640256369,ml_640256369,1,1.19,2.93,3,0,1.0
japwag1,ml:640402579,ml_640402579,0,0.08,2.2,7,11,1.0
japwag1,ml:640402579,ml_640402579,1,2.64,2.68,1,11,1.0
labcro1,xc:68019,xc_68019,12,27.57,30.81,5,0,1.0
labcro1,xc:68019,xc_68019,13,31.29,31.5,1,0,1.0
labcro1,xc:68019,xc_68019,14,32.73,32.91,1,0,1.0
labcro1,xc:68019,xc_68019,15,33.26,35.82,3,0,1.0
labcro1,xc:68019,xc_68019,16,36.14,42.19,6,0,1.0
labcro1,xc:133745,xc_133745,14,46.8,48.08,5,2,1.0
labcro1,xc:133745,xc_133745,20,58.23,58.27,1,2,1.0
labcro1,xc:133745,xc_133745,25,69.93,70.87,6,2,1.0
labcro1,xc:133745,xc_133745,26,72.39,74.64,9,2,1.0
labcro1,xc:133745,xc_133745,27,75.42,75.54,1,2,1.0
labcro1,xc:811821,xc_811821,32,45.52,45.6,1,11,1.0
labcro1,xc:811821,xc_811821,33,45.88,46.1,2,11,1.0
labcro1,xc:811821,xc_811821,34,46.66,46.74,1,11,1.0
labcro1,xc:811821,xc_811821,35,47.1,47.32,1,11,1.0
labcro1,xc:811821,xc_811821,36,47.62,47.65,1,11,1.0
labcro1,xc:446405,xc_446405,0,0.04,4.54,5,4,1.0
labcro1,xc:446405,xc_446405,1,5.0,6.51,3,4,1.0
labcro1,xc:446405,xc_446405,2,6.76,11.52,9,4,1.0
labcro1,xc:824065,xc_824065,0,0.02,0.67,2,9,1.0
labcro1,xc:824065,xc_824065,1,1.11,3.16,4,9,1.0
labcro1,xc:824065,xc_824065,2,4.16,4.32,1,9,1.0
labcro1,xc:309572,xc_309572,0,0.03,0.09,1,7,1.0
labcro1,xc:309572,xc_309572,1,1.04,2.23,3,7,1.0
labcro1,xc:309572,xc_309572,2,3.31,6.95,8,7,1.0
labcro1,xc:824065,xc_824065,29,74.09,75.06,1,8,1.0
labcro1,xc:824065,xc_824065,30,76.41,78.36,2,8,1.0
labcro1,xc:811530,xc_811530,0,0.09,1.29,1,5,1.0
labcro1,xc:811530,xc_811530,1,1.36,7.27,1,5,1.0
labcro1,xc:915206,xc_915206,0,0.67,1.0,1,6,1.0
labcro1,xc:915206,xc_915206,1,1.48,1.92,1,6,1.0
litegr,xc:331548,xc_331548,29,80.24,83.51,4,6,1.0
litegr,xc:331548,xc_331548,56,140.37,142.54,3,6,1.0
litegr,xc:331548,xc_331548,62,155.28,159.55,3,6,1.0
litegr,xc:331548,xc_331548,80,194.29,194.86,2,6,1.0
litegr,xc:331548,xc_331548,81,195.5,196.36,1,6,1.0
litegr,xc:333966,xc_333966,7,18.22,19.53,2,7,1.0
litegr,xc:333966,xc_333966,6,16.56,17.58,1,7,1.0
litegr,xc:956994,xc_956994,2,5.63,5.69,1,0,1.0
litegr,xc:956994,xc_956994,3,6.0,6.05,1,0,1.0
litegr,xc:956994,xc_956994,4,6.18,6.21,1,0,1.0
litegr,xc:956994,xc_956994,5,6.56,7.82,4,0,1.0
litegr,xc:956994,xc_956994,6,8.31,8.76,1,0,1.0
litegr,xc:748297,xc_748297,5,9.31,9.51,1,5,1.0
litegr,xc:767199,xc_767199,8,24.12,26.89,4,1,1.0
litegr,xc:767199,xc_767199,10,29.85,29.9,1,1,1.0
litegr,xc:767199,xc_767199,11,31.2,31.28,1,1,1.0
litegr,xc:795658,xc_795658,14,24.0,24.11,1,3,1.0
litegr,xc:795658,xc_795658,15,24.49,24.59,1,3,1.0
litegr,xc:748297,xc_748297,2,4.68,4.86,1,5,1.0
litegr,xc:748297,xc_748297,3,5.76,6.17,2,5,1.0
litegr,xc:710201,xc_710201,0,0.02,1.96,2,4,1.0
litegr,xc:710201,xc_710201,1,2.23,7.11,1,4,1.0
litegr,xc:795658,xc_795658,8,17.38,18.03,3,2,1.0
litegr,xc:795658,xc_795658,7,15.64,16.95,4,2,1.0
litegr,xc:795658,xc_795658,6,9.87,15.1,14,2,1.0
litegr,xc:333966,xc_333966,21,37.12,37.36,1,7,1.0
litegr,xc:333966,xc_333966,20,35.41,36.65,3,7,1.0
litgre1,xc:380340,xc_380340,18,27.08,27.23,1,3,1.0
litgre1,xc:380340,xc_380340,19,28.07,28.4,2,3,1.0
litgre1,xc:380340,xc_380340,20,29.0,29.11,1,3,1.0
litgre1,xc:380340,xc_380340,25,36.47,36.52,1,3,1.0
litgre1,xc:380340,xc_380340,26,37.55,37.61,1,3,1.0
litgre1,xc:712583,xc_712583,19,76.54,77.49,1,1,1.0
litgre1,xc:484292,xc_484292,6,20.14,22.08,4,1,1.0
litgre1,xc:484292,xc_484292,4,5.8,6.55,2,1,1.0
litgre1,xc:484292,xc_484292,5,14.84,16.83,1,1,1.0
litgre1,xc:484292,xc_484292,3,4.0,5.28,3,1,1.0
litgre1,xc:484292,xc_484292,2,3.38,3.5,1,1,1.0
litgre1,xc:687079,xc_687079,15,38.29,39.35,2,0,1.0
litgre1,xc:687079,xc_687079,0,1.23,1.51,2,0,1.0
litgre1,xc:806226,xc_806226,3,12.82,12.92,1,1,1.0
litgre1,xc:687079,xc_687079,1,3.53,3.76,1,0,1.0
litgre1,xc:687079,xc_687079,14,37.31,37.64,1,0,1.0
litgre1,xc:687079,xc_687079,13,36.24,36.29,1,0,1.0
litgre1,xc:806226,xc_806226,2,12.33,12.43,1,1,0.9698
litgre1,xc:900716,xc_900716,0,0.78,0.85,1,1,0.946
litgre1,xc:900716,xc_900716,1,1.33,1.37,1,1,0.946
litgre1,xc:1022129,xc_1022129,0,0.02,5.97,3,1,0.946
litgre1,xc:483193,xc_483193,2,14.29,14.55,1,0,0.7936
lottit1,xc:462475,xc_462475,0,0.27,0.72,2,9,1.0
lottit1,xc:462475,xc_462475,1,1.23,3.02,4,9,1.0
lottit1,xc:462475,xc_462475,2,3.86,4.28,1,9,1.0
lottit1,xc:462475,xc_462475,6,18.73,22.55,8,9,1.0
lottit1,xc:462475,xc_462475,7,23.18,26.56,7,9,1.0
lottit1,xc:499649,xc_499649,2,6.89,10.2,2,7,1.0
lottit1,xc:354434,xc_354434,1,2.19,2.33,1,8,1.0
lottit1,xc:499649,xc_499649,5,16.86,20.63,9,7,1.0
lottit1,xc:499649,xc_499649,4,12.21,16.61,15,7,1.0
lottit1,xc:499649,xc_499649,3,10.36,11.97,5,7,1.0
lottit1,xc:499649,xc_499649,6,21.04,21.09,1,7,1.0
lottit1,xc:424195,xc_424195,10,21.55,22.65,2,2,1.0
lottit1,xc:424195,xc_424195,7,13.87,19.98,1,2,1.0
lottit1,xc:424195,xc_424195,15,33.82,34.53,4,2,1.0
lottit1,xc:424195,xc_424195,16,34.73,40.49,7,2,1.0
lottit1,xc:424195,xc_424195,18,45.59,51.81,8,2,1.0
lottit1,xc:217401,xc_217401,1,3.0,3.06,1,5,1.0
lottit1,xc:217401,xc_217401,7,25.35,26.21,4,5,1.0
lottit1,xc:217401,xc_217401,3,10.45,17.51,17,5,1.0
lottit1,xc:217401,xc_217401,2,3.63,9.75,20,5,1.0
lottit1,xc:486174,xc_486174,0,0.02,3.65,9,0,1.0
lottit1,xc:354434,xc_354434,2,3.76,3.94,1,8,1.0
lottit1,xc:759683,xc_759683,0,0.47,2.14,3,6,1.0
lottit1,xc:611217,xc_611217,0,0.07,0.23,1,3,1.0
lottit1,xc:611217,xc_611217,1,0.84,1.57,2,3,1.0
lottit1,xc:611217,xc_611217,2,2.98,3.11,1,3,1.0
lottit1,xc:611217,xc_611217,3,4.15,4.29,1,3,1.0
lottit1,xc:354434,xc_354434,0,0.24,1.54,3,8,1.0
lottit1,xc:486174,xc_486174,1,3.82,8.16,13,0,1.0
lottit1,xc:759683,xc_759683,1,3.7,4.11,1,6,1.0
mallar3,xc:396538,xc_396538,5,10.42,15.83,5,2,1.0
mallar3,xc:396538,xc_396538,27,98.92,106.61,11,2,1.0
mallar3,xc:396538,xc_396538,32,122.41,130.21,5,2,1.0
mallar3,xc:396538,xc_396538,52,199.07,199.11,1,2,1.0
mallar3,xc:396538,xc_396538,55,207.92,208.34,1,2,1.0
mallar3,xc:1024361,xc_1024361,30,43.97,44.23,1,5,1.0
mallar3,xc:1024361,xc_1024361,29,43.11,43.42,1,5,1.0
mallar3,xc:354680,xc_354680,0,3.96,4.53,2,1,1.0
mallar3,xc:354680,xc_354680,1,4.97,5.08,1,1,1.0
mallar3,xc:1024361,xc_1024361,0,0.58,0.63,1,4,1.0
mallar3,xc:1024361,xc_1024361,1,0.92,0.99,1,4,1.0
mallar3,xc:676710,xc_676710,0,0.02,3.69,14,0,1.0
mallar3,xc:676710,xc_676710,1,4.5,8.8,13,0,1.0
mallar3,xc:601278,xc_601278,5,39.62,42.67,3,3,1.0
mallar3,xc:601278,xc_601278,1,15.89,18.07,2,3,1.0
mallar3,xc:1024361,xc_1024361,27,41.61,41.9,1,5,1.0
mallar3,xc:601278,xc_601278,0,1.01,3.2,2,3,1.0
meabun1,xc:1024146,xc_1024146,65,156.3,158.07,1,16,1.0
meabun1,xc:1024146,xc_1024146,70,169.6,171.65,2,16,1.0
meabun1,xc:1024146,xc_1024146,71,175.39,177.14,1,16,1.0
meabun1,xc:1024146,xc_1024146,72,180.38,182.74,2,16,1.0
meabun1,xc:1024146,xc_1024146,77,193.19,195.22,2,16,1.0
meabun1,xc:464651,xc_464651,7,18.06,19.24,2,14,1.0
meabun1,xc:464651,xc_464651,9,23.01,23.91,1,14,1.0
meabun1,xc:464651,xc_464651,10,25.12,25.7,2,14,1.0
meabun1,xc:464651,xc_464651,11,26.14,27.69,3,14,1.0
meabun1,xc:464651,xc_464651,12,28.62,28.82,1,14,1.0
meabun1,xc:992953,xc_992953,10,22.44,23.8,4,11,1.0
meabun1,xc:992953,xc_992953,11,24.29,26.09,2,11,1.0
meabun1,xc:992953,xc_992953,13,27.29,27.32,1,11,1.0
meabun1,xc:626398,xc_626398,8,20.8,21.12,1,6,1.0
meabun1,xc:626398,xc_626398,10,24.06,24.12,1,6,1.0
meabun1,xc:626398,xc_626398,11,24.58,24.89,1,6,1.0
meabun1,xc:906318,xc_906318,2,6.27,6.97,3,7,1.0
meabun1,xc:906318,xc_906318,3,7.43,11.06,9,7,1.0
meabun1,xc:906318,xc_906318,4,11.81,13.47,7,7,1.0
meabun1,xc:172704,xc_172704,1,6.91,13.89,15,2,1.0
meabun1,xc:172704,xc_172704,3,18.49,18.57,1,2,1.0
meabun1,xc:172704,xc_172704,5,19.29,25.79,7,2,1.0
meabun1,xc:824054,xc_824054,0,0.02,0.08,1,5,1.0
meabun1,xc:824054,xc_824054,1,0.89,2.93,2,5,1.0
meabun1,xc:824054,xc_824054,2,4.4,6.38,2,5,1.0
meabun1,xc:1018429,xc_1018429,7,10.93,13.64,7,8,1.0
meabun1,xc:1018429,xc_1018429,8,15.3,17.14,3,8,1.0
meabun1,xc:1018429,xc_1018429,9,17.51,23.53,11,8,1.0
meabun1,xc:414492,xc_414492,4,9.0,10.02,2,1,1.0
meabun1,xc:414492,xc_414492,5,10.74,12.46,4,1,1.0
meabun1,xc:414492,xc_414492,6,13.36,13.42,1,1,1.0
meabun1,xc:915212,xc_915212,0,0.04,2.51,2,3,1.0
meabun1,xc:915212,xc_915212,3,6.0,10.95,8,3,1.0
meabun1,xc:915212,xc_915212,4,12.76,15.65,4,3,1.0
meabun1,xc:491231,xc_491231,0,0.06,0.4,1,10,1.0
meabun1,xc:491231,xc_491231,1,1.34,1.62,1,10,1.0
meabun1,xc:491231,xc_491231,13,21.42,21.56,1,9,1.0
meabun1,xc:491231,xc_491231,14,22.45,24.36,4,9,1.0
meabun1,xc:155678,xc_155678,0,0.02,0.08,1,0,1.0
meabun1,xc:155678,xc_155678,1,1.85,3.19,3,0,1.0
meabun1,xc:23968,xc_23968,0,0.02,0.28,1,13,1.0
meabun1,xc:282181,xc_282181,0,0.02,0.11,1,12,1.0
meabun1,xc:491232,xc_491232,3,3.84,3.89,1,4,1.0
norpin,xc:614451,xc_614451,2,4.08,11.71,15,6,1.0
norpin,xc:614451,xc_614451,13,26.6,33.09,20,6,1.0
norpin,xc:614451,xc_614451,15,36.72,42.74,13,6,1.0
norpin,xc:614451,xc_614451,16,43.0,48.45,8,6,1.0
norpin,xc:614451,xc_614451,17,48.83,54.18,16,6,1.0
norpin,xc:880897,xc_880897,4,16.21,16.28,1,8,1.0
norpin,xc:880897,xc_880897,5,17.75,17.8,1,8,1.0
norpin,xc:880897,xc_880897,10,21.05,21.16,1,8,1.0
norpin,xc:880897,xc_880897,7,19.76,19.98,2,8,1.0
norpin,xc:880897,xc_880897,8,20.39,20.43,1,8,1.0
norpin,xc:616572,xc_616572,13,20.99,22.38,4,3,1.0
norpin,xc:616572,xc_616572,14,23.0,23.22,1,3,1.0
norpin,xc:733153,xc_733153,2,3.38,3.45,1,7,1.0
norpin,xc:616572,xc_616572,15,23.77,24.65,1,3,1.0
norpin,xc:616572,xc_616572,18,34.0,40.96,16,3,1.0
norpin,xc:616572,xc_616572,20,42.24,44.79,6,3,1.0
norpin,xc:113186,xc_113186,0,0.02,0.22,1,1,1.0
norpin,xc:113186,xc_113186,1,0.33,0.45,1,1,1.0
norpin,xc:113186,xc_113186,2,0.55,4.2,5,1,1.0
norpin,xc:113186,xc_113186,3,4.28,11.88,3,1,1.0
norpin,xc:432258,xc_432258,0,0.02,7.98,2,5,1.0
norpin,xc:432258,xc_432258,1,8.16,10.19,1,5,1.0
norpin,xc:432258,xc_432258,2,10.6,10.66,1,5,1.0
norpin,xc:432258,xc_432258,3,11.0,11.53,1,5,1.0
norpin,xc:733153,xc_733153,0,0.02,0.12,1,2,1.0
norpin,xc:733153,xc_733153,3,3.75,3.86,1,7,1.0
norpin,xc:733153,xc_733153,4,4.24,4.35,1,7,1.0
norpin,xc:733153,xc_733153,5,5.12,5.39,2,7,1.0
norpin,xc:984329,xc_984329,1,2.21,4.22,7,0,1.0
norpin,xc:984329,xc_984329,2,4.62,6.88,10,0,1.0
norpin,xc:984329,xc_984329,3,7.21,12.75,17,0,1.0
norpin,xc:984329,xc_984329,4,13.03,13.85,3,0,1.0
norpin,xc:640792,xc_640792,0,0.02,2.88,6,6,0.9759
norsho,xc:706887,xc_706887,7,36.06,44.06,1,2,1.0
norsho,xc:706887,xc_706887,8,44.06,51.11,1,2,1.0
norsho,xc:706887,xc_706887,16,73.08,74.03,1,2,1.0
norsho,xc:706887,xc_706887,18,75.1,77.13,3,2,1.0
norsho,xc:706887,xc_706887,19,77.24,80.73,3,2,1.0
norsho,xc:617375,xc_617375,0,0.52,1.97,2,7,1.0
norsho,xc:617375,xc_617375,1,2.11,8.32,1,7,1.0
norsho,xc:617375,xc_617375,4,11.58,14.44,7,7,1.0
norsho,xc:617375,xc_617375,8,24.09,29.12,9,7,1.0
norsho,xc:617375,xc_617375,3,10.63,10.97,2,7,1.0
norsho,xc:448754,xc_448754,2,2.68,3.05,2,1,1.0
norsho,xc:448754,xc_448754,3,3.37,4.68,6,1,1.0
norsho,xc:501879,xc_501879,0,0.06,3.18,11,5,1.0
norsho,xc:501879,xc_501879,2,8.83,9.0,1,5,1.0
norsho,xc:1020442,xc_1020442,1,4.89,7.83,7,0,1.0
norsho,xc:1020442,xc_1020442,2,8.25,13.68,4,0,1.0
norsho,xc:1020442,xc_1020442,4,14.7,17.16,7,0,1.0
norsho,xc:1020442,xc_1020442,5,17.78,17.94,1,0,1.0
norsho,xc:1020442,xc_1020442,6,18.37,22.36,9,0,1.0
norsho,xc:501879,xc_501879,6,14.12,19.16,19,6,1.0
norsho,xc:501879,xc_501879,7,19.9,20.15,2,6,1.0
norsho,xc:501879,xc_501879,8,20.73,20.86,1,6,1.0
norsho,xc:448754,xc_448754,0,0.02,0.08,1,1,1.0
norsho,xc:448754,xc_448754,1,1.47,2.45,5,1,1.0
norsho,xc:540953,xc_540953,2,2.48,6.9,15,8,1.0
norsho,xc:540953,xc_540953,3,7.61,7.66,1,8,1.0
norsho,xc:612076,xc_612076,1,3.55,10.18,15,4,1.0
norsho,xc:612076,xc_612076,2,10.78,12.93,6,4,1.0
norsho,xc:540953,xc_540953,0,1.25,1.29,1,8,1.0
norsho,xc:540953,xc_540953,1,1.93,1.98,1,8,1.0
norsho,xc:612076,xc_612076,3,13.52,13.58,1,4,1.0
norsho,xc:800553,xc_800553,0,0.12,0.27,1,3,1.0
norsho,xc:800553,xc_800553,1,0.83,1.21,2,3,1.0
norsho,xc:800553,xc_800553,2,1.73,2.1,2,3,1.0
norsho,xc:479841,xc_479841,0,0.02,3.72,13,2,0.9829
origre,xc:733017,xc_733017,9,17.17,19.0,2,1,1.0
origre,xc:733017,xc_733017,10,20.14,20.21,1,1,1.0
origre,xc:733017,xc_733017,12,24.35,24.6,1,1,1.0
origre,xc:733017,xc_733017,13,25.17,25.25,1,1,1.0
origre,xc:733017,xc_733017,14,26.15,28.39,5,1,1.0
origre,xc:992580,xc_992580,10,18.81,20.25,3,15,1.0
origre,xc:992580,xc_992580,16,33.46,34.42,1,15,1.0
origre,xc:992580,xc_992580,17,35.19,37.7,5,15,1.0
origre,xc:992580,xc_992580,18,38.19,39.15,1,15,1.0
origre,xc:992580,xc_992580,28,59.43,59.46,1,15,1.0
origre,xc:974850,xc_974850,11,19.85,20.14,2,8,1.0
origre,xc:974850,xc_974850,12,20.5,21.07,3,8,1.0
origre,xc:974850,xc_974850,13,21.38,21.41,1,8,1.0
origre,xc:974850,xc_974850,14,22.15,22.35,1,8,1.0
origre,xc:451340,xc_451340,0,0.02,0.1,1,2,1.0
origre,xc:451340,xc_451340,1,0.55,1.51,3,2,1.0
origre,xc:451340,xc_451340,2,2.19,2.24,1,2,1.0
origre,xc:451340,xc_451340,3,2.92,3.46,2,2,1.0
origre,xc:872884,xc_872884,8,14.34,15.75,2,7,1.0
origre,xc:872884,xc_872884,9,16.35,16.53,1,7,1.0
origre,xc:872884,xc_872884,10,17.02,17.13,1,7,1.0
origre,xc:872884,xc_872884,12,20.5,21.19,1,7,1.0
origre,xc:733024,xc_733024,6,15.49,16.23,4,11,1.0
origre,xc:733024,xc_733024,7,17.26,17.69,1,11,1.0
origre,xc:733024,xc_733024,8,18.44,18.59,2,11,1.0
origre,xc:294777,xc_294777,0,0.02,0.31,2,10,1.0
origre,xc:294777,xc_294777,1,0.78,0.81,1,10,1.0
origre,xc:872882,xc_872882,3,12.71,14.76,2,6,1.0
origre,xc:872882,xc_872882,4,15.79,16.59,1,6,1.0
origre,xc:285949,xc_285949,0,0.06,0.36,2,4,1.0
origre,xc:285949,xc_285949,1,1.08,2.43,1,4,1.0
origre,xc:401718,xc_401718,0,0.02,2.37,2,3,1.0
origre,xc:401718,xc_401718,1,2.85,3.42,2,3,1.0
origre,xc:838773,xc_838773,0,0.02,0.09,1,14,1.0
origre,xc:838773,xc_838773,1,0.37,0.43,1,14,1.0
origre,xc:838773,xc_838773,37,60.05,60.25,1,17,1.0
origre,xc:838773,xc_838773,38,61.36,61.42,1,17,1.0
origre,xc:1006008,xc_1006008,0,0.02,1.94,5,9,1.0
origre,xc:1006008,xc_1006008,1,2.55,3.14,2,9,1.0
origre,xc:838773,xc_838773,3,5.69,5.92,2,5,1.0
origre,xc:762173,xc_762173,10,12.95,13.1,1,16,1.0
origre,xc:268302,xc_268302,0,0.02,3.32,8,0,1.0
origre,xc:733024,xc_733024,26,58.07,60.61,6,12,1.0
ortdov,xc:657028,xc_657028,8,16.37,16.48,1,0,1.0
ortdov,xc:657028,xc_657028,9,16.81,16.9,1,0,1.0
ortdov,xc:657028,xc_657028,10,17.92,18.27,2,0,1.0
ortdov,xc:657028,xc_657028,11,18.7,19.19,2,0,1.0
ortdov,xc:657028,xc_657028,12,19.68,19.73,1,0,1.0
ortdov,xc:327475,xc_327475,0,0.45,2.18,3,12,1.0
ortdov,xc:327475,xc_327475,6,16.24,16.38,1,12,1.0
ortdov,xc:327475,xc_327475,1,2.47,4.12,3,12,1.0
ortdov,xc:327475,xc_327475,2,4.38,12.04,9,12,1.0
ortdov,xc:327475,xc_327475,4,14.0,14.59,2,12,1.0
ortdov,xc:787976,xc_787976,0,0.02,0.31,1,8,1.0
ortdov,xc:787976,xc_787976,2,9.11,11.96,3,8,1.0
ortdov,xc:787976,xc_787976,1,1.11,8.94,2,8,1.0
ortdov,xc:751150,xc_751150,49,70.49,71.12,2,1,1.0
ortdov,xc:655377,xc_655377,3,10.77,13.39,5,9,1.0
ortdov,xc:787976,xc_787976,4,13.71,14.21,2,8,1.0
ortdov,xc:751150,xc_751150,19,30.02,30.06,1,3,1.0
ortdov,xc:751150,xc_751150,20,30.74,31.18,3,3,1.0
ortdov,xc:751150,xc_751150,21,31.76,31.84,1,3,1.0
ortdov,xc:751150,xc_751150,22,32.3,32.74,3,3,1.0
ortdov,xc:872802,xc_872802,0,1.69,1.73,1,10,1.0
ortdov,xc:872802,xc_872802,1,1.98,3.97,4,10,1.0
ortdov,xc:872802,xc_872802,2,4.18,7.23,4,10,1.0
ortdov,xc:872802,xc_872802,3,7.37,12.87,8,10,1.0
ortdov,xc:1009283,xc_1009283,6,15.05,15.19,1,7,1.0
ortdov,xc:1009283,xc_1009283,7,15.31,15.45,1,7,1.0
ortdov,xc:1009283,xc_1009283,8,15.99,16.67,2,7,1.0
ortdov,xc:655377,xc_655377,4,14.58,14.66,1,9,1.0
ortdov,xc:655377,xc_655377,5,15.75,16.94,2,9,1.0
ortdov,xc:1009283,xc_1009283,0,0.02,0.08,1,6,1.0
ortdov,xc:1009283,xc_1009283,1,0.79,1.15,3,6,1.0
ortdov,xc:473070,xc_473070,0,0.08,7.0,11,11,1.0
ortdov,xc:473070,xc_473070,1,7.32,9.55,3,11,1.0
osprey,xc:664256,xc_664256,6,8.78,9.81,2,15,1.0
osprey,xc:664256,xc_664256,19,30.37,30.72,1,15,1.0
osprey,xc:664256,xc_664256,20,31.45,31.84,1,15,1.0
osprey,xc:664256,xc_664256,21,32.48,32.9,1,15,1.0
osprey,xc:664256,xc_664256,22,33.69,34.11,1,15,1.0
osprey,xc:166110,xc_166110,14,85.34,92.42,1,9,1.0
osprey,xc:166110,xc_166110,19,124.48,132.48,1,9,1.0
osprey,xc:166110,xc_166110,20,132.48,140.48,1,9,1.0
osprey,xc:166110,xc_166110,21,140.48,148.48,1,9,1.0
osprey,xc:272312,xc_272312,1,5.8,10.19,10,3,1.0
osprey,xc:272312,xc_272312,15,34.51,34.55,1,3,1.0
osprey,xc:272312,xc_272312,17,38.1,38.96,2,3,1.0
osprey,xc:272312,xc_272312,18,39.45,39.54,1,3,1.0
osprey,xc:694232,xc_694232,7,10.43,10.79,1,6,1.0
osprey,xc:694232,xc_694232,8,11.77,11.96,2,6,1.0
osprey,xc:694232,xc_694232,9,12.41,12.96,4,6,1.0
osprey,xc:694232,xc_694232,13,19.89,20.09,2,6,1.0
osprey,xc:118482,xc_118482,5,10.8,17.47,4,16,1.0
osprey,xc:118482,xc_118482,6,17.58,17.67,1,16,1.0
osprey,xc:118482,xc_118482,7,17.81,18.15,1,16,1.0
osprey,xc:18375,xc_18375,5,12.95,20.95,1,0,1.0
osprey,xc:18375,xc_18375,6,20.95,26.4,1,0,1.0
osprey,xc:18375,xc_18375,7,26.47,26.59,1,0,1.0
osprey,xc:333145,xc_333145,3,9.54,11.49,4,5,1.0
osprey,xc:333145,xc_333145,6,14.71,17.15,4,5,1.0
osprey,xc:333145,xc_333145,7,17.62,18.66,2,5,1.0
osprey,xc:900336,xc_900336,3,8.37,8.41,1,7,1.0
osprey,xc:900336,xc_900336,4,8.55,8.59,1,7,1.0
osprey,xc:900336,xc_900336,5,10.53,10.57,1,7,1.0
osprey,xc:588910,xc_588910,9,28.24,36.03,5,12,1.0
osprey,xc:588910,xc_588910,11,36.45,37.36,2,12,1.0
osprey,xc:588910,xc_588910,12,37.48,38.68,2,12,1.0
osprey,xc:805450,xc_805450,0,0.02,0.14,1,18,1.0
osprey,xc:805450,xc_805450,1,0.5,1.11,2,18,1.0
osprey,xc:118482,xc_118482,19,30.68,30.99,1,17,1.0
osprey,xc:118482,xc_118482,21,32.99,33.03,1,17,1.0
osprey,xc:900336,xc_900336,0,0.02,1.97,3,11,1.0
osprey,xc:900336,xc_900336,1,2.52,2.56,1,11,1.0
osprey,xc:465294,xc_465294,0,0.07,1.61,3,4,1.0
osprey,xc:465294,xc_465294,2,3.39,3.84,1,4,1.0
osprey,xc:511013,xc_511013,2,6.01,6.09,1,1,1.0
osprey,xc:511013,xc_511013,3,6.55,12.89,2,1,1.0
osprey,xc:174764,xc_174764,2,3.26,4.47,1,14,1.0
osprey,xc:174764,xc_174764,3,4.69,10.8,4,14,1.0
osprey,xc:174764,xc_174764,11,35.41,41.53,6,13,1.0
osprey,xc:174764,xc_174764,12,42.32,42.5,1,13,1.0
osprey,xc:511013,xc_511013,0,0.35,1.48,4,2,1.0
osprey,xc:511013,xc_511013,1,2.8,2.84,1,2,1.0
osprey,xc:166110,xc_166110,30,178.96,181.03,2,10,1.0
palthr1,xc:758275,xc_758275,0,0.02,0.14,1,6,1.0
palthr1,xc:758275,xc_758275,1,1.64,1.73,1,6,1.0
palthr1,xc:758275,xc_758275,2,3.52,3.65,1,6,1.0
palthr1,xc:758275,xc_758275,3,8.51,8.95,2,6,1.0
palthr1,xc:758275,xc_758275,4,9.84,9.9,1,6,1.0
palthr1,xc:707803,xc_707803,14,46.86,50.4,8,8,1.0
palthr1,xc:707803,xc_707803,12,42.72,42.99,1,8,1.0
palthr1,xc:707803,xc_707803,18,59.83,61.25,2,8,1.0
palthr1,xc:707803,xc_707803,34,94.22,99.8,6,8,1.0
palthr1,xc:707803,xc_707803,15,50.81,51.08,1,8,1.0
palthr1,xc:841464,xc_841464,2,9.98,15.29,1,1,1.0
palthr1,xc:841464,xc_841464,1,1.98,9.98,1,1,1.0
palthr1,xc:637017,xc_637017,6,13.67,14.46,2,0,1.0
palthr1,xc:652386,xc_652386,23,41.56,45.33,10,3,1.0
palthr1,xc:841464,xc_841464,3,15.34,15.45,1,1,1.0
palthr1,xc:841464,xc_841464,4,15.6,15.74,1,1,1.0
palthr1,xc:841464,xc_841464,5,15.83,16.0,1,1,1.0
palthr1,xc:878403,xc_878403,4,7.93,14.05,5,9,1.0
palthr1,xc:878403,xc_878403,5,14.55,15.2,2,9,1.0
palthr1,xc:878403,xc_878403,6,15.7,18.69,4,9,1.0
palthr1,xc:878403,xc_878403,7,19.15,25.61,7,9,1.0
palthr1,xc:878403,xc_878403,13,48.47,48.82,1,9,1.0
palthr1,xc:637017,xc_637017,2,6.06,8.24,6,0,1.0
palthr1,xc:637017,xc_637017,3,8.82,8.92,1,0,1.0
palthr1,xc:637017,xc_637017,4,9.33,9.44,1,0,1.0
palthr1,xc:637017,xc_637017,5,9.94,13.24,10,0,1.0
palthr1,xc:652386,xc_652386,3,10.4,10.66,1,2,1.0
palthr1,xc:843240,xc_843240,1,5.19,9.56,1,4,1.0
palthr1,xc:652386,xc_652386,25,47.85,47.97,1,3,1.0
palthr1,xc:652386,xc_652386,26,49.15,49.27,1,3,1.0
palthr1,xc:652386,xc_652386,27,49.67,49.77,1,3,1.0
palthr1,xc:988531,xc_988531,0,0.02,0.24,1,5,1.0
palthr1,xc:988531,xc_988531,1,0.92,5.96,4,5,1.0
palthr1,xc:843240,xc_843240,3,12.13,20.11,3,4,1.0
palthr1,xc:843240,xc_843240,4,20.38,21.88,1,4,1.0
palthr1,xc:988531,xc_988531,2,6.38,10.58,9,5,1.0
palthr1,xc:893999,xc_893999,0,0.33,0.37,1,7,1.0
palthr1,xc:758851,xc_758851,1,3.96,4.05,1,6,0.779
pygwoo1,xc:155674,xc_155674,17,43.69,43.73,1,8,1.0
pygwoo1,xc:155674,xc_155674,18,45.62,45.86,1,8,1.0
pygwoo1,xc:155674,xc_155674,19,46.63,46.68,1,8,1.0
pygwoo1,xc:155674,xc_155674,20,46.93,46.97,1,8,1.0
pygwoo1,xc:155674,xc_155674,27,58.99,59.14,1,8,1.0
pygwoo1,xc:267394,xc_267394,3,6.95,8.39,3,19,1.0
pygwoo1,xc:267394,xc_267394,4,8.93,8.96,1,19,1.0
pygwoo1,xc:267394,xc_267394,5,9.91,10.55,2,19,1.0
pygwoo1,xc:267394,xc_267394,11,27.22,27.73,2,19,1.0
pygwoo1,xc:797722,xc_797722,22,23.0,23.04,1,10,1.0
pygwoo1,xc:797722,xc_797722,23,24.1,24.2,1,10,1.0
pygwoo1,xc:797722,xc_797722,24,24.7,24.98,2,10,1.0
pygwoo1,xc:267394,xc_267394,54,136.34,137.08,2,20,1.0
pygwoo1,xc:267415,xc_267415,3,7.28,9.33,7,16,1.0
pygwoo1,xc:267415,xc_267415,4,9.81,9.87,1,16,1.0
pygwoo1,xc:267415,xc_267415,5,10.48,10.78,1,16,1.0
pygwoo1,xc:804650,xc_804650,7,10.16,11.15,3,3,1.0
pygwoo1,xc:804650,xc_804650,8,12.5,13.03,1,3,1.0
pygwoo1,xc:804650,xc_804650,9,14.82,15.08,2,3,1.0
pygwoo1,xc:285870,xc_285870,12,53.14,59.88,3,18,1.0
pygwoo1,xc:285870,xc_285870,17,73.71,81.3,6,18,1.0
pygwoo1,xc:285870,xc_285870,18,81.7,88.25,8,18,1.0
pygwoo1,xc:804650,xc_804650,31,55.9,60.03,10,1,1.0
pygwoo1,xc:804650,xc_804650,34,63.02,69.64,17,1,1.0
pygwoo1,xc:155862,xc_155862,2,6.28,6.32,1,7,1.0
pygwoo1,xc:155862,xc_155862,3,6.81,8.9,4,7,1.0
pygwoo1,xc:285870,xc_285870,42,171.91,178.2,1,17,1.0
pygwoo1,xc:285870,xc_285870,44,181.39,183.27,1,17,1.0
pygwoo1,xc:267412,xc_267412,7,11.9,12.4,2,6,1.0
pygwoo1,xc:267412,xc_267412,8,14.47,14.96,2,6,1.0
pygwoo1,xc:797112,xc_797112,0,0.33,2.19,1,9,1.0
pygwoo1,xc:797112,xc_797112,1,3.28,3.73,1,9,1.0
pygwoo1,xc:797722,xc_797722,8,10.15,10.2,1,11,1.0
pygwoo1,xc:797722,xc_797722,9,10.42,10.46,1,11,1.0
pygwoo1,xc:267398,xc_267398,11,35.79,35.82,1,13,1.0
pygwoo1,xc:267398,xc_267398,12,36.45,36.57,1,13,1.0
pygwoo1,xc:267412,xc_267412,0,0.02,0.09,1,15,1.0
pygwoo1,xc:267412,xc_267412,1,1.26,1.33,1,15,1.0
pygwoo1,xc:841033,xc_841033,0,0.98,1.37,1,2,1.0
pygwoo1,xc:841033,xc_841033,1,3.13,3.48,1,2,1.0
pygwoo1,xc:858022,xc_858022,0,0.08,0.2,1,0,1.0
pygwoo1,xc:858022,xc_858022,1,1.19,1.34,1,0,1.0
pygwoo1,xc:267398,xc_267398,2,7.45,10.23,6,14,1.0
pygwoo1,xc:655375,xc_655375,0,0.95,1.25,2,5,1.0
rocpig,xc:349161,xc_349161,2,9.31,12.66,5,12,1.0
rocpig,xc:349161,xc_349161,3,13.46,14.89,4,12,1.0
rocpig,xc:349161,xc_349161,4,15.95,17.42,3,12,1.0
rocpig,xc:349161,xc_349161,5,18.87,20.37,2,12,1.0
rocpig,xc:349161,xc_349161,6,21.34,21.37,1,12,1.0
rocpig,xc:706902,xc_706902,4,14.58,16.87,4,6,1.0
rocpig,xc:706902,xc_706902,6,22.42,22.65,1,6,1.0
rocpig,xc:706902,xc_706902,8,27.12,29.71,3,6,1.0
rocpig,xc:706902,xc_706902,10,34.31,41.23,13,6,1.0
rocpig,xc:706902,xc_706902,11,41.68,48.36,9,6,1.0
rocpig,xc:645563,xc_645563,0,0.6,0.65,1,13,1.0
rocpig,xc:645563,xc_645563,1,1.77,8.86,8,13,1.0
rocpig,xc:645563,xc_645563,13,45.42,48.95,3,13,1.0
rocpig,xc:645563,xc_645563,14,49.28,54.57,4,13,1.0
rocpig,xc:645563,xc_645563,15,54.96,55.86,2,13,1.0
rocpig,xc:1023563,xc_1023563,6,16.47,17.3,2,11,1.0
rocpig,xc:1023563,xc_1023563,7,17.97,18.84,2,11,1.0
rocpig,xc:1023563,xc_1023563,8,19.82,20.76,2,11,1.0
rocpig,xc:1023563,xc_1023563,9,21.47,22.29,2,11,1.0
rocpig,xc:169211,xc_169211,0,1.61,3.17,1,5,1.0
rocpig,xc:169211,xc_169211,1,4.17,4.7,2,5,1.0
rocpig,xc:169211,xc_169211,12,21.0,21.06,1,5,1.0
rocpig,xc:169211,xc_169211,13,21.46,23.22,3,5,1.0
rocpig,xc:121680,xc_121680,16,35.59,35.65,1,9,1.0
rocpig,xc:121680,xc_121680,17,36.15,36.2,1,9,1.0
rocpig,xc:121680,xc_121680,18,36.79,37.17,3,9,1.0
rocpig,xc:121680,xc_121680,19,37.57,37.79,2,9,1.0
rocpig,xc:269761,xc_269761,0,0.02,7.13,3,0,1.0
rocpig,xc:269761,xc_269761,1,7.36,9.13,3,0,1.0
rocpig,xc:269761,xc_269761,2,9.38,12.25,2,0,1.0
rocpig,xc:48676,xc_48676,0,1.37,1.6,1,1,1.0
rocpig,xc:48676,xc_48676,1,2.27,3.02,1,1,1.0
rocpig,xc:48676,xc_48676,2,3.61,4.43,1,1,1.0
rocpig,xc:621266,xc_621266,0,0.02,5.86,1,7,1.0
rocpig,xc:621266,xc_621266,1,5.93,12.93,1,7,1.0
rocpig,xc:621266,xc_621266,2,13.01,14.54,1,7,1.0
rocpig,xc:796913,xc_796913,1,3.23,3.97,3,3,1.0
rocpig,xc:796913,xc_796913,2,4.6,4.76,1,3,1.0
rocpig,xc:796913,xc_796913,5,7.87,14.6,12,2,1.0
rocpig,xc:796913,xc_796913,6,15.13,17.57,7,2,1.0
rocpig,xc:825052,xc_825052,1,5.47,7.46,3,4,1.0
rocpig,xc:825052,xc_825052,2,7.9,9.05,2,4,1.0
rocpig,xc:121680,xc_121680,0,0.02,1.39,5,8,1.0
skylar,xc:395043,xc_395043,29,116.04,117.15,3,2,1.0
skylar,xc:395043,xc_395043,30,117.56,123.76,11,2,1.0
skylar,xc:395043,xc_395043,31,124.04,125.69,5,2,1.0
skylar,xc:395043,xc_395043,32,126.15,128.41,3,2,1.0
skylar,xc:395043,xc_395043,54,196.45,202.99,1,2,1.0
skylar,xc:975229,xc_975229,3,14.69,22.69,1,0,1.0
skylar,xc:975229,xc_975229,20,92.73,94.77,1,0,1.0
skylar,xc:975229,xc_975229,1,2.83,10.83,1,0,1.0
skylar,xc:975229,xc_975229,19,85.71,92.68,1,0,1.0
skylar,xc:975229,xc_975229,18,78.41,85.62,2,0,1.0
skylar,xc:288761,xc_288761,2,16.02,24.02,1,5,1.0
skylar,xc:180733,xc_180733,4,18.82,24.83,1,6,1.0
skylar,xc:180733,xc_180733,7,28.08,29.48,1,6,1.0
skylar,xc:180733,xc_180733,8,29.53,29.92,1,6,1.0
skylar,xc:288761,xc_288761,1,8.02,16.02,1,5,1.0
skylar,xc:288761,xc_288761,3,24.02,32.02,1,5,1.0
skylar,xc:288761,xc_288761,6,44.28,46.66,1,5,1.0
skylar,xc:288761,xc_288761,5,36.28,44.28,1,5,1.0
skylar,xc:933082,xc_933082,8,28.01,33.64,4,4,1.0
skylar,xc:933082,xc_933082,9,33.71,34.0,1,4,1.0
skylar,xc:933082,xc_933082,10,34.07,34.83,1,4,1.0
skylar,xc:933082,xc_933082,11,34.91,39.23,5,4,1.0
skylar,xc:933082,xc_933082,15,50.46,50.54,1,4,1.0
skylar,xc:180733,xc_180733,10,33.14,33.99,1,6,1.0
skylar,xc:917689,xc_917689,0,0.02,8.02,1,3,1.0
skylar,xc:917689,xc_917689,1,8.02,16.02,1,3,1.0
skylar,xc:949909,xc_949909,0,0.35,0.6,1,1,1.0
skylar,xc:949909,xc_949909,1,1.51,1.8,1,1,1.0
skylar,xc:949909,xc_949909,2,2.21,2.29,1,1,1.0
skylar,xc:949909,xc_949909,3,2.94,2.98,1,1,1.0
skylar,xc:949909,xc_949909,10,18.42,18.47,1,1,1.0
skylar,xc:917689,xc_917689,2,16.02,24.02,1,3,1.0
skylar,xc:180733,xc_180733,9,29.99,33.07,3,6,1.0
spbduc,xc:854546,xc_854546,19,42.56,42.63,1,0,1.0
spbduc,xc:854546,xc_854546,20,43.1,45.31,7,0,1.0
spbduc,xc:854546,xc_854546,21,45.75,45.83,1,0,1.0
spbduc,xc:854546,xc_854546,22,46.06,46.09,1,0,1.0
spbduc,xc:854546,xc_854546,23,46.37,46.45,1,0,1.0
spbduc,xc:858060,xc_858060,9,54.21,62.21,1,3,1.0
spbduc,xc:858060,xc_858060,12,78.21,84.12,1,3,1.0
spbduc,xc:858061,xc_858061,1,8.02,16.02,1,3,1.0
spbduc,xc:858061,xc_858061,2,16.02,24.02,1,3,1.0
spbduc,xc:858061,xc_858061,6,30.13,37.0,8,3,1.0
spbduc,xc:858061,xc_858061,11,46.48,54.48,1,3,1.0
spbduc,xc:858061,xc_858061,12,54.48,62.48,1,3,1.0
spbduc,xc:920581,xc_920581,9,13.11,13.16,1,4,1.0
spbduc,xc:920581,xc_920581,10,13.85,13.9,1,4,1.0
spbduc,xc:920581,xc_920581,11,14.08,14.37,2,4,1.0
spbduc,xc:920581,xc_920581,12,14.95,16.49,5,4,1.0
spbduc,xc:920581,xc_920581,13,17.52,17.55,1,4,1.0
spbduc,xc:266813,xc_266813,4,13.54,14.02,3,6,1.0
spbduc,xc:266813,xc_266813,5,14.92,14.95,1,6,1.0
spbduc,xc:266813,xc_266813,6,15.57,15.99,3,6,1.0
spbduc,xc:266813,xc_266813,7,16.82,17.16,1,6,1.0
spbduc,xc:266813,xc_266813,8,17.64,18.86,4,6,1.0
spbduc,xc:414277,xc_414277,16,47.4,54.74,16,8,1.0
spbduc,xc:414277,xc_414277,17,55.01,61.43,9,8,1.0
spbduc,xc:414277,xc_414277,18,61.55,64.17,3,8,1.0
spbduc,xc:414277,xc_414277,19,64.3,64.96,3,8,1.0
spbduc,xc:414280,xc_414280,3,7.28,14.65,8,7,1.0
spbduc,xc:414280,xc_414280,4,14.81,19.23,4,7,1.0
spbduc,xc:414280,xc_414280,5,19.35,27.32,5,7,1.0
spbduc,xc:992583,xc_992583,5,12.86,13.19,1,11,1.0
spbduc,xc:992583,xc_992583,6,13.72,17.14,10,11,1.0
spbduc,xc:992583,xc_992583,16,36.82,37.03,1,11,1.0
spbduc,xc:266815,xc_266815,0,0.02,5.87,12,2,1.0
spbduc,xc:266815,xc_266815,1,6.22,11.64,10,2,1.0
spbduc,xc:266815,xc_266815,2,12.03,12.35,1,2,1.0
spbduc,xc:841268,xc_841268,9,16.27,16.31,1,9,1.0
spbduc,xc:841268,xc_841268,10,16.59,16.83,2,9,1.0
spbduc,xc:841268,xc_841268,11,17.16,20.1,12,9,1.0
spbduc,xc:835962,xc_835962,1,8.02,10.83,1,1,1.0
spbduc,xc:835962,xc_835962,3,12.13,13.22,1,1,1.0
spbduc,xc:835962,xc_835962,4,13.27,20.61,1,1,1.0
spbduc,xc:266817,xc_266817,0,0.02,1.54,2,5,1.0
spbduc,xc:266817,xc_266817,1,1.97,2.97,3,5,1.0
spbduc,xc:992583,xc_992583,21,43.42,43.97,2,10,1.0
spbduc,xc:992583,xc_992583,22,44.59,44.65,1,10,1.0
tufduc,xc:488112,xc_488112,500,903.81,903.86,1,1,1.0
tufduc,xc:488112,xc_488112,744,1338.52,1338.57,1,1,1.0
tufduc,xc:488112,xc_488112,745,1341.06,1341.1,1,1,1.0
tufduc,xc:488112,xc_488112,746,1342.35,1342.39,1,1,1.0
tufduc,xc:488112,xc_488112,754,1354.83,1354.9,1,1,1.0
tufduc,xc:587228,xc_587228,0,0.08,4.96,3,0,1.0
tufduc,xc:587228,xc_587228,11,25.33,33.05,14,0,1.0
vartit1,xc:871190,xc_871190,0,3.14,6.05,3,3,1.0
vartit1,xc:871190,xc_871190,4,12.55,14.93,1,3,1.0
vartit1,xc:871190,xc_871190,14,36.39,38.86,2,3,1.0
vartit1,xc:871190,xc_871190,18,50.49,54.1,3,3,1.0
vartit1,xc:871190,xc_871190,25,75.79,75.83,1,3,1.0
vartit1,xc:998735,xc_998735,3,9.17,11.66,1,12,1.0
vartit1,xc:998735,xc_998735,4,15.52,17.58,2,12,1.0
vartit1,xc:998735,xc_998735,6,22.31,24.82,1,12,1.0
vartit1,xc:998735,xc_998735,7,25.5,25.63,1,12,1.0
vartit1,xc:414992,xc_414992,8,24.68,31.12,7,13,1.0
vartit1,xc:414992,xc_414992,9,31.67,31.72,1,13,1.0
vartit1,xc:414992,xc_414992,10,32.02,38.13,9,13,1.0
vartit1,xc:882175,xc_882175,7,17.05,17.08,1,16,1.0
vartit1,xc:882175,xc_882175,21,39.25,39.3,1,16,1.0
vartit1,xc:882175,xc_882175,22,42.37,42.43,1,16,1.0
vartit1,xc:332820,xc_332820,6,10.02,15.08,2,8,1.0
vartit1,xc:332820,xc_332820,7,15.65,15.87,1,8,1.0
vartit1,xc:332820,xc_332820,9,21.52,27.66,1,8,1.0
vartit1,xc:843770,xc_843770,0,0.28,0.35,1,7,1.0
vartit1,xc:843770,xc_843770,1,1.25,2.57,1,7,1.0
vartit1,xc:843770,xc_843770,5,8.66,9.17,2,7,1.0
vartit1,xc:882175,xc_882175,1,3.27,6.05,4,17,1.0
vartit1,xc:882175,xc_882175,9,18.86,18.94,1,17,1.0
vartit1,xc:641399,xc_641399,13,36.05,38.27,4,10,1.0
vartit1,xc:641399,xc_641399,14,38.71,39.13,2,10,1.0
vartit1,xc:641399,xc_641399,15,39.45,39.53,1,10,1.0
vartit1,xc:49797,xc_49797,0,0.06,0.23,1,0,1.0
vartit1,xc:49797,xc_49797,1,1.16,7.0,8,0,1.0
vartit1,xc:578821,xc_578821,0,0.09,2.45,3,2,1.0
vartit1,xc:578821,xc_578821,1,3.32,3.39,1,2,1.0
vartit1,xc:194395,xc_194395,0,0.09,5.35,9,5,1.0
vartit1,xc:194395,xc_194395,1,5.8,6.04,1,5,1.0
vartit1,xc:202775,xc_202775,0,0.02,1.63,3,4,1.0
vartit1,xc:202775,xc_202775,1,2.38,4.4,2,4,1.0
vartit1,xc:841029,xc_841029,0,0.77,3.07,1,9,1.0
vartit1,xc:841029,xc_841029,1,3.9,4.24,2,9,1.0
vartit1,xc:856671,xc_856671,6,8.88,8.92,1,15,1.0
vartit1,xc:856671,xc_856671,7,9.84,11.0,2,15,1.0
vartit1,xc:175791,xc_175791,0,0.44,8.44,1,6,1.0
vartit1,xc:175791,xc_175791,2,12.09,12.73,1,6,1.0
vartit1,xc:856671,xc_856671,15,30.2,31.39,2,14,1.0
vartit1,xc:856671,xc_856671,17,33.0,33.58,3,14,1.0
vartit1,xc:641399,xc_641399,0,0.11,5.99,3,11,1.0
vartit1,xc:790852,xc_790852,0,0.04,2.17,6,1,1.0
warwhe1,xc:911176,xc_911176,33,132.65,140.65,1,8,1.0
warwhe1,xc:911176,xc_911176,47,177.59,181.63,3,8,1.0
warwhe1,xc:911176,xc_911176,49,183.56,188.31,2,8,1.0
warwhe1,xc:911176,xc_911176,55,204.86,210.79,6,8,1.0
warwhe1,xc:911176,xc_911176,59,222.34,230.34,1,8,1.0
warwhe1,xc:806913,xc_806913,6,20.71,28.26,11,9,1.0
warwhe1,xc:806913,xc_806913,12,52.2,54.84,1,9,1.0
warwhe1,xc:806913,xc_806913,7,28.56,34.36,4,9,1.0
warwhe1,xc:806913,xc_806913,38,132.83,140.71,5,9,1.0
warwhe1,xc:806913,xc_806913,41,142.45,150.24,4,9,1.0
warwhe1,xc:155881,xc_155881,2,5.5,12.63,5,1,1.0
warwhe1,xc:617434,xc_617434,0,0.02,3.98,8,7,1.0
warwhe1,xc:617434,xc_617434,1,5.7,8.94,6,7,1.0
warwhe1,xc:617434,xc_617434,21,70.93,73.82,4,7,1.0
warwhe1,xc:617434,xc_617434,22,75.0,75.07,1,7,1.0
warwhe1,xc:617434,xc_617434,23,76.59,79.97,3,7,1.0
warwhe1,xc:155881,xc_155881,0,0.02,2.05,6,1,1.0
warwhe1,xc:155881,xc_155881,1,2.4,5.26,5,1,1.0
warwhe1,xc:69778,xc_69778,1,1.97,5.14,5,6,1.0
warwhe1,xc:155881,xc_155881,3,12.8,13.83,5,1,1.0
warwhe1,xc:617441,xc_617441,8,8.88,8.94,1,2,1.0
warwhe1,xc:617441,xc_617441,10,10.09,10.28,1,2,1.0
warwhe1,xc:617441,xc_617441,11,10.82,10.9,1,2,1.0
warwhe1,xc:192982,xc_192982,26,30.78,31.11,1,3,1.0
warwhe1,xc:192982,xc_192982,28,33.61,33.83,1,3,1.0
warwhe1,xc:192982,xc_192982,29,34.33,34.53,1,3,1.0
warwhe1,xc:219961,xc_219961,2,10.66,14.95,2,5,1.0
warwhe1,xc:69778,xc_69778,2,5.57,7.11,2,6,1.0
warwhe1,xc:69778,xc_69778,3,8.55,12.57,5,6,1.0
warwhe1,xc:219961,xc_219961,0,0.07,7.17,8,5,1.0
warwhe1,xc:287972,xc_287972,3,15.4,16.06,1,0,1.0
warwhe1,xc:287972,xc_287972,2,8.55,14.98,13,0,1.0
warwhe1,xc:911225,xc_911225,0,0.02,7.17,2,10,1.0
whcsta1,xc:146051,xc_146051,15,34.29,35.3,4,7,1.0
whcsta1,xc:146051,xc_146051,18,40.9,43.72,9,7,1.0
whcsta1,xc:146051,xc_146051,19,44.32,45.15,3,7,1.0
whcsta1,xc:146051,xc_146051,20,45.67,45.89,1,7,1.0
whcsta1,xc:146051,xc_146051,26,59.54,59.7,1,7,1.0
whcsta1,xc:882612,xc_882612,4,15.11,16.0,4,6,1.0
whcsta1,xc:882612,xc_882612,3,13.96,14.7,2,6,1.0
whcsta1,xc:882612,xc_882612,7,19.08,19.53,2,6,1.0
whcsta1,xc:882612,xc_882612,8,19.97,21.57,5,6,1.0
whcsta1,xc:882612,xc_882612,5,16.93,17.14,2,6,1.0
whcsta1,xc:840780,xc_840780,0,0.03,1.0,3,8,1.0
whcsta1,xc:840780,xc_840780,6,17.25,21.14,10,8,1.0
whcsta1,xc:840780,xc_840780,8,23.81,24.94,4,8,1.0
whcsta1,xc:840780,xc_840780,7,21.65,23.34,5,8,1.0
whcsta1,xc:790703,xc_790703,0,0.02,2.0,3,11,1.0
whcsta1,xc:790703,xc_790703,1,2.45,4.33,4,11,1.0
whcsta1,xc:840780,xc_840780,9,25.52,25.55,1,8,1.0
whcsta1,xc:809875,xc_809875,25,41.9,42.95,4,9,1.0
whcsta1,xc:809875,xc_809875,26,43.54,44.38,2,9,1.0
whcsta1,xc:809875,xc_809875,27,44.79,44.83,1,9,1.0
whcsta1,xc:809875,xc_809875,28,45.19,45.27,1,9,1.0
whcsta1,xc:809875,xc_809875,29,46.4,46.7,1,9,1.0
whcsta1,xc:267611,xc_267611,1,3.95,6.3,4,3,1.0
whcsta1,xc:267611,xc_267611,2,7.41,8.0,2,3,1.0
whcsta1,xc:267611,xc_267611,4,9.89,10.13,1,3,1.0
whcsta1,xc:267611,xc_267611,5,11.19,11.53,1,3,1.0
whcsta1,xc:333014,xc_333014,5,8.51,9.4,2,5,1.0
whcsta1,xc:333014,xc_333014,6,9.97,12.03,5,5,1.0
whcsta1,xc:333014,xc_333014,7,12.97,14.01,2,5,1.0
whcsta1,xc:779382,xc_779382,1,2.57,2.77,1,0,1.0
whcsta1,xc:790703,xc_790703,2,4.87,10.81,15,11,1.0
whcsta1,xc:392765,xc_392765,0,0.51,5.58,4,1,1.0
whcsta1,xc:392765,xc_392765,1,6.08,7.52,1,1,1.0
whcsta1,xc:790703,xc_790703,30,118.13,125.29,15,10,1.0
whcsta1,xc:790703,xc_790703,32,126.52,127.13,2,10,1.0
whcsta1,xc:779382,xc_779382,0,1.94,2.06,1,0,1.0
whcsta1,xc:1027907,xc_1027907,1,4.23,8.67,3,4,1.0
whcsta1,xc:1027907,xc_1027907,0,0.02,4.08,3,4,1.0
whcsta1,xc:915153,xc_915153,0,0.02,1.77,4,2,1.0
whiwag,xc:458681,xc_458681,23,68.2,68.43,1,3,1.0
whiwag,xc:458681,xc_458681,26,74.69,76.0,1,3,1.0
whiwag,xc:458681,xc_458681,27,77.72,77.93,1,3,1.0
whiwag,xc:458681,xc_458681,28,79.8,81.33,1,3,1.0
whiwag,xc:458681,xc_458681,29,82.04,82.38,1,3,1.0
whiwag,xc:861059,xc_861059,19,77.95,78.6,3,7,1.0
whiwag,xc:861059,xc_861059,23,91.22,97.81,10,7,1.0
whiwag,xc:861059,xc_861059,25,99.59,100.07,1,7,1.0
whiwag,xc:861059,xc_861059,28,110.2,111.22,3,7,1.0
whiwag,xc:861059,xc_861059,30,114.87,119.75,12,7,1.0
whiwag,xc:944139,xc_944139,19,34.11,34.15,1,6,1.0
whiwag,xc:944139,xc_944139,20,35.0,35.14,1,6,1.0
whiwag,xc:944139,xc_944139,21,35.64,36.6,5,6,1.0
whiwag,xc:944139,xc_944139,22,37.02,37.05,1,6,1.0
whiwag,xc:944139,xc_944139,24,38.53,38.73,1,6,1.0
whiwag,xc:332116,xc_332116,0,0.85,1.14,1,10,1.0
whiwag,xc:332116,xc_332116,1,1.71,2.01,1,10,1.0
whiwag,xc:332116,xc_332116,2,2.77,3.1,1,10,1.0
whiwag,xc:332116,xc_332116,3,3.98,4.31,1,10,1.0
whiwag,xc:332116,xc_332116,4,5.45,5.73,1,10,1.0
whiwag,xc:728228,xc_728228,14,36.15,40.25,9,0,1.0
whiwag,xc:728228,xc_728228,15,40.82,43.93,9,0,1.0
whiwag,xc:728228,xc_728228,17,45.0,51.49,28,0,1.0
whiwag,xc:728228,xc_728228,19,55.2,55.28,1,0,1.0
whiwag,xc:297867,xc_297867,0,0.02,1.25,3,5,1.0
whiwag,xc:297867,xc_297867,1,2.64,4.78,4,5,1.0
whiwag,xc:297867,xc_297867,2,5.45,10.85,4,5,1.0
whiwag,xc:297867,xc_297867,3,11.46,11.58,1,5,1.0
whiwag,xc:187183,xc_187183,0,0.03,1.63,4,4,1.0
whiwag,xc:187183,xc_187183,1,2.43,4.64,4,4,1.0
whiwag,xc:187183,xc_187183,2,5.42,5.79,1,4,1.0
whiwag,xc:879928,xc_879928,0,1.72,2.25,1,9,1.0
whiwag,xc:879928,xc_879928,1,3.31,3.37,1,9,1.0
whiwag,xc:879928,xc_879928,2,4.14,4.47,1,9,1.0
whiwag,xc:67298,xc_67298,4,9.41,10.71,5,2,1.0
whiwag,xc:67298,xc_67298,5,11.23,12.35,5,2,1.0
whiwag,xc:731463,xc_731463,1,3.17,8.79,9,8,1.0
whiwag,xc:731463,xc_731463,2,9.0,15.83,11,8,1.0
whiwag,xc:67298,xc_67298,3,5.01,8.82,15,1,1.0
whiwag,xc:67298,xc_67298,14,24.43,29.37,19,1,1.0
zitcis1,xc:337541,xc_337541,18,27.45,28.06,4,2,1.0
zitcis1,xc:337541,xc_337541,19,28.57,28.62,1,2,1.0
zitcis1,xc:337541,xc_337541,20,29.11,29.16,1,2,1.0
zitcis1,xc:337541,xc_337541,21,30.35,31.04,3,2,1.0
zitcis1,xc:337541,xc_337541,30,42.3,42.72,2,2,1.0
zitcis1,xc:1027807,xc_1027807,6,5.48,5.63,1,11,1.0
zitcis1,xc:1027807,xc_1027807,11,11.55,11.69,1,11,1.0
zitcis1,xc:1027807,xc_1027807,7,6.1,6.72,3,11,1.0
zitcis1,xc:1027807,xc_1027807,8,6.93,7.45,3,11,1.0
zitcis1,xc:1027807,xc_1027807,9,8.09,10.01,7,11,1.0
zitcis1,xc:753226,xc_753226,34,47.84,49.45,6,3,1.0
zitcis1,xc:753226,xc_753226,41,54.77,55.92,5,3,1.0
zitcis1,xc:753226,xc_753226,36,50.53,50.99,3,3,1.0
zitcis1,xc:474374,xc_474374,2,1.61,1.71,1,9,1.0
zitcis1,xc:828633,xc_828633,0,0.02,8.0,15,10,1.0
zitcis1,xc:753226,xc_753226,42,56.51,56.57,1,3,1.0
zitcis1,xc:301756,xc_301756,12,22.8,23.09,1,7,1.0
zitcis1,xc:301756,xc_301756,14,24.8,26.43,4,7,1.0
zitcis1,xc:301756,xc_301756,15,27.0,29.54,5,7,1.0
zitcis1,xc:301756,xc_301756,16,30.11,33.03,8,7,1.0
zitcis1,xc:476911,xc_476911,13,15.05,16.06,2,13,1.0
zitcis1,xc:476911,xc_476911,14,16.59,16.82,1,13,1.0
zitcis1,xc:476911,xc_476911,15,17.38,17.58,1,13,1.0
zitcis1,xc:476911,xc_476911,16,18.13,18.36,1,13,1.0
zitcis1,xc:753226,xc_753226,5,15.57,15.61,1,5,1.0
zitcis1,xc:474374,xc_474374,0,0.04,0.14,1,9,1.0
zitcis1,xc:474374,xc_474374,1,0.8,0.9,1,9,1.0
zitcis1,xc:476911,xc_476911,0,0.06,0.83,1,12,1.0
zitcis1,xc:828633,xc_828633,2,10.95,18.32,12,10,1.0
zitcis1,xc:828633,xc_828633,3,18.65,20.38,4,10,1.0
zitcis1,xc:195732,xc_195732,0,0.02,0.07,1,6,1.0
zitcis1,xc:195732,xc_195732,1,0.15,4.89,2,6,1.0
zitcis1,xc:734272,xc_734272,1,2.59,2.73,1,8,1.0
zitcis1,xc:734272,xc_734272,2,3.41,3.55,1,8,1.0
zitcis1,xc:1011812,xc_1011812,0,0.02,2.57,1,0,1.0
zitcis1,xc:1011812,xc_1011812,1,2.66,8.57,5,0,1.0
