recording_id,ebird_species_code,n_segments,total_duration_sec
xc:464622,azwmag2,194,63.59
xc:194379,azwmag2,3,9.08
xc:790248,azwmag2,18,5.16
xc:716117,azwmag2,42,10.15
xc:720180,azwmag2,23,11.03
xc:729860,azwmag2,11,4.76
xc:820038,azwmag2,13,13.2
xc:682044,azwmag2,1,11.2
xc:911230,azwmag2,139,55.1
xc:1058393,azwmag2,24,20.3
xc:841258,azwmag2,265,133.2
xc:790250,azwmag2,3,3.6
xc:766304,azwmag2,39,7.12
xc:762197,azwmag2,47,12.61
xc:339213,azwmag2,17,10.04
xc:1016671,azwmag2,77,29.6
xc:733333,azwmag2,22,10.16
xc:712021,azwmag2,39,18.5
xc:906845,azwmag2,7,3.35
xc:784889,azwmag2,30,22.85
xc:578054,barswa,11,11.99
xc:747403,barswa,62,10.77
xc:1042324,barswa,41,7.07
xc:677842,barswa,37,16.51
xc:142731,barswa,13,45.56
xc:721365,barswa,22,47.99
xc:664990,barswa,5,25.28
xc:801549,barswa,27,11.33
xc:653439,barswa,19,14.72
xc:511682,barswa,7,17.09
xc:126103,barswa,47,7.61
xc:191008,barswa,69,20.07
xc:123035,barswa,157,119.09
xc:193495,barswa,57,9.09
xc:669362,barswa,25,6.53
xc:206071,barswa,9,6.27
xc:580258,barswa,29,14.02
xc:919230,barswa,53,18.13
xc:197400,barswa,98,34.28
xc:741685,barswa,1,0.39
ml:620881189,bkfbun2,12,8.21
ml:618704340,bkfbun2,52,21.3
ml:634320120,bkfbun2,15,33.97
ml:637612944,bkfbun2,22,19.55
ml:624172439,bkfbun2,66,3.43
ml:640507369,bkfbun2,35,84.33
ml:620266782,bkfbun2,32,8.2
ml:634079834,bkfbun2,60,19.19
ml:620266783,bkfbun2,47,14.15
ml:618203252,bkfbun2,13,13.22
ml:643676710,bkfbun2,111,112.41
ml:638925272,bkfbun2,17,4.1
ml:644573777,bkfbun2,57,6.55
ml:635667093,bkfbun2,15,4.2
ml:640988362,bkfbun2,47,13.37
ml:640507294,bkfbun2,1,8.9
ml:460115891,bkfbun2,99,24.2
ml:637812780,bkfbun2,37,13.8
ml:148116611,bkfbun2,39,11.95
ml:644010084,bkfbun2,14,6.07
xc:580794,bkhgul,85,84.17
xc:752720,bkhgul,78,38.92
xc:1065402,bkhgul,16,7.62
xc:1050112,bkhgul,3,8.97
xc:525320,bkhgul,12,9.56
xc:636478,bkhgul,5,74.28
xc:1011216,bkhgul,14,23.1
xc:984595,bkhgul,6,1.36
xc:854813,bkhgul,35,19.03
xc:484460,bkhgul,71,56.86
xc:434997,bkhgul,3,14.57
xc:539616,bkhgul,29,27.18
xc:441030,bkhgul,932,461.64
xc:943182,bkhgul,24,6.94
xc:946675,bkhgul,22,4.87
xc:655838,bkhgul,2,36.1
xc:735929,bkhgul,29,7.84
xc:615791,bkhgul,79,84.57
xc:777784,bkhgul,19,9.1
xc:94182,bkhgul,11,2.52
xc:627390,bktgul,74,48.66
xc:903942,bktgul,7,4.33
xc:1016634,bktgul,26,23.16
xc:344933,bktgul,23,6.79
xc:344932,bktgul,7,2.44
xc:464604,bktgul,209,75.56
xc:286306,bktgul,1,9.01
xc:1008519,bktgul,179,106.95
xc:266263,bktgul,14,3.69
xc:839073,bktgul,72,21.26
xc:991489,bktgul,17,2.56
xc:344913,bktgul,6,11.73
xc:1002546,bktgul,29,7.33
xc:840768,bktgul,166,109.16
xc:840767,bktgul,85,42.53
xc:255478,bktgul,1,8.09
xc:892290,bktgul,36,5.89
xc:286305,bktgul,29,28.2
xc:90299,bktgul,1,8.87
xc:787497,bktgul,3,16.83
xc:493737,blakit1,126,48.97
xc:507829,blakit1,3,3.99
xc:628280,blakit1,9,4.91
xc:1026906,blakit1,104,50.53
xc:896543,blakit1,4,1.53
xc:1016360,blakit1,3,0.87
xc:120438,blakit1,6,3.54
xc:309401,blakit1,39,74.1
xc:796458,blakit1,11,4.98
xc:994804,blakit1,7,0.71
xc:139768,blakit1,128,111.86
xc:578427,blakit1,50,29.07
xc:495129,blakit1,23,23.17
xc:896545,blakit1,1,8.3
xc:192707,blakit1,43,20.45
xc:807584,blakit1,51,8.58
xc:993943,blakit1,13,3.82
xc:994865,blakit1,58,10.42
xc:138441,blakit1,23,9.37
xc:986303,blakit1,16,4.55
xc:155867,brebul1,68,28.7
xc:551619,brebul1,22,14.01
xc:466085,brebul1,3,3.34
xc:200439,brebul1,183,101.14
xc:784921,brebul1,31,10.64
xc:193713,brebul1,1,9.46
xc:891338,brebul1,27,6.68
xc:464610,brebul1,44,25.86
xc:245971,brebul1,1,37.01
xc:915184,brebul1,12,18.01
xc:551617,brebul1,6,2.74
xc:285857,brebul1,19,10.86
xc:834175,brebul1,68,40.5
xc:578805,brebul1,44,19.63
xc:551615,brebul1,72,26.2
xc:102459,brebul1,32,13.56
xc:551620,brebul1,16,10.13
xc:206723,brebul1,29,20.74
xc:915185,brebul1,28,13.73
xc:401344,brebul1,26,9.22
xc:194695,buhshr1,1,7.74
xc:88961,buhshr1,11,3.85
xc:793926,buhshr1,14,19.25
xc:842854,buhshr1,26,31.93
xc:505447,buhshr1,7,5.75
xc:635573,buhshr1,17,3.88
xc:661928,buhshr1,13,23.61
xc:609435,buhshr1,3,16.55
xc:793918,buhshr1,45,15.98
xc:841025,buhshr1,46,6.18
xc:794803,buhshr1,20,24.94
xc:194870,buhshr1,1,10.55
xc:794952,buhshr1,12,22.82
xc:954180,buhshr1,49,10.31
xc:793925,buhshr1,18,17.25
xc:194693,buhshr1,25,8.64
xc:260142,buhshr1,42,41.08
xc:1052423,buhshr1,48,5.69
xc:782307,buhshr1,6,6.26
xc:762423,buhshr1,31,24.3
xc:134325,burthr,64,130.66
xc:1023727,burthr,104,49.52
xc:697948,burthr,17,8.26
xc:921485,burthr,7,2.48
xc:472199,burthr,174,47.95
xc:310120,burthr,115,90.88
xc:1063823,burthr,104,20.02
xc:916327,burthr,277,96.28
xc:473669,burthr,17,8.66
xc:480601,burthr,60,21.0
xc:411661,burthr,45,12.9
xc:721760,burthr,6,4.06
xc:743862,burthr,99,25.61
xc:134330,burthr,111,45.33
xc:285868,burthr,11,6.38
xc:987385,burthr,19,6.94
xc:474444,burthr,38,34.46
xc:972364,burthr,28,7.84
xc:417711,burthr,138,126.47
xc:148436,burthr,46,20.75
xc:785592,carcro1,22,15.02
xc:511980,carcro1,29,13.16
xc:688118,carcro1,26,17.91
xc:745101,carcro1,246,72.66
xc:635134,carcro1,2,3.32
xc:556994,carcro1,54,16.09
xc:411472,carcro1,11,5.12
xc:576943,carcro1,23,7.2
xc:678776,carcro1,10,2.04
xc:578870,carcro1,4,1.47
xc:936225,carcro1,15,4.7
xc:482395,carcro1,62,15.28
xc:536578,carcro1,8,3.37
xc:509842,carcro1,4,2.22
xc:1010253,carcro1,3,1.58
xc:879243,carcro1,8,4.9
xc:1079008,carcro1,6,4.61
xc:490186,carcro1,17,27.55
xc:138017,carcro1,40,97.14
xc:758902,carcro1,19,6.94
xc:1030710,cintit13,26,19.98
xc:582929,cintit13,85,52.58
xc:531958,cintit13,26,12.4
xc:319792,cintit13,27,9.53
xc:166690,cintit13,17,12.29
xc:461986,cintit13,3,4.9
xc:78429,cintit13,47,14.42
xc:781803,cintit13,48,11.42
xc:319962,cintit13,34,16.4
xc:889843,cintit13,237,49.01
xc:403411,cintit13,26,16.16
xc:625317,cintit13,8,12.26
xc:207133,cintit13,63,28.31
xc:241629,cintit13,34,13.39
xc:659309,cintit13,10,2.48
xc:400301,cintit13,28,7.26
xc:999814,cintit13,18,21.7
xc:625316,cintit13,41,35.96
xc:777400,cintit13,61,48.26
xc:105150,cintit13,17,12.22
xc:462875,comkin1,40,12.33
xc:502269,comkin1,39,7.97
xc:931189,comkin1,9,5.09
xc:800955,comkin1,39,17.16
xc:929047,comkin1,13,7.12
xc:282763,comkin1,7,1.58
xc:185682,comkin1,21,16.14
xc:466431,comkin1,23,5.38
xc:757948,comkin1,2,1.17
xc:587605,comkin1,47,17.47
xc:929192,comkin1,15,3.85
xc:544658,comkin1,15,11.93
xc:580132,comkin1,5,1.19
xc:928954,comkin1,37,21.79
xc:502961,comkin1,9,1.78
xc:118166,comkin1,27,6.99
xc:598243,comkin1,10,5.67
xc:580507,comkin1,3,0.55
xc:288219,comkin1,70,29.14
xc:529947,comkin1,9,4.9
xc:797798,compoc,21,16.81
xc:570725,compoc,4,0.77
xc:484893,compoc,17,12.09
xc:783964,compoc,65,31.52
xc:994657,compoc,34,34.46
xc:609398,compoc,12,269.16
xc:138166,compoc,4,5.2
xc:591953,compoc,2,2.13
xc:769844,compoc,34,15.04
xc:368567,compoc,8,3.32
xc:414488,compoc,25,6.5
xc:994669,compoc,2,7.75
xc:989599,compoc,21,25.74
xc:750149,compoc,8,3.31
xc:747381,compoc,16,10.23
xc:989573,compoc,3,6.15
xc:989980,compoc,9,3.4
xc:299728,compoc,96,35.08
xc:270396,compoc,8,25.47
xc:994666,compoc,1,36.49
xc:932836,comsan,0,0.0
xc:599571,comsan,7,5.52
xc:743065,comsan,20,6.31
xc:671980,comsan,38,24.61
xc:894340,comsan,8,2.43
xc:742036,comsan,2,0.41
xc:434109,comsan,1,0.52
xc:1042071,comsan,27,3.69
xc:649693,comsan,4,1.03
xc:995987,comsan,3,1.6
xc:882521,comsan,12,1.63
xc:839052,comsan,34,42.42
xc:580687,comsan,60,28.76
xc:900380,comsan,4,1.86
xc:686345,comsan,16,2.7
xc:668902,comsan,2,1.11
xc:1051594,comsan,18,6.99
xc:503479,comsan,56,27.64
xc:938711,comsan,13,3.8
xc:798178,comsan,21,37.17
xc:113350,daured1,59,24.84
xc:790686,daured1,66,18.95
xc:977650,daured1,76,7.17
xc:835735,daured1,19,16.99
xc:194873,daured1,1,38.14
xc:61977,daured1,1,14.89
xc:918844,daured1,22,57.14
xc:423316,daured1,26,10.78
xc:760656,daured1,78,49.71
xc:877986,daured1,38,20.03
xc:457952,daured1,128,61.3
xc:877985,daured1,47,55.63
xc:999956,daured1,207,207.55
xc:1052253,daured1,70,17.5
xc:438628,daured1,50,9.33
xc:438266,daured1,12,6.76
xc:807179,daured1,50,22.36
xc:760658,daured1,46,10.17
xc:481491,daured1,18,4.87
xc:718401,daured1,27,29.57
xc:811955,dusthr2,13,6.91
xc:979887,dusthr2,26,6.06
xc:696346,dusthr2,12,2.71
xc:893034,dusthr2,114,44.85
xc:708761,dusthr2,55,12.39
xc:708724,dusthr2,20,6.14
xc:438228,dusthr2,41,9.9
xc:675170,dusthr2,36,9.51
xc:676013,dusthr2,17,5.62
xc:542133,dusthr2,17,5.42
xc:393463,dusthr2,117,35.69
xc:268111,dusthr2,38,18.81
xc:675303,dusthr2,9,9.47
xc:675617,dusthr2,101,44.85
xc:674779,dusthr2,9,9.2
xc:115098,dusthr2,101,16.81
xc:727839,dusthr2,3,0.72
xc:790461,dusthr2,37,23.14
xc:985927,dusthr2,19,4.96
xc:675169,dusthr2,44,8.75
xc:357835,eurcoo,52,38.62
xc:631503,eurcoo,5,0.94
xc:902431,eurcoo,89,22.5
xc:825928,eurcoo,19,3.83
xc:551713,eurcoo,2,0.11
xc:761470,eurcoo,108,62.32
xc:1031905,eurcoo,38,7.91
xc:552993,eurcoo,1,9.87
xc:381908,eurcoo,24,13.39
xc:624808,eurcoo,36,8.08
xc:783012,eurcoo,8,1.03
xc:424005,eurcoo,107,40.71
xc:470565,eurcoo,19,8.46
xc:785980,eurcoo,1,14.8
xc:537911,eurcoo,3,0.66
xc:629958,eurcoo,4,0.86
xc:103222,eurcoo,33,3.9
xc:538451,eurcoo,5,0.57
xc:528641,eurcoo,17,1.65
xc:651221,eurcoo,42,15.13
xc:706792,eurwig,22,6.29
xc:702702,eurwig,13,2.17
xc:894419,eurwig,14,1.15
xc:706795,eurwig,12,2.94
xc:1051756,eurwig,30,7.29
xc:674817,eurwig,15,3.76
xc:615242,eurwig,4,1.76
xc:262182,eurwig,2,0.92
xc:113187,eurwig,177,144.3
xc:978866,eurwig,6,0.84
xc:266803,eurwig,230,41.79
xc:994831,eurwig,1,20.51
xc:684919,eurwig,67,13.76
xc:805037,eurwig,17,6.84
xc:558063,eurwig,4,0.19
xc:613690,eurwig,15,1.9
xc:796535,eurwig,10,0.95
xc:695704,eurwig,73,14.35
xc:484471,eurwig,14,9.41
xc:702703,eurwig,13,3.95
xc:381814,eutspa,57,8.1
xc:936174,eutspa,232,39.47
xc:185713,eutspa,164,30.87
xc:164536,eutspa,175,39.7
xc:341173,eutspa,44,12.79
xc:636987,eutspa,35,10.4
xc:168210,eutspa,40,41.47
xc:656912,eutspa,72,17.67
xc:539149,eutspa,15,2.45
xc:497883,eutspa,8,161.26
xc:629244,eutspa,71,41.58
xc:435311,eutspa,38,6.21
xc:126967,eutspa,4,129.8
xc:870762,eutspa,9,12.3
xc:147804,eutspa,22,7.78
xc:358624,eutspa,69,48.06
xc:155563,eutspa,379,174.74
xc:112694,eutspa,27,13.42
xc:167533,eutspa,125,38.24
xc:770219,eutspa,24,3.87
xc:651967,gadwal,120,60.19
xc:548049,gadwal,22,19.02
xc:963992,gadwal,18,12.68
xc:284792,gadwal,10,6.11
xc:1021736,gadwal,6,2.79
xc:210379,gadwal,5,5.14
xc:779907,gadwal,4,2.19
xc:1021727,gadwal,43,35.98
xc:539308,gadwal,46,32.35
xc:595438,gadwal,48,43.45
xc:1048306,gadwal,5,0.99
xc:883856,gadwal,16,18.35
xc:526342,gadwal,1,4.41
xc:622760,gadwal,77,9.64
xc:424359,gadwal,1,9.92
xc:359036,gadwal,6,7.83
xc:1021731,gadwal,1,17.38
xc:707600,gadwal,21,3.23
xc:357526,gadwal,139,54.92
xc:1021729,gadwal,76,24.28
xc:977018,gnwtea,1,2.98
xc:533237,gnwtea,108,25.04
xc:280945,gnwtea,42,23.91
xc:774518,gnwtea,1,10.95
xc:309109,gnwtea,30,17.04
xc:668181,gnwtea,6,2.01
xc:1068699,gnwtea,252,45.48
xc:625907,gnwtea,0,0.0
xc:1025891,gnwtea,21,3.13
xc:365480,gnwtea,89,18.91
xc:717727,gnwtea,6,1.94
xc:999210,gnwtea,1,22.88
xc:653711,gnwtea,21,7.06
xc:1009913,gnwtea,30,4.63
xc:871356,gnwtea,8,1.24
xc:641380,gnwtea,31,5.3
xc:838829,gnwtea,33,4.33
xc:787239,gnwtea,81,13.7
xc:35591,gnwtea,23,6.45
xc:694739,gnwtea,5,23.92
xc:941740,graher1,14,1.87
xc:1027522,graher1,2,0.34
xc:988147,graher1,1,8.55
xc:760232,graher1,10,2.77
xc:781315,graher1,31,6.27
xc:702251,graher1,14,1.9
xc:196217,graher1,46,10.18
xc:717824,graher1,3,1.71
xc:831392,graher1,43,13.65
xc:738682,graher1,39,14.67
xc:927615,graher1,9,2.74
xc:957951,graher1,52,17.12
xc:636469,graher1,34,39.25
xc:801934,graher1,47,18.98
xc:761218,graher1,2,0.88
xc:782720,graher1,21,7.13
xc:988150,graher1,1,14.43
xc:601001,graher1,14,7.37
xc:77956,graher1,3,0.5
xc:937807,graher1,19,4.01
xc:473226,grcgre1,7,5.33
xc:252268,grcgre1,17,16.4
xc:636568,grcgre1,45,29.12
xc:462953,grcgre1,16,2.39
xc:897021,grcgre1,11,5.27
xc:355311,grcgre1,11,1.86
xc:147184,grcgre1,65,14.84
xc:577005,grcgre1,5,2.31
xc:1006363,grcgre1,19,5.25
xc:374172,grcgre1,12,7.1
xc:1001305,grcgre1,29,9.54
xc:138169,grcgre1,24,16.34
xc:655643,grcgre1,51,24.94
xc:579195,grcgre1,229,40.83
xc:592110,grcgre1,40,24.37
xc:386365,grcgre1,6,36.82
xc:363743,grcgre1,89,41.3
xc:662840,grcgre1,15,4.45
xc:642506,grcgre1,52,15.89
xc:1033544,grcgre1,23,1.91
xc:839104,grecor,3,4.18
xc:987714,grecor,2,28.36
xc:448710,grecor,1,13.45
xc:308865,grecor,202,94.8
xc:372106,grecor,192,100.7
xc:773824,grecor,13,4.41
xc:626272,grecor,16,36.22
xc:518940,grecor,6,16.82
xc:972495,grecor,1,10.01
xc:987722,grecor,25,5.36
xc:722335,grecor,34,25.44
xc:625356,grecor,135,61.03
xc:214292,grecor,147,167.37
xc:828977,grecor,37,9.52
xc:280958,grecor,1,60.7
xc:309573,grecor,2,30.4
xc:726669,grecor,7,7.81
xc:930052,grecor,8,45.91
xc:447821,grecor,17,6.38
xc:90633,grecor,42,31.33
xc:561777,greegr,9,2.81
xc:161280,greegr,155,93.76
xc:454182,greegr,17,15.12
xc:1005363,greegr,13,6.78
xc:285219,greegr,12,8.55
xc:627082,greegr,10,10.56
xc:297388,greegr,20,4.02
xc:705410,greegr,22,9.33
xc:678001,greegr,5,0.33
xc:196155,greegr,68,122.32
xc:794544,greegr,16,3.62
xc:116543,greegr,6,0.99
xc:44035,greegr,10,3.85
xc:44629,greegr,6,4.84
xc:357715,greegr,8,6.91
xc:1049634,greegr,5,2.17
xc:1069511,greegr,8,1.18
xc:1074501,greegr,6,9.09
xc:758130,greegr,5,6.72
xc:1034339,greegr,15,3.41
xc:386848,grywag,16,4.08
xc:432286,grywag,45,40.57
xc:485891,grywag,17,5.07
xc:324350,grywag,4,39.59
xc:767548,grywag,29,11.65
xc:711977,grywag,5,19.22
xc:864014,grywag,4,2.9
xc:324349,grywag,5,67.77
xc:592132,grywag,3,0.5
xc:783762,grywag,12,2.04
xc:388636,grywag,15,3.67
xc:696159,grywag,35,19.19
xc:722424,grywag,41,10.51
xc:608016,grywag,35,11.27
xc:78168,grywag,16,6.01
xc:27018,grywag,14,86.91
xc:724109,grywag,26,15.52
xc:797914,grywag,15,8.3
xc:507377,grywag,164,29.4
xc:695870,grywag,3,6.97
xc:285821,jabwar,20,10.65
xc:697521,jabwar,9,4.36
xc:410204,jabwar,2,0.93
xc:27362,jabwar,33,11.1
xc:34404,jabwar,25,13.68
xc:155854,jabwar,50,15.58
xc:285699,jabwar,16,54.56
xc:286125,jabwar,38,13.75
xc:581688,jabwar,140,46.11
xc:1069473,jabwar,31,13.76
xc:285848,jabwar,76,39.35
xc:191203,jabwar,117,19.29
xc:385100,jabwar,115,33.13
xc:191038,jabwar,65,37.44
xc:191037,jabwar,66,65.54
xc:992374,jabwar,18,5.27
xc:329587,jabwar,78,20.73
xc:309570,jabwar,19,5.69
xc:486788,jabwar,64,35.23
xc:191195,jabwar,64,26.43
xc:294783,japwag1,1,1.02
xc:527476,japwag1,8,4.11
xc:841046,japwag1,7,26.76
xc:532311,japwag1,7,2.47
xc:704676,japwag1,24,6.44
xc:454869,japwag1,33,29.41
xc:176437,japwag1,52,12.2
xc:841047,japwag1,22,37.92
xc:89513,japwag1,10,18.68
xc:704677,japwag1,51,11.01
ml:160012331,japwag1,44,6.87
ml:648118383,japwag1,55,8.86
inat:121419,japwag1,34,10.86
ml:611293787,japwag1,51,27.11
ml:170805251,japwag1,94,20.91
ml:620086200,japwag1,64,13.72
ml:640402579,japwag1,23,3.16
ml:640256369,japwag1,23,19.49
ml:203968901,japwag1,33,29.41
ml:646279463,japwag1,10,31.5
xc:811530,labcro1,22,30.34
xc:824065,labcro1,96,54.96
xc:350538,labcro1,13,13.37
xc:307471,labcro1,10,4.78
xc:811821,labcro1,166,43.72
xc:446405,labcro1,71,45.24
xc:986610,labcro1,8,3.82
xc:811532,labcro1,10,5.37
xc:603876,labcro1,4,3.02
xc:286155,labcro1,3,8.5
xc:623827,labcro1,7,1.81
xc:81350,labcro1,6,2.55
xc:890153,labcro1,9,2.14
xc:133745,labcro1,221,56.63
xc:344448,labcro1,17,5.42
xc:285993,labcro1,46,13.8
xc:915206,labcro1,15,20.81
xc:309572,labcro1,38,12.06
xc:212126,labcro1,28,10.6
xc:68019,labcro1,83,34.0
xc:481452,litegr,7,2.74
xc:779145,litegr,22,6.83
xc:333966,litegr,73,18.6
xc:748297,litegr,27,5.81
xc:333874,litegr,43,11.11
xc:331548,litegr,427,176.46
xc:767199,litegr,40,14.62
xc:683079,litegr,11,2.88
xc:710201,litegr,22,29.83
xc:696314,litegr,1,15.85
xc:555825,litegr,13,4.33
xc:1041758,litegr,6,1.57
xc:795658,litegr,75,18.51
xc:365090,litegr,1,4.24
xc:956994,litegr,213,33.23
xc:774258,litegr,7,2.21
xc:642416,litegr,11,3.4
xc:1047895,litegr,14,4.02
xc:372947,litegr,17,16.96
xc:407045,litegr,5,1.23
xc:804879,litgre1,4,1.46
xc:900716,litgre1,4,0.19
xc:380340,litgre1,55,11.93
xc:827756,litgre1,3,2.01
xc:923292,litgre1,1,0.28
xc:546375,litgre1,5,0.28
xc:634993,litgre1,2,1.79
xc:712583,litgre1,39,14.33
xc:314911,litgre1,29,26.35
xc:484292,litgre1,16,7.53
xc:723740,litgre1,2,9.15
xc:534650,litgre1,2,3.53
xc:36827,litgre1,5,18.57
xc:806226,litgre1,14,10.97
xc:606864,litgre1,9,1.83
xc:596755,litgre1,3,4.26
xc:687079,litgre1,23,4.98
xc:947545,litgre1,9,9.95
xc:1022129,litgre1,5,9.53
xc:483193,litgre1,3,0.69
xc:463643,lottit1,47,37.69
xc:354434,lottit1,59,11.0
xc:759683,lottit1,149,39.93
xc:708449,lottit1,107,26.9
xc:502966,lottit1,19,5.78
xc:1073133,lottit1,39,6.69
xc:688593,lottit1,20,2.82
xc:462475,lottit1,349,125.15
xc:217401,lottit1,302,49.11
xc:294830,lottit1,26,8.77
xc:488618,lottit1,18,60.39
xc:46758,lottit1,139,16.39
xc:611217,lottit1,64,12.68
xc:486174,lottit1,130,42.02
xc:499649,lottit1,389,73.56
xc:339919,lottit1,16,6.34
xc:530279,lottit1,149,35.6
xc:424195,lottit1,264,162.56
xc:503776,lottit1,106,78.71
xc:748765,lottit1,64,37.7
xc:846028,mallar3,22,4.94
xc:779764,mallar3,9,6.14
xc:630299,mallar3,6,3.76
xc:879568,mallar3,10,6.05
xc:631555,mallar3,19,11.73
xc:541823,mallar3,8,13.13
xc:676710,mallar3,85,13.69
xc:534648,mallar3,24,29.46
xc:354680,mallar3,20,4.04
xc:718815,mallar3,2,3.3
xc:1024361,mallar3,65,14.27
xc:170676,mallar3,26,11.41
xc:601278,mallar3,19,9.61
xc:573929,mallar3,20,5.6
xc:308994,mallar3,5,5.06
xc:396538,mallar3,694,411.27
xc:845103,mallar3,2,4.25
xc:791925,mallar3,7,3.03
xc:710910,mallar3,14,6.32
xc:459668,mallar3,82,35.35
xc:23968,meabun1,64,27.03
xc:491232,meabun1,26,7.79
xc:1018429,meabun1,78,27.93
xc:282181,meabun1,13,7.07
xc:626398,meabun1,31,6.32
xc:94559,meabun1,42,10.25
xc:915212,meabun1,62,38.54
xc:992954,meabun1,58,22.54
xc:491231,meabun1,53,12.48
xc:906318,meabun1,115,24.58
xc:824054,meabun1,29,11.33
xc:155678,meabun1,35,9.28
xc:992953,meabun1,55,19.07
xc:464651,meabun1,114,42.92
xc:285653,meabun1,24,4.88
xc:414492,meabun1,64,14.59
xc:491979,meabun1,25,22.06
xc:1024146,meabun1,286,147.41
xc:459118,meabun1,6,3.45
xc:172704,meabun1,105,71.28
xc:733153,norpin,48,8.08
xc:972654,norpin,26,28.43
xc:971856,norpin,9,10.95
xc:615278,norpin,2,9.77
xc:463194,norpin,1,5.17
xc:844735,norpin,39,6.9
xc:617386,norpin,33,19.24
xc:718504,norpin,1,3.47
xc:713287,norpin,1,0.14
xc:715211,norpin,5,18.37
xc:432258,norpin,50,23.04
xc:616572,norpin,106,27.6
xc:979494,norpin,11,2.35
xc:640792,norpin,21,7.98
xc:984329,norpin,49,18.28
xc:129047,norpin,28,8.02
xc:880897,norpin,35,11.16
xc:113186,norpin,35,23.22
xc:614451,norpin,177,57.95
xc:381982,norpin,29,6.88
xc:974364,norsho,5,0.26
xc:712354,norsho,9,3.0
xc:501879,norsho,200,62.31
xc:617375,norsho,124,35.5
xc:586812,norsho,6,5.03
xc:683730,norsho,54,20.9
xc:617376,norsho,6,9.85
xc:190730,norsho,8,1.39
xc:479841,norsho,23,9.89
xc:448754,norsho,36,3.7
xc:540953,norsho,24,3.92
xc:644498,norsho,5,1.37
xc:1020442,norsho,106,48.98
xc:1012765,norsho,18,7.45
xc:706887,norsho,62,113.43
xc:1077690,norsho,13,8.95
xc:692984,norsho,33,7.59
xc:800553,norsho,20,2.89
xc:612076,norsho,72,20.27
xc:800991,norsho,22,18.61
xc:286288,origre,6,6.1
xc:992580,origre,222,67.98
xc:451340,origre,71,19.28
xc:285949,origre,53,34.19
xc:872882,origre,24,19.01
xc:268302,origre,96,13.64
xc:872884,origre,35,21.2
xc:733017,origre,75,30.77
xc:974852,origre,32,6.84
xc:464663,origre,33,9.18
xc:838773,origre,75,22.8
xc:769566,origre,6,0.59
xc:974850,origre,83,12.6
xc:401718,origre,38,7.79
xc:727349,origre,7,13.74
xc:733024,origre,114,34.88
xc:1006008,origre,54,14.84
xc:294777,origre,25,2.12
xc:805987,origre,33,6.26
xc:762173,origre,97,19.92
xc:473070,ortdov,27,12.1
xc:751150,ortdov,110,18.54
xc:955876,ortdov,11,13.24
xc:657028,ortdov,62,12.13
xc:327475,ortdov,87,59.97
xc:589138,ortdov,6,10.82
xc:1009283,ortdov,102,35.46
xc:1015969,ortdov,18,12.21
xc:872831,ortdov,21,7.11
xc:286093,ortdov,18,23.92
xc:473071,ortdov,33,12.85
xc:875245,ortdov,24,9.37
xc:787976,ortdov,25,59.26
xc:844594,ortdov,13,5.8
xc:875246,ortdov,20,10.85
xc:872802,ortdov,31,17.15
xc:723155,ortdov,16,6.74
xc:655377,ortdov,40,15.2
xc:618817,ortdov,26,6.25
xc:428975,ortdov,58,25.04
xc:511013,osprey,70,24.69
xc:465294,osprey,74,23.04
xc:694232,osprey,47,8.2
xc:272312,osprey,96,36.85
xc:588910,osprey,66,48.16
xc:592797,osprey,9,2.65
xc:333145,osprey,70,26.26
xc:118482,osprey,46,21.27
xc:805450,osprey,20,3.91
xc:466216,osprey,14,9.27
xc:664256,osprey,68,23.81
xc:466220,osprey,38,11.62
xc:174764,osprey,87,52.15
xc:796760,osprey,4,4.82
xc:900336,osprey,42,5.14
xc:18375,osprey,21,54.93
xc:318235,osprey,1,18.78
xc:588905,osprey,33,17.83
xc:166110,osprey,76,195.27
xc:915827,osprey,16,6.22
xc:758275,palthr1,26,5.18
xc:772404,palthr1,14,8.86
xc:707803,palthr1,143,70.47
xc:652386,palthr1,127,38.02
xc:780155,palthr1,4,6.86
xc:843240,palthr1,38,38.12
xc:988531,palthr1,26,22.65
xc:972443,palthr1,9,2.08
xc:988532,palthr1,25,21.2
xc:637017,palthr1,83,23.33
xc:879574,palthr1,6,1.54
xc:761447,palthr1,1,0.19
xc:893999,palthr1,31,13.34
xc:757103,palthr1,27,2.99
xc:857164,palthr1,1,0.4
xc:841464,palthr1,27,84.07
xc:759486,palthr1,9,0.87
xc:878403,palthr1,80,79.98
xc:99374,palthr1,11,30.45
xc:758851,palthr1,9,2.09
xc:191044,pygwoo1,1,1.54
xc:267398,pygwoo1,101,28.6
xc:285634,pygwoo1,10,1.55
xc:267395,pygwoo1,7,3.75
xc:285907,pygwoo1,11,9.37
xc:797112,pygwoo1,23,8.4
xc:194382,pygwoo1,1,22.55
xc:155674,pygwoo1,35,4.31
xc:858022,pygwoo1,13,1.47
xc:841033,pygwoo1,10,3.5
xc:267394,pygwoo1,267,105.05
xc:267412,pygwoo1,36,7.71
xc:1016398,pygwoo1,8,1.79
xc:267415,pygwoo1,111,26.77
xc:797722,pygwoo1,50,5.98
xc:804650,pygwoo1,120,32.68
xc:655375,pygwoo1,19,3.71
xc:155862,pygwoo1,69,33.2
xc:285870,pygwoo1,230,220.97
xc:797723,pygwoo1,28,6.5
xc:349161,rocpig,36,16.68
xc:269761,rocpig,47,28.74
xc:488175,rocpig,27,24.87
xc:621266,rocpig,31,46.62
xc:380349,rocpig,21,10.6
xc:825052,rocpig,46,13.89
xc:315410,rocpig,9,3.23
xc:486873,rocpig,33,16.27
xc:348079,rocpig,7,3.42
xc:266224,rocpig,21,8.75
xc:48676,rocpig,12,11.07
xc:706902,rocpig,144,74.8
xc:169211,rocpig,66,17.34
xc:569664,rocpig,11,4.76
xc:1046372,rocpig,4,0.55
xc:796913,rocpig,101,36.57
xc:51716,rocpig,24,15.73
xc:645563,rocpig,258,180.68
xc:1023563,rocpig,48,18.84
xc:121680,rocpig,82,21.71
xc:949909,skylar,23,10.84
xc:975229,skylar,38,117.04
xc:180733,skylar,18,78.02
xc:627311,skylar,79,172.88
xc:704675,skylar,13,13.4
xc:287131,skylar,4,15.61
xc:431443,skylar,1,0.16
xc:917689,skylar,11,103.5
xc:737688,skylar,9,42.23
xc:607294,skylar,6,15.45
xc:933082,skylar,75,59.17
xc:797675,skylar,3,0.59
xc:583693,skylar,23,44.67
xc:395043,skylar,152,195.04
xc:288761,skylar,3,67.88
xc:812075,skylar,7,23.47
xc:138228,skylar,45,17.42
xc:439200,skylar,77,49.34
xc:35949,skylar,3,45.7
xc:718610,skylar,73,111.19
xc:803917,spbduc,34,11.23
xc:992583,spbduc,200,37.99
xc:920581,spbduc,62,8.04
xc:266814,spbduc,10,3.59
xc:414277,spbduc,144,88.23
xc:414280,spbduc,94,74.25
xc:266815,spbduc,54,15.94
xc:858061,spbduc,18,70.68
xc:266817,spbduc,8,1.81
xc:835962,spbduc,14,24.49
xc:858060,spbduc,10,82.11
xc:266818,spbduc,17,3.88
xc:21569,spbduc,14,3.57
xc:842810,spbduc,22,5.83
xc:841268,spbduc,143,25.59
xc:581286,spbduc,17,8.82
xc:858062,spbduc,24,12.08
xc:286056,spbduc,3,10.01
xc:854546,spbduc,123,31.5
xc:266813,spbduc,50,10.61
xc:280915,tufduc,1,23.93
xc:76445,tufduc,4,8.04
xc:792843,tufduc,30,12.38
xc:488129,tufduc,4,1.17
xc:810555,tufduc,34,12.21
xc:996042,tufduc,24,5.21
xc:538154,tufduc,13,15.55
xc:417298,tufduc,20,8.51
xc:243766,tufduc,5,9.2
xc:763788,tufduc,5,18.24
xc:587228,tufduc,52,31.4
xc:706888,tufduc,7,42.34
xc:468384,tufduc,14,36.98
xc:992786,tufduc,121,23.72
xc:487847,tufduc,272,78.62
xc:488130,tufduc,3,1.37
xc:530275,tufduc,23,28.39
xc:796658,tufduc,29,6.59
xc:632557,tufduc,151,32.68
xc:488112,tufduc,4384,988.38
xc:882175,vartit1,127,28.06
xc:998735,vartit1,46,24.76
xc:790852,vartit1,16,19.29
xc:871190,vartit1,107,54.28
xc:843770,vartit1,29,17.45
xc:49797,vartit1,44,21.09
xc:856683,vartit1,40,18.24
xc:194395,vartit1,29,17.27
xc:890241,vartit1,16,2.42
xc:856671,vartit1,105,25.01
xc:578821,vartit1,29,14.37
xc:841031,vartit1,8,5.59
xc:266117,vartit1,9,7.02
xc:841029,vartit1,14,7.09
xc:202775,vartit1,28,14.56
xc:641399,vartit1,64,38.76
xc:175791,vartit1,15,46.08
xc:332820,vartit1,30,44.35
xc:414992,vartit1,93,47.87
xc:724706,vartit1,41,15.08
xc:69779,warwhe1,17,10.79
xc:155881,warwhe1,96,48.93
xc:617434,warwhe1,185,98.52
xc:219961,warwhe1,82,39.62
xc:287972,warwhe1,95,67.43
xc:911176,warwhe1,319,605.06
xc:208165,warwhe1,1,15.53
xc:69778,warwhe1,80,50.08
xc:192982,warwhe1,103,19.71
xc:194291,warwhe1,26,13.13
xc:285915,warwhe1,62,24.42
xc:164815,warwhe1,51,19.98
xc:915201,warwhe1,47,20.14
xc:806913,warwhe1,482,537.68
xc:823077,warwhe1,14,32.35
xc:69777,warwhe1,9,5.57
xc:911225,warwhe1,21,79.16
xc:617441,warwhe1,63,10.69
xc:79215,warwhe1,22,4.82
xc:292566,warwhe1,24,16.57
xc:790703,whcsta1,260,91.3
xc:333014,whcsta1,63,16.0
xc:574136,whcsta1,29,8.25
xc:824056,whcsta1,35,13.16
xc:810042,whcsta1,9,1.02
xc:882612,whcsta1,117,38.92
xc:809875,whcsta1,269,50.47
xc:146051,whcsta1,144,28.97
xc:920580,whcsta1,19,5.77
xc:267611,whcsta1,26,10.24
xc:820836,whcsta1,7,0.84
xc:840780,whcsta1,100,33.38
xc:392765,whcsta1,23,24.65
xc:858065,whcsta1,14,15.86
xc:1027907,whcsta1,23,29.78
xc:915153,whcsta1,23,6.72
xc:915079,whcsta1,6,2.12
xc:712165,whcsta1,6,2.09
xc:779382,whcsta1,10,1.7
xc:113529,whcsta1,32,22.54
xc:212874,whiwag,28,13.08
xc:332116,whiwag,18,6.84
xc:944139,whiwag,55,11.9
xc:201954,whiwag,23,9.37
xc:617835,whiwag,10,2.4
xc:187183,whiwag,30,9.36
xc:753781,whiwag,2,0.65
xc:63088,whiwag,9,1.66
xc:67298,whiwag,160,26.23
xc:297867,whiwag,128,44.55
xc:458681,whiwag,113,61.94
xc:487300,whiwag,23,5.39
xc:665137,whiwag,17,7.06
xc:728228,whiwag,143,40.0
xc:552985,whiwag,9,3.18
xc:879928,whiwag,34,13.31
xc:759533,whiwag,16,4.35
xc:731463,whiwag,50,37.47
xc:861059,whiwag,217,228.9
xc:479290,whiwag,8,2.57
xc:476911,zitcis1,111,25.53
xc:753226,zitcis1,156,22.66
xc:301756,zitcis1,59,20.16
xc:359154,zitcis1,17,13.4
xc:1011812,zitcis1,23,31.06
xc:828633,zitcis1,70,21.9
xc:474374,zitcis1,12,1.23
xc:337541,zitcis1,132,19.2
xc:1027807,zitcis1,48,7.63
xc:195732,zitcis1,18,25.72
xc:714232,zitcis1,1,4.35
xc:1060751,zitcis1,2,0.12
xc:617351,zitcis1,1,13.11
xc:963907,zitcis1,21,19.74
xc:793914,zitcis1,11,1.25
xc:644123,zitcis1,69,23.18
xc:906062,zitcis1,30,5.66
xc:776863,zitcis1,31,5.69
xc:734272,zitcis1,12,2.1
xc:378257,zitcis1,2,8.41
