priority_rank,ebird_species_code,scientific_name,japanese_name,frequency_annual_mean,total_recordings
1,brebul1,Hypsipetes amaurotis,ヒヨドリ,0.5111802770833331,593
2,eutspa,Passer montanus,スズメ,0.4390073104166666,3378
3,labcro1,Corvus macrorhynchos,ハシブトガラス,0.4204953458333333,651
4,carcro1,Corvus corone,ハシボソガラス,0.3382326020833334,4052
5,ortdov,Streptopelia orientalis,キジバト,0.33818809375,133
6,cintit13,Parus cinereus,シジュウカラ,0.332087725,462
7,spbduc,Anas zonorhyncha,カルガモ,0.3241578812500001,245
8,whiwag,Motacilla alba,ハクセキレイ,0.3175390270833333,2710
9,graher1,Ardea cinerea,アオサギ,0.3086966166666666,2372
10,grecor,Phalacrocorax carbo,カワウ,0.2743359541666666,325
11,rocpig,Columba livia,カワラバト（ドバト）,0.2621471625,732
12,whcsta1,Spodiopsar cineraceus,ムクドリ,0.2557513145833333,108
13,warwhe1,Zosterops japonicus,メジロ,0.2396650166666667,346
14,blakit1,Milvus migrans,トビ,0.2051017791666667,548
15,greegr,Ardea alba,ダイサギ,0.2039064625,519
16,origre,Chloris sinica,カワラヒワ,0.1929800979166667,164
17,jabwar,Horornis diphone,ウグイス,0.1887084812499999,672
18,litegr,Egretta garzetta,コサギ,0.1864429416666666,659
19,barswa,Hirundo rustica,ツバメ,0.1771617375,3850
20,pygwoo1,Yungipicus kizuki,コゲラ,0.16300080625,217
21,eurcoo,Fulica atra,オオバン,0.1619053083333333,3386
22,mallar3,Anas platyrhynchos,マガモ,0.15625033125,2859
23,litgre1,Tachybaptus ruficollis,カイツブリ,0.1483314604166666,1955
24,gnwtea,Anas crecca,コガモ,0.1443662083333333,1399
25,buhshr1,Lanius bucephalus,モズ,0.1374919124999999,211
26,comkin1,Alcedo atthis,カワセミ,0.1264644312499999,1464
27,dusthr2,Turdus eunomus,ツグミ,0.12468135,100
28,eurwig,Mareca penelope,ヒドリガモ,0.1201405270833333,1053
29,vartit1,Sittiparus varius,ヤマガラ,0.11820464375,142
30,japwag1,Motacilla grandis,セグロセキレイ,0.1177762083333333,116
31,meabun1,Emberiza cioides,ホオジロ,0.1151743333333333,188
32,lottit1,Aegithalos caudatus,エナガ,0.1056356833333333,4644
33,bkfbun2,Emberiza personata,アオジ,0.10041285,167
34,daured1,Phoenicurus auroreus,ジョウビタキ,0.0964737416666666,182
35,comsan,Actitis hypoleucos,イソシギ,0.08723135625,2397
36,burthr,Monticola solitarius,イソヒヨドリ,0.0867343770833333,332
37,grywag,Motacilla cinerea,キセキレイ,0.07836755,1377
38,tufduc,Aythya fuligula,キンクロハジロ,0.0763023208333333,300
39,bktgul,Larus crassirostris,ウミネコ,0.0730928875,107
40,compoc,Aythya ferina,ホシハジロ,0.0694781958333333,169
41,palthr1,Turdus pallidus,シロハラ,0.0633446708333333,185
42,norsho,Spatula clypeata,ハシビロガモ,0.0608121541666666,315
43,norpin,Anas acuta,オナガガモ,0.0594276354166666,298
44,osprey,Pandion haliaetus,ミサゴ,0.0588428124999999,1625
45,skylar,Alauda arvensis,ヒバリ,0.058493975,6907
46,grcgre1,Podiceps cristatus,カンムリカイツブリ,0.0579243958333333,587
47,gadwal,Mareca strepera,オカヨシガモ,0.0506056854166666,780
48,azwmag2,Cyanopica cyanus,オナガ,0.0482854812499999,308
49,bkhgul,Chroicocephalus ridibundus,ユリカモメ,0.0476338979166666,2092
50,zitcis1,Cisticola juncidis,セッカ,0.0454060791666666,1749
51,commoo3,Gallinula chloropus,バン,0.0451080583333333,3157
52,grswoo,Dendrocopos major,アカゲラ,0.0443528458333333,6855
53,combuz6,Buteo japonicus,ノスリ,0.0431228458333333,56
54,slbgul,Larus schistisagus,オオセグロカモメ,0.0410551291666666,58
55,melthr,Garrulax canorus,ガビチョウ,0.0406959124999999,355
56,lirplo,Charadrius dubius,コチドリ,0.0396682479166666,1333
57,narfly2,Ficedula narcissina,キビタキ,0.0394408854166666,140
58,coatit2,Periparus ater,ヒガラ,0.0393377604166666,5721
59,gresca,Aythya marila,スズガモ,0.0378584499999999,73
60,eurjay1,Garrulus glandarius,カケス,0.0370225270833333,5080
61,hawfin,Coccothraustes coccothraustes,シメ,0.0360133687499999,2820
62,rinphe2,Phasianus versicolor,キジ,0.0350995,58
63,eurnut2,Sitta europaea,ゴジュウカラ,0.0339396166666666,7458
64,bcnher,Nycticorax nycticorax,ゴイサギ,0.0331261874999999,1706
65,ashmar1,Delichon dasypus,イワツバメ,0.0297364374999999,224
66,japwoo1,Picus awokera,アオゲラ,0.0295078229166666,107
67,orrwar1,Acrocephalus orientalis,オオヨシキリ,0.0294984666666666,424
68,eurkes,Falco tinnunculus,チョウゲンボウ,0.0282455437499999,1520
69,gyttat1,Tringa brevipes,キアシシギ,0.0245324416666666,275
70,amepip,Anthus rubescens,タヒバリ,0.02427155,417
71,martit2,Poecile palustris,ハシブトガラ,0.0241734854166666,3521
72,chbpar3,Bambusicola thoracicus,コジュケイ,0.0236241083333333,348
73,japgro1,Eophona personata,イカル,0.0234761,139
74,commer,Mergus merganser,カワアイサ,0.0226057645833333,255
75,reebun,Emberiza schoeniclus,オオジュリン,0.0214304958333333,2745
76,refblu1,Tarsiger cyanurus,ルリビタキ,0.0213269458333333,371
77,norgos1,Accipiter gentilis,オオタカ,0.0212579395833333,975
78,rusbun,Emberiza rustica,カシラダカ,0.0210963604166666,390
79,comsni,Gallinago gallinago,タシギ,0.0209141395833333,2985
80,winwre4,Troglodytes troglodytes,ミソサザイ,0.0207088083333333,39826
81,eacwar1,Phylloscopus coronatus,センダイムシクイ,0.0206737479166666,218
82,veggul1,Larus vegae,セグロカモメ,0.0205009416666666,94
83,comgre,Tringa nebularia,アオアシシギ,0.02046535,1587
84,stonec7,Saxicola stejnegeri,ノビタキ,0.0198726416666666,102
85,whteag,Haliaeetus albicilla,オジロワシ,0.0197199125,311
86,brambl,Fringilla montifringilla,アトリ,0.0195180333333333,1385
87,rorpar,Psittacula krameri,ホンセイインコ,0.0194952166666666,2060
88,wiltit1,Poecile montanus,コガラ,0.0194784854166666,2493
89,brhthr1,Turdus chrysolaus,アカハラ,0.0193196270833333,182
90,rebmer,Mergus serrator,ウミアイサ,0.0191404791666666,202
91,dunlin,Calidris alpina,ハマシギ,0.0189660875,1306
92,livbul1,Pycnonotus sinensis,シロガシラ,0.0188369916666666,997
93,lotros1,Carpodacus sibiricus,ベニマシコ,0.0184055520833333,152
94,perfal,Falco peregrinus,ハヤブサ,0.0182205666666666,1098
95,eurspa1,Accipiter nisus,ハイタカ,0.01785335,553
96,bawfly2,Cyanoptila cyanomelana,オオルリ,0.0176446624999999,111
97,asbfly,Muscicapa dauurica,コサメビタキ,0.0173663604166666,189
98,lobplo1,Charadrius placidus,イカルチドリ,0.01724380625,82
99,kenplo1,Charadrius alexandrinus,シロチドリ,0.0168455208333333,382
100,pacswa5,Hirundo tahitica,リュウキュウツバメ,0.0165652749999999,89
101,whoswa,Cygnus cygnus,オオハクチョウ,0.0163947583333333,1106
102,lescuc1,Cuculus poliocephalus,ホトトギス,0.01613534375,192
103,rensti,Calidris ruficollis,トウネン,0.0159031187499999,102
104,eargre,Podiceps nigricollis,ハジロカイツブリ,0.0157099104166666,115
105,gyhlap1,Vanellus cinereus,ケリ,0.0156847479166666,158
106,manduc,Aix galericulata,オシドリ,0.0154420416666666,174
107,y00621,Cecropis daurica,コシアカツバメ,0.015312425,342
108,bkwsti,Himantopus himantopus,セイタカシギ,0.0148311395833333,1453
109,gyfbuz1,Butastur indicus,サシバ,0.0144287416666666,76
110,comgol,Bucephala clangula,ホオジロガモ,0.0142789770833333,379
111,whbpig1,Treron sieboldii,アオバト,0.01408510625,168
112,olbpip,Anthus hodgsoni,ビンズイ,0.01382210625,778
113,whimbr,Numenius phaeopus,チュウシャクシギ,0.0133348270833333,1536
114,lessap2,Charadrius mongolus,メダイチドリ,0.013329525,111
115,bkbplo,Pluvialis squatarola,ダイゼン,0.0132521437499999,874
116,comcuc,Cuculus canorus,カッコウ,0.0130185770833333,6799
117,categr2,Bubulcus ibis,アマサギ,0.0126751749999999,361
118,reblei,Leiothrix lutea,ソウシチョウ,0.01236008125,151
119,brodip1,Cinclus pallasii,カワガラス,0.0120944583333333,128
120,pagplo,Pluvialis fulva,ムナグロ,0.0120525729166666,202
121,harduc,Histrionicus histrionicus,シノリガモ,0.0119843875,133
122,chebun2,Emberiza fucata,ホオアカ,0.0117503666666666,137
123,japthr1,Turdus cardis,クロツグミ,0.0116625708333333,222
124,ryumin1,Pericrocotus tegimae,リュウキュウサンショウクイ,0.0115795479166666,100
125,litter1,Sternula albifrons,コアジサシ,0.0112059020833333,472
126,fotswi,Apus pacificus,アマツバメ,0.0110544020833333,111
127,asistu1,Urosphena squameiceps,ヤブサメ,0.0109076875,161
128,oricuc2,Cuculus optatus,ツツドリ,0.0106651124999999,377
129,mewgul,Larus canus,カモメ,0.0105083145833333,805
130,rudtur,Arenaria interpres,キョウジョシギ,0.0103638145833333,550
131,woosan,Tringa glareola,タカブシギ,0.0103602291666666,1186
132,goldcr1,Regulus regulus,キクイタダキ,0.0102763854166666,8331
133,grnsan,Tringa ochropus,クサシギ,0.0101916874999999,1974
134,blksco2,Melanitta americana,クロガモ,0.0099786166666666,386
135,mutswa,Cygnus olor,コブハクチョウ,0.0097135854166666,990
136,ashmin1,Pericrocotus divaricatus,サンショウクイ,0.0095876458333333,303
137,eursis,Spinus spinus,マヒワ,0.00943134375,7641
138,euroys1,Haematopus ostralegus,ミヤコドリ,0.0094309187499999,1830
139,eurbul,Pyrrhula pyrrhula,ウソ,0.0094175645833333,3154
140,tersan,Xenus cinereus,ソリハシシギ,0.0093575416666666,185
141,sander,Calidris alba,ミユビシギ,0.0089233208333333,315
142,reccra1,Grus japonensis,タンチョウ,0.0088839999999999,117
143,houswi1,Apus nipalensis,ヒメアマツバメ,0.0088245479166666,273
144,japspa1,Accipiter gularis,ツミ,0.0086607208333333,50
145,norlap,Vanellus vanellus,タゲリ,0.0086326458333333,2841
146,whbwoo1,Dendrocopos leucotos,オオアカゲラ,0.0086309770833333,651
147,russpa2,Passer cinnamomeus,ニュウナイスズメ,0.0085382833333333,117
148,eurtre1,Certhia familiaris,キバシリ,0.0080797979166666,2160
149,japfly1,Terpsiphone atrocaudata,サンコウチョウ,0.0078318333333333,189
150,rubcra1,Zapornia fusca,ヒクイナ,0.0078152916666666,538
151,tunswa,Cygnus columbianus,コハクチョウ,0.0076870208333333,565
152,batgod,Limosa lapponica,オオソリハシシギ,0.0075065854166666,336
153,glagul,Larus hyperboreus,シロカモメ,0.0072663375,169
154,strher,Butorides striata,ササゴイ,0.0070035583333333,494
155,grybun,Emberiza variabilis,クロジ,0.0068895520833333,60
156,gysfly1,Muscicapa griseisticta,エゾビタキ,0.0068505270833333,50
157,rook1,Corvus frugilegus,ミヤマガラス,0.0066891854166666,1568
158,gwfgoo,Anser albifrons,マガン,0.0066756645833333,748
159,rudkin1,Halcyon coromanda,アカショウビン,0.00661733125,142
160,bbrwar1,Acrocephalus bistrigiceps,コヨシキリ,0.0065656583333333,272
161,jawpig1,Columba janthina,カラスバト,0.0065014145833333,63
162,salwar1,Phylloscopus borealoides,エゾムシクイ,0.0063455770833333,206
163,glwgul,Larus glaucescens,ワシカモメ,0.0062842895833333,108
164,bncrai1,Rallus indicus,クイナ,0.0062117916666666,110
165,scathr2,Zoothera aurea,トラツグミ,0.0060690479166666,157
166,lotsti,Calidris subminuta,ヒバリシギ,0.0058582333333333,61
167,whgpig1,Treron formosae,ズアカアオバト,0.0057294312499999,88
168,yetbun1,Emberiza elegans,ミヤマホオジロ,0.0055613916666666,122
169,comred1,Tringa totanus,アカアシシギ,0.0054450083333333,1904
170,comshe,Tadorna tadorna,ツクシガモ,0.0052701041666666,781
171,eurcur,Numenius arquata,ダイシャクシギ,0.0052407687499999,2345
172,eurspo1,Platalea leucorodia,ヘラサギ,0.00522870625,136
173,nutman,Lonchura punctulata,シマキンパラ,0.0051731124999999,241
174,norboo1,Ninox japonica,アオバズク,0.00513319375,104
175,sibrub,Calliope calliope,ノゴマ,0.005129575,525
176,brnboo,Sula leucogaster,カツオドリ,0.0051107354166666,64
177,bkfalb,Phoebastria nigripes,クロアシアホウドリ,0.0050854916666666,91
178,rengre,Podiceps grisegena,アカエリカイツブリ,0.0049350458333333,210
179,eaywag,Motacilla tschutschensis,ツメナガセキレイ,0.0048868520833333,323
180,whbwat1,Amaurornis phoenicurus,シロハラクイナ,0.00465036875,625
181,latsni1,Gallinago hardwickii,オオジシギ,0.00463344375,122
182,hoocra1,Grus monacha,ナベヅル,0.00456923125,64
183,japrob2,Larvivora akahige,コマドリ,0.0045305395833333,185
184,whncra1,Antigone vipio,マナヅル,0.0045034854166666,67
185,ryurob3,Larvivora namiyei,ホントウアカヒゲ,0.00449005,78
186,sibrob,Larvivora cyane,コルリ,0.0044116520833333,224
187,arcwar3,Phylloscopus xanthodryas,メボソムシクイ,0.0043320958333333,127
188,faecur,Numenius madagascariensis,ホウロクシギ,0.0042730145833333,121
189,okirai1,Hypotaenidia okinawae,ヤンバルクイナ,0.0042071416666666,102
190,norhar1,Circus cyaneus,ハイイロチュウヒ,0.0041289770833333,111
191,marsan,Tringa stagnatilis,コアオアシシギ,0.00405263125,134
192,banswa,Riparia riparia,ショウドウツバメ,0.0039276875,580
193,lotduc,Clangula hyemalis,コオリガモ,0.00390075,262
194,sakwar1,Locustella amnicola,エゾセンニュウ,0.0038421708333333,96
195,eyethr,Turdus obscurus,マミチャジナイ,0.0038327520833333,188
196,ryusco1,Otus elegans,リュウキュウコノハズク,0.0038120208333333,112
197,eurwry,Jynx torquilla,アリスイ,0.0037669541666666,1796
198,taibeg1,Anser fabalis,ヒシクイ,0.0036741979166666,115
199,uraowl1,Strix uralensis,フクロウ,0.0036502458333333,588
200,orihob2,Pernis ptilorhynchus,ハチクマ,0.00356234375,116
201,temsti,Calidris temminckii,オジロトウネン,0.0035136229166666,193
202,shtshe,Ardenna tenuirostris,ハシボソミズナギドリ,0.0033976291666666,78
203,gargan,Spatula querquedula,シマアジ,0.0032881354166666,265
204,whiter2,Chlidonias hybrida,クロハラアジサシ,0.0032714895833333,397
205,grsplo,Charadrius leschenaultii,オオメダイチドリ,0.00323905625,181
206,eurnut3,Nucifraga caryocatactes,ホシガラス,0.0031580020833333,893
207,okiwoo1,Dendrocopos noguchii,ノグチゲラ,0.00315291875,67
208,wetshe,Ardenna pacifica,オナガミズナギドリ,0.0031398708333333,178
209,japwax1,Bombycilla japonica,ヒレンジャク,0.0031095375,92
210,bklkit,Rissa tridactyla,ミツユビカモメ,0.0030568333333333,324
211,gyfwoo1,Picus canus,ヤマゲラ,0.0029632791666666,1450
212,lidjay1,Garrulus lidthi,ルリカケス,0.0029030083333333,74
213,cremyn,Acridotheres cristatellus,ハッカチョウ,0.0028498145833333,105
214,comter,Sterna hirundo,アジサシ,0.0028478083333333,1205
215,bktgod,Limosa limosa,オグロシギ,0.0028042104166666,760
216,layalb,Phoebastria immutabilis,コアホウドリ,0.0027602520833333,157
217,horgre,Podiceps auritus,ミミカイツブリ,0.0027085354166666,157
218,yelbit,Ixobrychus sinensis,ヨシゴイ,0.0025851229166666,249
219,shtsan,Calidris acuminata,ウズラシギ,0.0025826458333333,87
220,ancmur,Synthliboramphus antiquus,ウミスズメ,0.0025168166666666,60
221,arcwar2,Phylloscopus examinandus,オオムシクイ,0.002499,396
222,orimag1,Pica serica,カササギ,0.0024866979166666,173
223,izuthr1,Turdus celaenops,アカコッコ,0.0024678479166666,58
224,migwar,Locustella ochotensis,シマセンニュウ,0.0024580854166666,130
225,brnshr,Lanius cristatus,アカモズ,0.0023870854166666,243
226,lbbgul,Larus fuscus,ニシセグロカモメ,0.0023289416666666,412
227,ruff,Calidris pugnax,エリマキシギ,0.0023121249999999,53
228,retloo,Gavia stellata,アビ,0.0022597624999999,350
229,eurwoo,Scolopax rusticola,ヤマシギ,0.0022282395833333,1310
230,amewig,Mareca americana,アメリカヒドリ,0.00220166875,246
231,bonpet,Pterodroma hypoleuca,シロハラミズナギドリ,0.0021201729166666,50
232,ryurob2,Larvivora komadori,アカヒゲ,0.0021137020833333,108
233,blawoo1,Dryocopus martius,クマゲラ,0.0020842833333333,4798
234,mouhae1,Nisaetus nipalensis,クマタカ,0.0020641729166666,104
235,redcro,Loxia curvirostra,イスカ,0.0020538208333333,6517
236,eursta,Sturnus vulgaris,ホシムクドリ,0.0020146083333333,6937
237,spored,Tringa erythropus,ツルシギ,0.0019955854166666,514
238,renpha,Phalaropus lobatus,アカエリヒレアシシギ,0.0019681875,176
239,litbun,Emberiza pusilla,コホオアカ,0.0019404895833333,480
240,comcra,Grus grus,クロヅル,0.0019291145833333,2990
241,pacloo,Gavia pacifica,シロエリオオハム,0.0018880645833333,93
242,daujac1,Corvus dauuricus,コクマルガラス,0.0018735770833333,63
243,retpip,Anthus cervinus,ムネアカタヒバリ,0.0018600291666666,716
244,dasfly,Muscicapa sibirica,サメビタキ,0.0018480041666666,68
245,ijlwar1,Phylloscopus ijimae,イイジマムシクイ,0.0018336958333333,87
246,nohcuc1,Hierococcyx hyperythrus,ジュウイチ,0.0018185020833333,64
247,yelbun1,Emberiza sulphurata,ノジコ,0.0018072041666666,96
248,margra1,Locustella pryeri,オオセッカ,0.0017513104166666,146
249,brant,Branta bernicla,コクガン,0.00174574375,420
250,loeowl,Asio otus,トラフズク,0.0017258645833333,4730
251,blnter1,Sterna sumatrana,エリグロアジサシ,0.0017144729166666,92
252,merlin,Falco columbarius,コチョウゲンボウ,0.0017137395833333,958
253,sancra,Antigone canadensis,カナダヅル,0.0016963895833333,2116
254,rinphe1,Phasianus colchicus,タイリクキジ,0.00168155,1519
255,sooshe,Ardenna grisea,ハイイロミズナギドリ,0.0016614458333333,66
256,pomjae,Stercorarius pomarinus,トウゾクカモメ,0.0016467083333333,60
257,norful,Fulmarus glacialis,フルマカモメ,0.0016434624999999,106
258,yebwar3,Phylloscopus inornatus,キマユムシクイ,0.0016341,1247
259,redpol1,Acanthis flammea,ベニヒワ,0.0016235041666666,1132
260,redkno,Calidris canutus,コオバシギ,0.0015764875,283
261,refboo,Sula sula,アカアシカツオドリ,0.0015762770833333,179
262,ocrbun1,Emberiza yessoensis,コジュリン,0.0015533145833333,102
263,alpacc1,Prunella collaris,イワヒバリ,0.0015370916666666,249
264,arcloo,Gavia arctica,オオハム,0.0015340645833333,148
265,oripra,Glareola maldivarum,ツバメチドリ,0.0015029854166666,247
266,dusthr1,Turdus naumanni,ハチジョウツグミ,0.0014922729166666,57
267,eurhob,Falco subbuteo,チゴハヤブサ,0.0014895395833333,542
268,rocpta1,Lagopus muta,ライチョウ,0.0014692354166666,118
269,lobdow,Limnodromus scolopaceus,オオハシシギ,0.0014670333333333,147
270,crseag1,Spilornis cheela,カンムリワシ,0.0014272770833333,523
271,narfly3,Ficedula owstoni,リュウキュウキビタキ,0.0013951645833333,59
272,brbsan,Calidris falcinellus,キリアイ,0.0013720937499999,136
273,bohwax,Bombycilla garrulus,キレンジャク,0.0013708104166666,930
274,purher1,Ardea purpurea,ムラサキサギ,0.00136108125,521
275,piggui,Cepphus columba,ウミバト,0.00135525,261
276,rebfly,Ficedula parva,ニシオジロビタキ,0.0013344749999999,1536
277,cinbit1,Ixobrychus cinnamomeus,リュウキュウヨシゴイ,0.00131831875,133
278,duswar,Phylloscopus fuscatus,ムジセッカ,0.0012994229166666,800
279,commur,Uria aalge,ウミガラス,0.0012667375,155
280,cacgoo1,Branta hutchinsii,シジュウカラガン,0.0012470416666666,295
281,brnnod,Anous stolidus,クロアジサシ,0.0012009770833333,131
282,pieavo1,Recurvirostra avosetta,ソリハシセイタカシギ,0.0011851541666666,631
283,jasowl1,Otus semitorques,オオコノハズク,0.0011842708333333,79
284,mugfly,Ficedula mugimaki,ムギマキ,0.0011368270833333,127
285,chpher1,Ardeola bacchus,アカガシラサギ,0.0011238625,63
286,flfshe,Ardenna carneipes,アカアシミズナギドリ,0.0010847645833333,100
287,chptit1,Remiz consobrinus,ツリスガラ,0.0010838395833333,150
288,compea,Pavo cristatus,インドクジャク,0.0010562708333333,455
289,sibthr1,Geokichla sibirica,マミジロ,0.0010537166666666,71
290,ferduc,Aythya nyroca,メジロガモ,0.0010034125,57
291,lanwar,Locustella lanceolata,マキノセンニュウ,0.0009521541666666,203
292,sheowl,Asio flammeus,コミミズク,0.0009430625,419
293,grynig1,Caprimulgus jotaka,ヨタカ,0.0009097229166666,225
294,corplo,Charadrius hiaticula,ハジロコチドリ,0.0008630395833333,1194
295,whblau1,Pterorhinus sannio,カオジロガビチョウ,0.0008628916666666,132
296,dollar1,Eurystomus orientalis,ブッポウソウ,0.00086013125,192
297,grpsni1,Rostratula benghalensis,タマシギ,0.0008570520833333,227
298,lotjae,Stercorarius longicaudus,シロハラトウゾクカモメ,0.0008546354166666,113
299,lwfgoo,Anser erythropus,カリガネ,0.00084770625,51
300,plewar1,Locustella pleskei,ウチヤマセンニュウ,0.0008441791666666,93
301,emedov2,Chalcophaps indica,キンバト,0.0008430708333333,151
302,maslau1,Pterorhinus perspicillatus,カオグロガビチョウ,0.0008332416666666,209
303,snogoo,Anser caerulescens,ハクガン,0.0008208583333333,370
304,roster,Sterna dougallii,ベニアジサシ,0.0008034479166666,222
305,parjae,Stercorarius parasiticus,クロトウゾクカモメ,0.0007980541666666,168
306,yebbun1,Emberiza chrysophrys,キマユホオジロ,0.0007892875,149
307,lcspet,Hydrobates leucorhous,コシジロウミツバメ,0.0007835249999999,253
308,sibcra1,Leucogeranus leucogeranus,ソデグロヅル,0.0007815291666666,69
309,bkfbun1,Emberiza spodocephala,シベリアアオジ,0.0007786625,326
310,redpha1,Phalaropus fulicarius,ハイイロヒレアシシギ,0.00073330625,120
311,commyn,Acridotheres tristis,インドハッカ,0.0007247125,964
312,leaauk,Aethia pusilla,コウミスズメ,0.0007074583333333,62
313,hazgro1,Tetrastes bonasia,エゾライチョウ,0.0006892458333333,568
314,tribun1,Emberiza tristrami,シロハラホオジロ,0.0006596541666666,157
315,pingro,Pinicola enucleator,ギンザンマシコ,0.0006593833333333,576
316,grebit1,Botaurus stellaris,サンカノゴイ,0.0006412291666666,1606
317,hoopoe,Upupa epops,ヤツガシラ,0.0006309166666666,930
318,rolhaw,Buteo lagopus,ケアシノスリ,0.0006285104166666,114
319,litsti,Calidris minuta,ヨーロッパトウネン,0.0006111229166666,164
320,yebgro1,Eophona migratoria,コイカル,0.0005995124999999,216
321,sooter1,Onychoprion fuscatus,セグロアジサシ,0.00059555625,258
322,barbut1,Turnix suscitator,ミフウズラ,0.0005859020833333,229
323,rinduc,Aythya collaris,クビワキンクロ,0.0005835833333333,516
324,cursan,Calidris ferruginea,サルハマシギ,0.00055701875,200
325,manher1,Gorsachius melanolophus,ズグロミゾゴイ,0.0005527708333333,138
326,grcter1,Thalasseus bergii,オオアジサシ,0.0005460125,365
327,swagoo1,Anser cygnoid,サカツラガン,0.00054004375,64
328,whssta2,Sturnia sinensis,カラムクドリ,0.00053885625,67
329,leswoo1,Dryobates minor,コアカゲラ,0.0005347958333333,1391
330,rebsta1,Spodiopsar sericeus,ギンムクドリ,0.00052151875,131
331,ricpip1,Anthus richardi,マミジロタヒバリ,0.0005023833333333,569
332,pinbun,Emberiza leucocephalos,シラガホオジロ,0.00050179375,180
333,masboo,Sula dactylatra,アオツラカツオドリ,0.0004957791666666,90
334,blkswa,Cygnus atratus,コクチョウ,0.0004790583333333,253
335,goleag,Aquila chrysaetos,イヌワシ,0.0004766270833333,171
336,pecsan,Calidris melanotos,アメリカウズラシギ,0.0004584520833333,170
337,japqua,Coturnix japonica,ウズラ,0.0004487437499999,114
338,gybthr1,Turdus hortulorum,カラアカハラ,0.0004338979166666,181
339,snobun,Plectrophenax nivalis,ユキホオジロ,0.0004275874999999,580
340,caster1,Hydroprogne caspia,オニアジサシ,0.0004119479166666,590
341,swisni1,Gallinago megala,チュウジシギ,0.0004082458333333,126
342,whwter,Chlidonias leucopterus,ハジロクロハラアジサシ,0.0004069687499999,156
343,rettro,Phaethon rubricauda,アカオネッタイチョウ,0.0003962416666666,155
344,grfhaw1,Accipiter soloensis,アカハラダカ,0.000394575,63
345,y00478,Larus glaucoides,アイスランドカモメ,0.0003929645833333,128
346,laplon,Calcarius lapponicus,ツメナガホオジロ,0.0003842416666666,604
347,recpoc,Netta rufina,アカハシハジロ,0.0003802020833333,133
348,palbun,Emberiza pallasi,シベリアジュリン,0.0003747604166666,112
349,faipit1,Pitta nympha,ヤイロチョウ,0.0003698958333333,319
350,orsowl,Otus sunia,コノハズク,0.0003594208333333,314
351,sllcra1,Rallina eurizonoides,オオクイナ,0.0003544833333333,322
352,demcra1,Anthropoides virgo,アネハヅル,0.0003540208333333,91
353,arcwar1,Phylloscopus borealis,コムシクイ,0.0003527208333333,666
354,chemun,Lonchura atricapilla,キンパラ,0.0003380020833333,149
355,taifly1,Ficedula albicilla,オジロビタキ,0.0003276958333333,225
356,yebloo,Gavia adamsii,ハシジロアビ,0.0003200124999999,50
357,rutrob1,Larvivora sibilans,シマゴマ,0.0003199645833333,169
358,tigshr1,Lanius tigrinus,チゴモズ,0.0003143062499999,64
359,korfly1,Ficedula zanthopygia,マミジロキビタキ,0.0003129166666666,192
360,buffle,Bucephala albeola,ヒメハジロ,0.0003038020833333,294
361,phtjac1,Hydrophasianus chirurgus,レンカク,0.0002984749999999,266
362,yebbun,Emberiza aureola,シマアオジ,0.0002867041666666,115
363,canvas,Aythya valisineria,オオホシハジロ,0.0002829020833333,72
364,sibacc,Prunella montanella,ヤマヒバリ,0.0002772770833333,52
365,yebtit4,Pardaliparus venustulus,キバラガラ,0.0002726770833333,150
366,rudshe,Tadorna ferruginea,アカツクシガモ,0.0002701729166666,290
367,gubter2,Gelochelidon nilotica,ハシブトアジサシ,0.0002681395833333,307
368,radwar1,Phylloscopus schwarzi,カラフトムジセッカ,0.0002635645833333,199
369,palwar5,Phylloscopus proregulus,カラフトムシクイ,0.0002630875,385
370,norshr4,Lanius borealis,オオモズ,0.0002596958333333,138
371,wispet,Oceanites oceanicus,アシナガウミツバメ,0.0002580708333333,52
372,comros,Carpodacus erythrinus,アカマシコ,0.00025608125,1876
373,recdov1,Streptopelia tranquebarica,ベニバト,0.0002559375,278
374,briter1,Onychoprion anaethetus,マミジロアジサシ,0.0002241541666666,124
375,gstlar1,Calandrella brachydactyla,ヒメコウテンシ,0.0002160708333333,404
376,forwag1,Dendronanthus indicus,イワミセキレイ,0.0002155020833333,241
377,pitsni,Gallinago stenura,ハリオシギ,0.0002089791666666,189
378,eucdov,Streptopelia decaocto,シラコバト,0.0002015041666666,3083
379,citwag,Motacilla citreola,キガシラセキレイ,0.0001944729166666,445
380,lessca,Aythya affinis,コスズガモ,0.0001939875,99
381,budger,Melopsittacus undulatus,セキセイインコ,0.0001896916666666,145
382,greyel,Tringa melanoleuca,オオキアシシギ,0.0001894791666666,836
383,blnori1,Oriolus chinensis,コウライウグイス,0.0001856770833333,276
384,comchi1,Phylloscopus collybita,チフチャフ,0.0001742020833333,17878
385,wantat1,Tringa incana,メリケンキアシシギ,0.0001714875,182
386,leswhi4,Curruca curruca,コノドジロムシクイ,0.0001698895833333,16476
387,deswhe1,Oenanthe deserti,サバクヒタキ,0.00016689375,163
388,wessan,Calidris mauri,ヒメハマシギ,0.0001654979166666,502
389,rocsan,Calidris ptilocnemis,チシマシギ,0.0001614083333333,98
390,savspa,Passerculus sandwichensis,サバンナシトド,0.0001572541666666,1119
391,grefri,Fregata minor,オオグンカンドリ,0.0001561333333333,69
392,comrav,Corvus corax,ワタリガラス,0.000150925,9770
393,aleter1,Onychoprion aleuticus,コシジロアジサシ,0.00014605625,94
394,chibla1,Turdus mandarinus,クロウタドリ,0.0001427937499999,255
395,norwhe,Oenanthe oenanthe,ハシグロヒタキ,0.0001425604166666,758
396,baicra1,Zapornia pusilla,ヒメクイナ,0.0001410083333333,410
397,gocspa,Zonotrichia atricapilla,キガシラシトド,0.0001375083333333,470
398,horlar,Eremophila alpestris,ハマヒバリ,0.0001362458333333,773
399,lotshr1,Lanius schach,タカサゴモズ,0.0001324145833333,1324
400,pecpip,Anthus gustavi,セジロタヒバリ,0.0001284729166666,86
401,bladro1,Dicrurus macrocercus,オウチュウ,0.00012769375,329
402,fieldf,Turdus pilaris,ノハラツグミ,0.0001239979166666,2705
403,gragoo,Anser anser,ハイイロガン,0.00012268125,2063
404,trepip,Anthus trivialis,ヨーロッパビンズイ,0.0001160479166666,3609
405,amufal1,Falco amurensis,アカアシチョウゲンボウ,0.0001144166666666,83
406,whrmun,Lonchura striata,コシジロキンパラ,0.0001138875,431
407,asikoe2,Eudynamys scolopaceus,オニカッコウ,0.0001135604166666,1562
408,grseag1,Clanga clanga,カラフトワシ,0.0001118166666666,91
409,whinch1,Saxicola rubetra,マミジロノビタキ,0.0001103333333333,956
410,sursco,Melanitta perspicillata,アラナミキンクロ,0.0001097083333333,112
411,whttro,Phaethon lepturus,シラオネッタイチョウ,0.0001030854166666,90
412,redwin,Turdus iliacus,ワキアカツグミ,9.372083333333336e-05,3921
413,gbhgul2,Ichthyaetus ichthyaetus,オオズグロカモメ,9.3425e-05,88
414,cfweye1,Zosterops erythropleurus,チョウセンメジロ,9.12125e-05,159
415,whwcro,Loxia leucoptera,ナキイスカ,8.857083333333334e-05,613
416,waterc1,Gallicrex cinerea,ツルクイナ,8.680416666666668e-05,357
417,gloibi,Plegadis falcinellus,ブロンズトキ,8.513333333333332e-05,215
418,manbuw1,Horornis canturians,チョウセンウグイス,8.235833333333335e-05,215
419,colkin1,Todiramphus chloris,ナンヨウショウビン,7.958125e-05,282
420,blueth,Luscinia svecica,オガワコマドリ,7.880625e-05,2122
421,jacsni,Lymnocryptes minimus,コシギ,7.646250000000001e-05,136
422,lesyel,Tringa flavipes,コキアシシギ,7.435833333333334e-05,427
423,sonthr1,Turdus philomelos,ウタツグミ,7.407916666666665e-05,9381
424,comyel,Geothlypis trichas,カオグロアメリカムシクイ,7.398125e-05,4383
425,blhbun1,Emberiza melanocephala,ズグロチャキンチョウ,7.318541666666668e-05,227
426,woowar,Phylloscopus sibilatrix,モリムシクイ,7.123333333333333e-05,2992
427,blrwar1,Acrocephalus dumetorum,ヤブヨシキリ,6.970833333333334e-05,3576
428,blabit1,Ixobrychus flavicollis,タカサゴクロサギ,6.958125e-05,71
429,whrsan,Calidris fuscicollis,コシジロウズラシギ,6.385208333333333e-05,385
430,laugul,Leucophaeus atricilla,ワライカモメ,6.346041666666667e-05,343
431,isawhe1,Oenanthe isabellina,イナバヒタキ,6.25e-05,193
432,brtcur,Numenius tahitiensis,ハリモモチュウシャク,6.25e-05,150
433,pllwar1,Phylloscopus tenellipes,アムールムシクイ,5.626041666666666e-05,289
434,eurrob1,Erithacus rubecula,ヨーロッパコマドリ,5.439375e-05,17999
435,ashdro1,Dicrurus leucophaeus,ハイイロオウチュウ,5.424791666666667e-05,238
436,blypip1,Anthus godlewskii,コマミジロタヒバリ,5.377708333333333e-05,256
437,pagwar1,Locustella certhiola,シベリアセンニュウ,5.337708333333334e-05,243
438,blknod,Anous minutus,ヒメクロアジサシ,5.271250000000001e-05,105
439,wlwwar,Phylloscopus trochilus,キタヤナギムシクイ,5.21125e-05,7794
440,rehbun1,Emberiza bruniceps,チャキンチョウ,5.08125e-05,181
441,lstlar2,Alaudala cheleensis,コヒバリ,5.0641666666666667e-05,119
442,boowar1,Iduna caligata,ヒメウタイムシクイ,5.034375e-05,320
443,eugplo,Pluvialis apricaria,ヨーロッパムナグロ,4.959166666666667e-05,1455
444,piewhe1,Oenanthe pleschanka,セグロサバクヒタキ,4.926041666666667e-05,140
445,leater1,Sternula antillarum,アメリカコアジサシ,4.747708333333333e-05,191
446,litgul,Hydrocoloeus minutus,ヒメカモメ,4.666041666666666e-05,162
447,redava,Amandava amandava,ベニスズメ,4.320833333333333e-05,802
448,wtrthr1,Monticola gularis,ヒメイソヒヨ,4.30375e-05,66
449,misthr1,Turdus viscivorus,ヤドリギツグミ,4.217916666666667e-05,2622
450,indcuc1,Cuculus micropterus,セグロカッコウ,4.195208333333333e-05,397
451,blkter,Chlidonias niger,ハシグロクロハラアジサシ,4.188125e-05,383
452,truswa,Cygnus buccinator,ナキハクチョウ,3.923125e-05,412
453,eupfly1,Ficedula hypoleuca,マダラヒタキ,3.798125e-05,2427
454,rbbmag,Urocissa erythroryncha,サンジャク,3.673125e-05,238
455,rebshr1,Lanius collurio,セアカモズ,3.635833333333333e-05,1107
456,bnhgul1,Chroicocephalus brunnicephalus,チャガシラカモメ,3.572916666666666e-05,68
457,bearee1,Panurus biarmicus,ヒゲガラ,3.4860416666666666e-05,568
458,blckin1,Halcyon pileata,ヤマショウビン,3.473958333333333e-05,98
459,slbgul1,Chroicocephalus genei,ハシボソカモメ,3.3904166666666666e-05,215
460,cangoo,Branta canadensis,カナダガン,3.374166666666667e-05,3989
461,chilew1,Phylloscopus yunnanensis,シセンムシクイ,3.125e-05,122
462,sedwar1,Acrocephalus schoenobaenus,スゲヨシキリ,3.125e-05,3099
463,ettwoo1,Picoides tridactylus,ミユビゲラ,3.125e-05,477
464,manrew1,Acrocephalus tangorum,マンシュウイナダヨシキリ,3.125e-05,125
465,eueowl1,Bubo bubo,ワシミミズク,3.125e-05,9958
466,trimun,Lonchura malacca,ギンパラ,3.125e-05,162
467,norhar2,Circus hudsonius,アメリカハイイロチュウヒ,3.125e-05,754
468,verfly4,Eumyias thalassinus,ロクショウヒタキ,2.7350000000000004e-05,105
469,datthr1,Turdus atrogularis,ノドグロツグミ,2.4479166666666668e-05,141
470,whcspa,Zonotrichia leucophrys,ミヤマシトド,2.063541666666667e-05,2307
471,stisan,Calidris himantopus,アシナガシギ,1.9322916666666668e-05,195
472,sabgul,Xema sabini,クビワカモメ,1.81625e-05,74
473,whvmyn,Acridotheres javanicus,ジャワハッカ,1.674375e-05,292
474,spofly1,Muscicapa striata,ムナフヒタキ,1.55125e-05,2454
475,rossta2,Pastor roseus,バライロムクドリ,1.4816666666666663e-05,125
476,eaywag1,Motacilla flava,ニシツメナガセキレイ,1.4447916666666666e-05,3072
477,meapip1,Anthus pratensis,マキバタヒバリ,1.4108333333333332e-05,1883
478,semplo,Charadrius semipalmatus,ミズカキチドリ,1.2772916666666666e-05,221
479,arcter,Sterna paradisaea,キョクアジサシ,1.2666666666666668e-05,493
480,chwcuc1,Clamator coromandus,カンムリカッコウ,9.641666666666666e-06,111
481,baisan,Calidris bairdii,ヒメウズラシギ,8.8375e-06,115
482,blared1,Phoenicurus ochruros,クロジョウビタキ,8.799999999999999e-06,3426
483,javspa,Padda oryzivora,ブンチョウ,7.764583333333333e-06,285
484,bkwcus1,Lalage melaschistos,アサクラサンショウクイ,7.495833333333334e-06,208
485,grybus1,Saxicola ferreus,ヤマザキヒタキ,6.308333333333333e-06,359
486,ferfly1,Muscicapa ferruginea,ミヤマヒタキ,6.120833333333333e-06,141
487,yerwar,Setophaga coronata,キヅタアメリカムシクイ,6.068749999999999e-06,2350
488,bimlar1,Melanocorypha bimaculata,クビワコウテンシ,6.0500000000000005e-06,111
489,borowl,Aegolius funereus,キンメフクロウ,5.839583333333333e-06,977
490,baleag,Haliaeetus leucocephalus,ハクトウワシ,4.414583333333333e-06,734
491,eurdot,Eudromias morinellus,コバシチドリ,4.241666666666667e-06,86
492,comred2,Phoenicurus phoenicurus,シロビタイジョウビタキ,3.3604166666666663e-06,3750
493,lewduc1,Dendrocygna javanica,リュウキュウガモ,2.920833333333333e-06,94
494,monlar1,Melanocorypha mongolica,コウテンシ,2.920833333333333e-06,51
495,fragul,Leucophaeus pipixcan,アメリカズグロカモメ,2.9145833333333337e-06,173
496,shbdow,Limnodromus griseus,アメリカオオハシシギ,2.802083333333333e-06,119
497,norbob,Colinus virginianus,コリンウズラ,2.6812500000000004e-06,1190
498,hacdro1,Dicrurus hottentottus,カンムリオウチュウ,2.4916666666666664e-06,181
499,grewar2,Phylloscopus plumbeitarsus,ヤナギムシクイ,2.345833333333333e-06,339
500,copgoo1,Nettapus coromandelianus,ナンキンオシ,2.345833333333333e-06,81
501,bkrwax,Estrilda troglodytes,カエデチョウ,0.0,63
502,wilpha,Phalaropus tricolor,アメリカヒレアシシギ,0.0,178
503,houspa,Passer domesticus,イエスズメ,0.0,11701
504,hoomer,Lophodytes cucullatus,オウギアイサ,0.0,606
505,hudgod,Limosa haemastica,アメリカオグロシギ,0.0,176
506,piebus1,Saxicola caprata,クロノビタキ,0.0,159
507,placuc1,Cacomantis merulinus,ヒメカッコウ,0.0,416
508,pifshe,Ardenna creatopus,シロハラアカアシミズナギドリ,0.0,73
509,plured1,Phoenicurus fuliginosus,カワビタキ,0.0,331
510,rabeat1,Merops ornatus,ハチクイ,0.0,139
511,palsan1,Syrrhaptes paradoxus,サケイ,0.0,76
512,piesti1,Himantopus leucocephalus,オーストラリアセイタカシギ,0.0,78
513,ortbun1,Emberiza hortulana,ズアオホオジロ,0.0,1999
514,larhac2,Hierococcyx sparverioides,オオジュウイチ,0.0,344
515,lescou1,Centropus bengalensis,バンケン,0.0,137
516,lesmaw1,Ploceus intermedius,メンハタオリドリ,0.0,79
517,leskes1,Falco naumanni,ヒメチョウゲンボウ,0.0,202
518,litbus1,Tetrax tetrax,ヒメノガン,0.0,112
519,orhthr1,Geokichla citrina,オレンジジツグミ,0.0,894
520,lecter2,Thalasseus bengalensis,ベンガルアジサシ,0.0,107
521,monpar,Myiopsitta monachus,オキナインコ,0.0,972
522,lotkoe1,Urodynamis taitensis,キジカッコウ,0.0,184
523,orcwax,Estrilda melpoda,ホオアカカエデチョウ,0.0,140
524,babcra1,Zapornia paykullii,コウライクイナ,0.0,59
525,bahgoo,Anser indicus,インドガン,0.0,79
526,azutit2,Cyanistes cyanus,ルリガラ,0.0,146
527,bknsti,Himantopus mexicanus,クロエリセイタカシギ,0.0,306
528,bkbkin1,Ceyx erithaca,ミツユビカワセミ,0.0,73
529,banmyn1,Acridotheres ginginianus,ハイイロハッカ,0.0,86
530,bcfdov1,Ptilinopus leclancheri,クロアゴヒメアオバト,0.0,87
531,whiter,Gygis alba,シロアジサシ,0.0,55
532,whiauk,Aethia pygmaea,シラヒゲウミスズメ,0.0,110
533,rebpar4,Psittacula alexandri,ダルマインコ,0.0,138
534,redhea,Aythya americana,アメリカホシハジロ,0.0,192
535,buwtea,Spatula discors,ミカヅキシマアジ,0.0,139
536,btbeat1,Merops philippinus,ルリオハチクイ,0.0,124
537,corcra,Crex crex,ウズラクイナ,0.0,2397
538,comcha,Fringilla coelebs,ズアオアトリ,0.0,17664
539,comloo,Gavia immer,ハシグロアビ,0.0,1118
540,rubwoo1,Dendrocopos hyperythrus,チャバラアカゲラ,0.0,108
541,rtrthr1,Monticola saxatilis,コシジロイソヒヨドリ,0.0,138
542,scathr8,Zoothera dauma,ミナミトラツグミ,0.0,53
543,runher1,Nycticorax caledonicus,ハシブトゴイ,0.0,68
544,eurjac,Corvus monedula,ニシコクマルガラス,0.0,2854
545,rospip1,Anthus roseatus,ウスベニタヒバリ,0.0,111
546,reccar,Paroaria coronata,コウカンチョウ,0.0,180
547,gyhbun1,Emberiza buchanani,イワバホオジロ,0.0,132
548,gycthr,Catharus minimus,ハイイロチャツグミ,0.0,261
549,formag1,Urocissa caerulea,ヤマムスメ,0.0,106
550,foxspa,Passerella iliaca,ゴマフスズメ,0.0,1040
551,redbis,Euplectes orix,オオキンランチョウ,0.0,152
552,sonspa,Melospiza melodia,ウタスズメ,0.0,2487
553,blnmon1,Hypothymis azurea,クロエリヒタキ,0.0,524
554,stodov1,Columba oenas,ヒメモリバト,0.0,626
555,slbrai1,Lewinia striata,ミナミクイナ,0.0,259
556,snoowl1,Bubo scandiacus,シロフクロウ,0.0,66
557,sposan,Actitis macularius,アメリカイソシギ,0.0,584
558,bongul,Chroicocephalus philadelphia,ボナパルトカモメ,0.0,129
559,taibap1,Bambusicola sonorivox,テッケイ,0.0,109
560,thbwar1,Arundinax aedon,ハシブトオオヨシキリ,0.0,207
561,whbcra1,Poliolimnas cinereus,マミジロクイナ,0.0,260
562,wehpit1,Pitta sordida,ズグロヤイロチョウ,0.0,210
563,whbwoo4,Artamus leucorynchus,モリツバメ,0.0,275
564,whbwoo2,Dryocopus javensis,キタタキ,0.0,171
565,yellow2,Emberiza citrinella,キアオジ,0.0,5409
566,alepar2,Psittacula eupatria,オオホンセイインコ,0.0,303
